WWT_WORD,WWT_MEANING,AI_CLASSIFICATION,AI_COMMENT,WWT PRIORITY,AoAtestbased_Brysbaert_&_Biemiller_2017,LWV Grade Level_original,LWV Pct Correct
eve,the time just before,V1,"Verbally/institutionally defined time concept; requires social agreement and symbolic systems (e.g., calendars, events).",D,4,4,0.67
stage,a self-propelled section of a rocket,V1,Verbally/institutionally defined entity; cannot be recognized without technical knowledge of rocket design and conventions.,D,4,4,0.67
annual,yearly,V1,"Time system (yearly); depends on verbal/conventional units, per V1 core test.",D,4,4,0.67
panel,a group of people who discuss an issue before an audience,V1,"Verbally/institutionally defined entity; depends on social convention and roles, not direct perception alone.",D,4,4,0.67
warden,the head of a penitentiary,V1,Institutionally defined role; depends on social agreement and law.,D,4,4,0.67
article,a separate clause or section in a formal document,V1,Verbally/institutionally defined entity; depends on language and formal document conventions.,D,10,4,0.67
arm,a branch or division of something,V1,Verbally/institutionally defined entity; metaphorical or organizational extension not directly perceptible without language or convention.,D,6,4,0.67
break,a stroke of luck,V1,Abstract concept/state depending on language and social agreement; not directly perceptible.,D,8,4,0.67
colony,a place ruled by another country,V1,"Verbally/institutionally defined entity; depends on concepts of countries, rule, and social/political agreement (V1 core test).",D,6,4,0.67
command,a mastery of a subject,V1,"Abstract state depending on language, convention, and social agreement (V1 core test).",D,10,4,0.67
range,the greatest distance a vehicle can go without refueling,V1,"Verbally defined entity/concept relying on measurement units (distance) and technical conventions; core test: requires language/symbols, not direct perception.",D,2,4,0.67
register,a formal or official record or list,V1,Verbally/institutionally defined entity; depends on formal rules and social agreement.,D,6,4,0.67
sphinx,a mysterious person or thing given to strange utterances,V1,Verbally/institutionally defined entity/concept; depends on language and cultural convention for recognition.,D,4,4,0.67
sterling,the best of its kind; excellent,V1,Abstract quality/state depending on language and social agreement; not directly perceptible.,D,8,4,0.67
bushel,a thirty-two-quart container,V1,Unit/container defined by formal measurement system (quarts); not recognizable without symbolic units.,D,6,4,0.68
re,a note in music; the second tone of a scale,V1,Verbally/institutionally defined entity requiring musical scale conventions and symbols.,D,4,4,0.68
werewolf,an imaginary creature that is part human and part wolf,V1,Verbally-defined entity depending on language and cultural convention; not recognizable by direct perception alone.,D,4,4,0.68
dead,out of play,V1,"State defined by game rules; requires formal rules, not direct perception.",D,4,4,0.68
appeal,charm; attractiveness; interest,V1,Abstract quality/state depending on language and cultural concepts; not directly perceptible basic physical property (V1 core test).,D,6,4,0.68
peasant,"in some cultures, a worker who farms a small plot of land",V1,"Culturally defined social role; depends on language, convention, and institutions (Core test: Would not exist without social agreement).",D,4,4,0.68
picket,a person on strike who publicly protests something,V1,Verbally/institutionally defined role; requires knowledge of strikes and labor conventions (V1 core test).,D,4,4,0.68
appeal,a request,V1,"Verbally defined entity; depends on language and social agreement, not direct perception.",D,4,4,0.68
astronomy,"the science of stars, planets, and other heavenly bodies",V1,"Verbally/institutionally defined entity (scientific field); depends on language, conventions, and formal categories.",D,4,4,0.68
bushel,"a measure of grain, etc.",V1,Unit of measurement; depends on language/convention (V1 core test).,D,4,4,0.68
club,a symbol on a suit of playing cards,V1,"Verbally/institutionally defined entity; depends on conventional rules/symbols of playing card suits, not direct perception alone.",D,6,4,0.68
literature,writings considered to have artistic value,V1,"Concept depends on language, cultural convention, and social agreement on artistic value.",D,4,4,0.68
match,a person who is one’s equal in competition,V1,Role defined by social agreement and competition rules; not directly perceptible without symbolic systems.,D,4,4,0.68
orbit,"a range of influence, activity, or knowledge",V1,Abstract concept/state depending on language and social agreement; core V1 test: not understandable by direct perception alone.,D,6,4,0.68
Oscar,an award given by the film industry,V1,Institutionally defined entity; requires knowledge of film industry conventions and social agreement.,D,4,4,0.68
savage,one who is not civilized,V1,Social category/role defined by cultural conventions and language; core V1 test: depends on social agreement.,D,4,4,0.68
sentence,a punishment set by a judge or court,V1,"Institutionally defined entity depending on law, courts, and social agreement (V1 core test).",D,4,4,0.68
stamp,an official mark or seal,V1,Official mark requires institutional convention and social agreement; core V1 test.,D,4,4,0.68
superstitious,having ideas that are not based on reason or knowledge,V1,Abstract state depending on language and concepts of reason/knowledge.,D,4,4,0.68
title,a document showing ownership,V1,Institutionally defined entity depending on law and social agreement for ownership concept.,D,6,4,0.68
title,the right to a property,V1,Verbally/institutionally defined entity; depends on law and social agreement (V1 core test).,D,4,4,0.68
cable,(abbrev. for cablegram); message sent by underwater cable,V1,"Verbally/institutionally defined entity; requires knowledge of telegraphy conventions and technology, not direct perception.",D,4,4,0.68
caffeine,"a substance in coffee, tea, and some soft drinks",V1,Cannot be understood/recognized by direct perception alone; depends on scientific language and chemical identification (Core test for V1).,D,4,4,0.69
guard,football lineman playing between the center and tackle,V1,Institutionally defined role; requires knowledge of football rules and positions (V1 core test).,D,2,4,0.69
skipper,a ship captain,V1,Institutionally defined role; depends on social agreement and conventions (V1 core test).,D,4,4,0.69
guard,a defense or protection,V1,Abstract concept/state depending on language/convention; core test: would not exist without verbal categories.,D,6,4,0.69
passage,a piece of writing within a larger writing,V1,Verbally-defined entity; depends on language and writing conventions (V1 core test).,D,10,4,0.69
tea,an afternoon social gathering when tea is served,V1,Verbally/institutionally defined entity; depends on social convention and cultural agreement (V1 core test).,D,4,4,0.69
court,the people who surround a king or queen,V1,Verbally/institutionally defined entity (group defined by relation to monarch role/institution); core test: depends on social agreement/institutions.,D,8,4,0.69
road,a means of reaching; a goal,V1,Abstract concept depending on language and conceptual categories; not directly perceptible (V1 core test).,D,6,4,0.69
center,football player who snaps the ball to the quarterback,V1,Role in institutionally defined game (football); requires rules/social agreement (V1 core test).,D,2,4,0.7
jamboree,a Boy Scout rally,V1,Depends on institution (Boy Scouts) and social convention; not recognizable without symbolic systems.,D,4,4,0.7
instrument,a means other than oneself,V1,"Abstract concept/state depending on language, not direct perception; V1 core test.",D,10,4,0.7
chaplain,a military clergyman,V1,"Institutionally defined role; depends on language, social agreement, and military/church institutions.",D,4,4,0.7
major,an army officer,V1,Institutionally defined role (army officer rank); requires social agreement and formal military structure.,D,4,4,0.7
watch,a guard,V1,Role defined by social agreement/institution; core test: depends on language/convention.,D,4,4,0.7
stem,the main part of a word to which affixes are added,V1,Verbally-defined linguistic concept requiring knowledge of language rules and morphology.,D,4,4,0.7
suggestion,something is brought to mind by association,V1,Abstract mental concept/state dependent on verbal description of association; core test: requires language for the concept.,D,4,4,0.7
income,money taken in,V1,"Concept depends on language, economic institutions, and social agreement (money systems).",D,4,4,0.7
out,an excuse,V1,Abstract concept depending on language and social convention; core test: does not exist without verbal/social agreement.,D,8,4,0.7
sly,able to deceive or trick,V1,Abstract state/concept depending on language and social conventions of deception; core test: requires symbolic understanding of intent and trickery.,D,4,4,0.7
throne,royal power or authority,V1,"Abstract institutional concept/state depending on language, law, and social agreement (V1 core test).",D,8,4,0.7
sitting,a session for a specific purpose,V1,Institutionally defined entity/state relying on social agreement and rules (V1 core test).,D,4,4,0.71
will,a legal document telling who inherits,V1,Legally/institutionally defined entity; requires law and social agreement (Tie-Break 5).,D,2,4,0.71
instant,the present moment,V1,Concept of time unit/state depends on language and abstract categories; core V1 test: would not exist without verbal/symbolic systems.,D,10,4,0.71
note,a piece of paper money,V1,"Institutionally defined entity (currency unit); requires social agreement, law, and symbols per V1 core test.",D,10,4,0.72
home,an institution to care for specific groups of people,V1,Defined as an institution; depends on social agreement/law (V1 core test).,D,2,4,0.72
side,a line of descent within a family,V1,"Abstract kinship concept depending on language, social agreement, and conventions (V1 core test).",D,2,4,0.72
side,one of two teams or other groups,V1,Verbally/institutionally defined entity; requires social agreement and convention (V1 core test).,D,4,4,0.72
chart,a diagram supplying information,V1,"Depends on language, symbols, and convention to interpret as a diagram supplying information; not directly perceptible without symbolic systems.",D,4,4,0.72
run,the freedom to move about or use,V1,Abstract concept/state of freedom depending on language/social agreement (V1 core test).,D,2,4,0.72
state,a nation,V1,"Entity defined by language, law, institutions, and social agreement; core V1 test.",D,4,4,0.72
state,a nation,V1,"Verbally/institutionally defined entity; depends on language, law, and social agreement.",D,4,4,0.72
territory,a salesperson’s district,V1,Institutionally defined entity/role-based area; requires social agreement and professional conventions.,D,6,4,0.72
peso,a unit of money,V1,Verbally/institutionally defined unit (like dollar); depends on social agreement and symbols.,D,4,4,0.72
stub,the part of a ticket kept as evidence of payment,V1,Verbally/institutionally defined entity; depends on convention of tickets and payment evidence (V1 core test).,D,6,4,0.73
thumb,a signal requesting a ride,V1,Depends on social convention/symbolic system; not recognizable without cultural agreement (V1 core test).,D,6,4,0.73
backward,underdeveloped; behind in growth,V1,Abstract state depending on verbal/conceptual norms of development; core test: requires social/scientific agreement on growth standards.,D,4,4,0.73
bum,a person who is lazy or worthless; a tramp,V1,Social role defined by convention and evaluative judgment; requires language/social agreement (V1 core test).,D,4,4,0.73
hand,a member of a ship’s crew,V1,Verbally/institutionally defined role; requires nautical convention and social agreement.,D,4,4,0.73
review,a general survey,V1,"Verbally-defined concept; depends on language/convention, not direct perception (V1 core test).",D,10,4,0.73
hand,a promise or pledge of marriage,V1,"Verbally/institutionally defined entity; depends on language, social agreement, and institutions (e.g., marriage pledge).",D,6,4,0.73
nugget,anything small but useful or valuable,V1,"Abstract category depending on language and social agreement of ""useful/ valuable""; not directly perceptible.",D,6,4,0.73
reason,common sense; clear logic,V1,Abstract concept/state depending on language and symbolic reasoning; core V1 test: requires verbal/cultural agreement.,D,4,4,0.73
germ,the mere seed or beginning of something,V1,"Abstract concept (beginning/origin); cannot be recognized by direct perception alone, depends on language.",D,8,4,0.73
queen,a playing-card figure,V1,Depends on symbolic conventions and rules of playing cards; not recognizable without cultural agreement.,D,4,4,0.74
jockey,a race-horse driver,V1,"Institutionally defined role (e.g., like doctor); depends on social convention of horse racing.",D,4,4,0.74
regular,happening at set times,V1,"Depends on time systems and convention; core V1 test: requires symbolic measurement units, not direct perception.",D,8,4,0.74
huddle,a team grouping for signals,V1,"Verbally/institutionally defined entity; requires social agreement and sports conventions (team, signals).",D,4,4,0.74
up,at bat,V1,State/role defined by game rules/institutions; not recognizable without formal baseball conventions.,D,4,4,0.74
rummy,a card game,V1,Socially/institutionally defined entity (game) depending on rules and conventions; V1 core test.,D,4,4,0.74
test,a trial or ordeal,V1,"Verbally defined abstract concept/event; depends on language/convention, not direct perception alone.",D,10,4,0.74
walk,being on first base by having been pitched four balls,V1,Institutionally defined state requiring game rules and conventions (V1 core test).,D,6,4,0.74
mind,the part of the body where thought takes place,V1,Concept depends on language/abstract categories; not directly perceptible (V1 core test).,D,2,4,0.74
pattern,an ideal model,V1,Abstract concept/state depending on language/convention; core V1 test: does not exist without symbolic agreement.,D,4,4,0.74
club,a building used by an organization,V1,"Institutionally defined entity; requires social agreement on ""organization"" (V1 core test).",D,4,4,0.75
infield,a part of a baseball field,V1,Verbally/institutionally defined entity depending on game rules (baseball); core test: concept requires social agreement/institution.,D,4,4,0.75
ninepins,a bowling game,V1,"Verbally/institutionally defined entity; depends on social conventions and rules, not direct perception alone.",D,4,4,0.75
oath,a solemn promise,V1,Verbally/institutionally defined entity; depends on language and social agreement (V1 core test).,D,4,4,0.75
study,an investigation or report,V1,"Abstract entity depending on language, convention, and formal procedures; core V1 test.",D,8,4,0.75
loss,the amount missing,V1,Abstract quantity/state depending on verbal comparison/measurement; not directly perceptible without conceptual rules (V1 core test).,D,4,4,0.75
spell,a period of time,V1,"Verbally/institutionally defined entity (time period); depends on language/convention, not direct perception.",D,6,4,0.75
widow,a woman whose husband is dead,V1,Verbally/institutionally defined role/state; depends on marriage institution and social agreement (V1 core test).,D,4,4,0.75
tardy,late,V1,"Verbally/institutionally defined state; depends on social conventions for time/schedules, not direct perception.",D,4,4,0.75
polo,a game from India played by two teams on horseback,V1,"Verbally/institutionally defined entity; requires social agreement and rules, not direct perception alone.",D,4,4,0.76
clerk,a person who keeps records,V1,Institutionally defined role depending on social agreement (V1 core test).,D,6,4,0.76
clerk,a salesperson,V1,Verbally/institutionally defined role; depends on social agreement/institutions (V1 core test).,D,4,4,0.76
maid,a female servant,V1,Role defined by social agreement and convention; not directly perceptible without language/institutions.,D,4,4,0.76
second,a person who aids or supports in a duel,V1,Verbally/institutionally defined role; requires knowledge of dueling rules/conventions.,D,2,4,0.76
tailor,a person who makes clothes,V1,Role (person who makes clothes) defined by social convention and profession; depends on language/institutions (V1 core test).,D,4,4,0.76
makeup,"one’s physical, mental, or moral nature",V1,"Abstract state/concept depending on language and abstract categories (physical, mental, moral nature); core V1 test: requires verbal/conventional definition.",D,4,4,0.76
crash,"a sudden failure, as of a business",V1,"Verbally/institutionally defined entity/state; relies on business/economic conventions, not direct perception.",D,2,4,0.76
measure,the part of a musical staff between two bars,V1,"Verbally/institutionally defined entity/unit in musical notation; requires symbolic system/convention, not direct perception.",D,2,4,0.77
scout,one sent to look ahead,V1,"Role (""one sent"") depending on social agreement/instructions, not direct perception alone.",D,4,4,0.77
miller,a person who owns or operates a mill for grinding grain,V1,Socially defined occupational role; depends on language and convention for the concept.,D,4,4,0.77
rod,a unit measure of length,V1,Unit of measurement; verbally/institutionally defined entity (V1 core test: depends on language/convention).,D,6,4,0.77
floor,the right to speak during a meeting,V1,Verbally/institutionally defined concept/state depending on social conventions and rules of meetings.,D,8,4,0.77
good,real; valid; not false,V1,"Verbally-defined state; depends on language/convention for truth/validity, not direct perception.",D,2,4,0.77
seal,an official stamp to represent a person or government,V1,"Institutionally defined entity depending on government, symbols, and social agreement (V1 core test).",D,2,4,0.77
spirit,the leading personality trait,V1,"Abstract concept/state depending on language/categories; core test: requires verbal definition, not direct perception.",D,8,4,0.77
cobbler,a person who makes or mends shoes,V1,Verbally/institutionally defined role (person with specific profession).,D,4,4,0.78
pioneer,one who goes before; a leader,V1,Role (leader) depending on social agreement/language; V1 core test.,D,4,4,0.78
date,a social engagement between two persons,V1,Socially defined entity depending on convention and language; fails P1 core test.,D,2,4,0.78
glory,fame or honor,V1,"Abstract social state depending on language, convention, and social agreement (V1 core test).",D,4,4,0.78
private,a soldier of the lowest rank,V1,Institutionally defined role in military hierarchy; depends on formal rules and social agreement (V1 core test).,D,4,4,0.78
reverse,an upset or setback,V1,Abstract concept/state depending on language and conceptual categories; core test: requires social/conceptual agreement.,D,8,4,0.78
trick,a term used in a card game called bridge,V1,Verbally/institutionally defined entity; requires game rules and conventions (V1 core test).,D,2,4,0.78
slug,a rounded metal piece used in place of a coin,V1,Dependence on institutional currency conventions (coin substitute); V1 core test.,D,6,4,0.79
jack,a playing card,V1,Defined by card game conventions and symbolic system; V1 core test: depends on language/social agreement.,D,4,4,0.79
merchant,a person who buys and sells goods,V1,Role defined by social/economic institution; requires convention (V1 core test).,D,4,4,0.79
alphabet,a series of letters or characters used to write a language,V1,Verbally/institutionally defined entity; depends on language and symbolic conventions (V1 core test).,D,2,4,0.79
exchange,an office for trading,V1,Institutionally defined entity (office) depending on social/economic conventions; core test: requires language and agreement.,D,10,4,0.79
capital,a seat of government,V1,"Verbally/institutionally defined entity; requires social agreement, law, and institutions (Core test: depends on formal rules/institutions).",D,4,4,0.79
spiritual,a religious folksong or hymn,V1,"Culturally defined musical genre; depends on language, religion, and social convention (V1 core test).",D,8,4,0.79
case,a grammar term,V1,Verbally/institutionally defined entity; linguistic concept requiring language conventions (V1 core test).,D,8,4,0.8
object,a noun or pronoun that receives the action of the verb,V1,"Verbally-defined grammatical concept; requires language conventions and rules, not direct perception.",D,2,4,0.8
card,an amusing or witty person,V1,"Verbally/conventionally defined social role or type of person; requires language/cultural agreement to recognize as ""amusing or witty"".",D,10,4,0.8
motion,a proposed action,V1,"Concept depends on language, convention, and institutional rules; would not exist without social agreement.",D,6,4,0.8
case,the statement of an argument for and against,V1,Verbally/institutionally defined entity; depends on language and formal argumentative conventions (V1 core test).,D,6,4,0.8
queen,something honored as the first or best,V1,"Entities existing mainly because of language, social agreement, or abstract categories (honored as first/best).",D,10,4,0.8
catch,a hidden condition; a trick or a trap,V1,Abstract concept depending on language and social convention; not directly perceptible.,D,2,4,0.8
hole,a cup sunk into each green on a golf course,V1,Concept depends on institutional rules of golf; not recognizable without social convention/game knowledge.,D,2,4,0.81
blind,without judgment,V1,Abstract state depending on language-defined concept of judgment; core test: requires verbal/social agreement.,D,10,4,0.81
double,an actor’s substitute,V1,Institutionally defined role; depends on social agreement and film/acting conventions.,D,6,4,0.81
part,a responsibility,V1,"Abstract state/role depending on social agreement, language, and convention (V1 core test).",D,8,4,0.81
crank,an eccentric person,V1,"Verbally-defined entity/role; depends on language and social norms, not direct perception.",D,2,4,0.81
lane,a course or route for a specific purpose,V1,"Verbally/institutionally defined entity; ""for a specific purpose"" depends on convention and social agreement (V1 core test).",D,2,4,0.82
slide,a transparency put into a projector,V1,Verbally/institutionally defined entity; requires knowledge of projector technology and cultural convention (V1 core test).,D,2,4,0.82
plate,the home base in baseball,V1,Institutionally defined entity/role in baseball; requires knowledge of game rules and conventions.,D,4,4,0.82
board,a payment for daily meals,V1,Verbally/institutionally defined entity; depends on social agreement and convention for payment concept.,D,6,4,0.82
boom,rapid economic expansion leading to prosperity,V1,"Verbally/institutionally defined economic state/concept; requires language, social agreement, and formal systems (V1 core test).",D,2,4,0.82
log,a ship’s written record,V1,"Depends on language, writing, and nautical conventions; not directly perceptible without symbolic systems.",D,6,4,0.82
net,a clear profit,V1,Verbally/institutionally defined entity; depends on financial conventions and accounting rules (V1 core test).,D,8,4,0.82
bore,(past tense of bear); had a title or name,V1,State of having a name/title depends on language and social convention (V1 core test).,D,2,4,0.83
odd,an extra one,V1,"Verbally/institutionally defined entity; depends on numerical/counting concepts requiring symbolic rules, not direct perception.",D,8,4,0.83
beam,a constant radio signal transmitted to guide aircraft,V1,"Verbally/institutionally defined entity; requires knowledge of radio technology, signals, and aviation conventions; not directly perceptible without formal systems.",D,2,4,0.84
beam,the course of a radio signal sent to an aircraft,V1,"Concept depends on technology, science, and institutional aviation practices; not directly perceptible without symbolic systems.",D,10,4,0.84
lamb,a gentle person,V1,"Verbally-defined abstract category/personality type; depends on language/conceptual agreement, not direct perception.",D,6,4,0.84
beam,(on the) the right course,V1,"Abstract state; depends on verbal idiom/convention, not direct perception.",D,6,4,0.84
bill,a proposed law,V1,Institutionally defined entity depending on law and social agreement; core V1 test.,D,8,4,0.84
block,a psychological barrier,V1,Abstract concept/state depending on language and psychological categories; not directly perceptible (V1 core test).,D,10,4,0.84
ring,an unlawful group,V1,Depends on law/institutions; V1 core test: requires social agreement and legal conventions.,D,10,4,0.84
single,one-base hit in baseball,V1,Institutionally defined event in baseball; requires knowledge of game rules (V1 core test).,D,6,4,0.84
lemon,a bad buy; item bought new that is defective,V1,"Verbally/institutionally defined entity; depends on language, social agreement, and commercial convention (not direct perception).",D,2,4,0.85
quack,a fake doctor,V1,Verbally/institutionally defined role; depends on social agreement and medical institutions.,D,10,4,0.85
third,one of three equal parts; 1/3,V1,Unit (fraction) defined by numerical symbols and division (1/3); requires language/math conventions.,D,2,4,0.85
beat,a police officer’s regular area to patrol,V1,"Institutionally defined entity depending on police roles, conventions, and social agreement.",D,2,4,0.86
bar,a vertical line across a musical staff,V1,Defined by musical notation conventions/symbolic system; not recognizable without formal rules.,D,2,4,0.86
gravy,something extra or additional,V1,"Abstract concept/state depending on language and convention; core V1 test: requires verbal/social agreement, not direct perception.",D,8,4,0.86
gravy,"unearned, easy money",V1,"Concept of ""unearned easy money"" depends on language, economic institutions, and social agreement (V1 core test).",D,10,4,0.86
idea,the aim or purpose of something,V1,Abstract concept/state depending on language; core V1 test: does not exist without verbal/symbolic agreement.,D,10,4,0.86
line,a transportation system,V1,"Institutionally defined entity; depends on social agreement and systems, not direct perception.",D,8,4,0.86
office,a position of authority in government,V1,"Institutionally defined role; depends on language, law, and social agreement (V1 core test).",D,10,4,0.86
bar,the legal profession,V1,"Institutionally defined role/profession; depends on social agreement, law, and convention (V1 core test).",D,12,4,0.86
born,having natural abilities or characteristics,V1,Abstract state of innate characteristics requiring verbal/conceptual distinction beyond direct perception.,D,2,4,0.87
traffic,"business done by rail, steamship, etc.",V1,"Entities existing mainly because of language, social agreement, law, or formal categories (business/institutions).",D,2,4,0.87
do,the first and last musical note of the major scale,V1,Verbally/institutionally defined musical unit; requires symbolic system of solfege/scales (V1 core test).,D,2,4,0.87
key,a musical term,V1,"Verbally/institutionally defined musical concept; requires language, symbols, and musical convention (V1 core test).",D,4,4,0.87
mark,a unit of West German currency,V1,"Verbally/institutionally defined unit; depends on social agreement, law, and formal monetary system.",D,2,4,0.87
hop,a school dance,V1,Institutionally defined social event; depends on school institutions and cultural conventions (V1 core test).,D,6,4,0.88
green,without training; inexperienced,V1,Abstract state of skill level depending on social concepts of training; V1 core test (requires language/convention).,D,8,4,0.88
grain,a unit of weight based on the weight of a grain of wheat,V1,Verbally/institutionally defined unit; requires convention and measurement system (V1 core test).,D,2,4,0.88
sharp,a musical term meaning too high in tone,V1,"Musical term defined by convention and symbolic system (scales, notation); requires language/rules, not direct perception alone.",D,2,4,0.88
post,a place of duty,V1,Depends on institutional/social concepts of duty; not recognizable without conventions.,D,6,4,0.89
beneath,unworthy of,V1,Concept/state depends on language and social agreement; core V1 test.,D,10,4,0.89
hollow,not sincere or true,V1,Abstract state of insincerity depending on language and social convention; core test: requires verbal/symbolic understanding.,D,2,4,0.89
channel,the path by which news travels,V1,Concept depends on language/symbols/social agreement for news communication; not directly perceptible.,D,8,4,0.9
king,a checker piece,V1,Role/state defined by game rules and conventions; requires symbolic/institutional agreement.,D,8,4,0.9
king,a chess piece,V1,Chess piece as entity/role defined by game rules/institution; requires symbolic system per V1 core test.,D,8,4,0.9
king,a playing card,V1,Verbally/institutionally defined entity; depends on card game conventions/symbols (V1 core test).,D,4,4,0.9
mule,a stubborn person,V1,"Verbally-defined entity/concept (person category) depending on language and social agreement; core test: requires language for the abstract trait ""stubborn"".",D,10,4,0.9
pocket,the cause of a sudden drop of an airplane,V1,"Verbally-defined entity/concept (air pocket in aviation); requires language/knowledge of aerodynamics, not direct perception (V1 core test).",D,8,4,0.92
blood,by descent or lineage,V1,"Kinship by descent/lineage depends on social agreement/language, not direct perception; V1 core test.",D,8,4,0.92
book,a term used while playing bridge,V1,Game-specific term depending on rules and convention; core V1 test: requires social agreement/language.,D,2,4,0.92
nature,one’s disposition and temperament,V1,Abstract state depending on language and social categories (V1 core test).,D,2,4,0.92
promise,an indication that something may occur or develop,V1,"Abstract concept/state depending on language/conceptual categories; core test: requires verbal understanding, not direct perception.",D,2,4,0.92
mint,the place where a government’s money is coined,V1,"Verbally/institutionally defined entity; depends on government, law, and monetary conventions (V1 core test).",D,2,4,0.93
mad,wildly foolish or reckless,V1,"Abstract state depending on language and social judgment of rationality; core V1 test: requires verbal/conventional understanding of ""foolish/reckless"".",D,2,4,0.93
say,"the right or opportunity to speak, decide, or exercise influence",V1,"Verbally/institutionally defined entity/role; depends on social agreement and convention, core V1 test.",D,2,4,0.94
background,not in front of a public audience,V1,"Concept/state depends on social conventions of ""public audience""; would not exist without language/institutions.",D,2,4,0.95
page,"an attendant to a sovereign, especially a messenger",V1,Verbally/institutionally defined role; depends on social convention and sovereign institutions (V1 core test).,D,2,4,0.95
letter,exactly as written or spoken,V1,Verbally-defined entity depending on language/symbols; core V1 test: does not exist without linguistic conventions.,D,2,4,0.95
tree,a diagram like a tree with branches,V1,"Abstract entity defined by language/symbolic convention (diagram structure); core test: requires conceptual/symbolic knowledge, not direct perception.",D,2,4,0.95
ground,a means of sending electricity into the earth,V1,Verbally/institutionally defined entity requiring technical knowledge of electrical systems and conventions.,D,2,4,0.97
knock,an unfavorable criticism,V1,Abstract concept/state depending on language and social agreement (V1 core test).,D,10,4,0.97
love,"in tennis, a score of zero",V1,Verbally/institutionally defined unit/score depending on tennis game rules and conventions.,D,2,4,0.97
boot,a navy or marine corps trainee,V1,Institutionally defined role; requires knowledge of military conventions and training systems.,D,2,4,0.98
diamond,a baseball field,V1,Institutionally defined place (requires knowledge of baseball rules and conventions; core test: concept depends on social agreement/institution).,D ,4,4,0.68
duty,a tax on certain goods brought into or out of a country,V1,"Institutionally defined entity (tax); depends on law, government, and social agreement.",D ,4,4,0.68
empire,absolute power or authority,V1,"Concept of power/authority depends on social agreement, institutions, and language; fails P1 core test.",D ,4,4,0.68
foreign,outside one’s own country,V1,"Depends on language, social agreement, and institutional concepts of 'country' and nationality.",D ,4,4,0.68
desire,a request,V1,Verbally defined entity/concept; depends on language and social convention (Core test: requires symbolic systems).,D ,6,4,0.69
deposit,a down payment,V1,Verbally/institutionally defined entity; depends on financial conventions and social agreement (V1 core test).,D ,4,4,0.7
draft,an order to pay,V1,"Institutionally defined entity; depends on financial conventions, law, and social agreement (V1 core test).",D ,10,4,0.73
field,one’s occupation,V1,Verbally/institutionally defined role; depends on language and social agreement (V1 core test).,D ,6,4,0.73
field,the team that is not at bat,V1,Institutionally defined role/entity; requires knowledge of game rules (V1 core test).,D ,10,4,0.73
deputy,one who acts for another,V1,Role that depends on social agreement and convention (V1 core test).,D ,10,4,0.75
extra,a person who has a very small part in a movie,V1,Institutionally defined role; depends on social agreement and film industry conventions.,D ,10,4,0.75
fellow,an member of a literary or scientific society,V1,Institutionally defined role; depends on social agreement and institutions.,D ,4,4,0.76
fashion,a way of doing something,V1,Abstract concept/state depending on language; not directly perceptible without verbal categorization.,D ,6,4,0.77
edge,an advantage,V1,Abstract concept/state depending on language and social agreement (V1 core test).,D ,10,4,0.78
frank,free and honest in expression,V1,"Concept/state depends on language and social agreement for ""honesty"" and ""free expression""; not directly perceptible.",D ,2,4,0.8
course,carefully landscaped area for playing golf,V1,Verbally/institutionally defined place; concept requires knowledge of golf as a rule-governed game.,D ,2,4,0.81
fresh,not polite; impudent,V1,Concept depends on social conventions/language; would not exist without agreement (V1 core test).,D ,8,4,0.82
empty,without meaning or value,V1,Abstract state depending on language-defined concepts of meaning/value (V1 core test).,D ,10,4,0.82
frame,a bowling term; one of the ten divisions of a game,V1,Institutionally defined unit/role in a game; depends on rules and social convention.,D ,2,4,0.82
bill,a statement of money owed for a list of items,V1,"Verbally/institutionally defined entity; depends on social conventions of money, commerce, and debt.",D ,2,4,0.84
front,atmospheric condition where warm and cold air meet,V1,Concept depends on scientific language and convention; not directly perceptible without formal meteorological knowledge.,D ,2,4,0.85
dark,a state of ignorance,V1,"Abstract state depending on language and conceptual knowledge of ""ignorance""; core test: would not exist without symbolic categories.",D ,10,4,0.95
doctor,a person who has been awarded the highest college degree,V1,"Role defined by institutional award (college degree); requires language, convention, institutions (V1 core test).",D ,6,4,0.95
tag,a child’s game,V1,"Verbally/institutionally defined entity/concept; requires social agreement and rules, per V1 core test.",E,2,4,0.67
youth,the period of life between childhood and adulthood,V1,Verbally/institutionally defined concept/state; depends on language/cultural agreement for life stage boundaries (V1 core test).,E,2,4,0.67
chore,a small job,V1,"Verbally/institutionally defined entity; depends on language and social agreement for the concept of a ""job"".",E,4,4,0.67
need,"a necessity like food, water, and shelter",V1,Abstract concept/state depending on language and conceptual categories; not directly perceptible.,E,2,4,0.67
strike,a miss when hitting a baseball,V1,"Institutionally defined event/concept in baseball; requires rules of the game, not direct perception alone.",E,2,4,0.67
class,a group within a school,V1,Institutionally defined entity/role; requires social agreement and school system.,E,2,4,0.67
fortune,fate or destiny,V1,Abstract concept/state depending on language and cultural agreement; V1 core test.,E,2,4,0.67
time,free hours or moments,V1,Verbally/institutionally defined entity (time units like hours/moments depend on language and measurement systems).,E,2,4,0.67
time,the hour and minute shown by the hands of a clock,V1,"Verbally/institutionally defined units (hour, minute); requires clock conventions/symbols, not direct perception.",E,2,4,0.67
orbit,"the path of a moon, planet, or space capsule",V1,Concept of path/trajectory requires scientific language and abstract categories; not directly recognizable without symbolic systems.,E,2,4,0.68
stamp,a piece of paper that is placed on mail for postage,V1,"Defined by postal institution, convention, and social agreement; not recognizable without formal systems.",E,2,4,0.68
author,creator,V1,"Role defined by language, convention; would not exist without social agreement (V1 core test).",E,4,4,0.68
author,a book writer,V1,"Role defined by language, writing, and social convention (V1 core test).",E,2,4,0.68
work,something to be done,V1,Abstract entity/concept depending on language and social agreement; not directly perceptible.,E,2,4,0.68
chief,the person in charge,V1,Role defined by social agreement/institution; not recognizable without rules (V1 core test).,E,2,4,0.68
turn,the time to do something in order,V1,Verbally/institutionally defined state/unit depending on social rules and agreement; V1 core test.,E,2,4,0.68
cheap,charging low prices,V1,Depends on monetary/economic institutions and conventions.,E,2,4,0.68
cheap,low in price,V1,Abstract state depending on monetary units and economic conventions; V1 core test.,E,2,4,0.68
chemical,produced through chemistry,V1,"Defined by scientific process 'chemistry'; requires language/convention, not direct perception (V1 core test).",E,4,4,0.68
foreign,of or from another country,V1,"Concept depends on language, social agreement, and institutional boundaries of countries (V1 core test).",E,2,4,0.68
grade,a mark on your report card,V1,Institutionally defined entity depending on educational conventions and rules.,E,2,4,0.68
ton,a unit of weight equal to two thousand pounds,V1,"Unit of weight requiring language, symbols, and social agreement (V1 core test).",E,2,4,0.68
terrific,great,V1,Abstract evaluative quality depending on language and cultural agreement; not directly perceptible.,E,4,4,0.69
darling,an affectionate name for a loved one,V1,Verbally defined entity/role; depends on language and social agreement (Core V1 test).,E,2,4,0.69
guard,a person who watches over prisoner or property,V1,"Institutionally defined role; depends on social agreement, laws (prisons/property).",E,2,4,0.69
social,relating to human beings as a group,V1,Concept depends on language and social agreement to define groups/society; core V1 test.,E,2,4,0.69
chat,a talk,V1,"Verbally-defined entity/concept; depends on language and social convention, not direct perception.",E,4,4,0.7
out,unsuccessful in reaching a base in baseball,V1,Institutionally defined state in baseball; requires game rules and social agreement (V1 core test).,E,2,4,0.7
ticket,a piece of paper allowing entrance,V1,"Depends on social agreement/institutions; concept of ""allowing entrance"" requires convention (V1 core test).",E,2,4,0.7
ticket,a tag that shows the price of something,V1,"Depends on language, symbols (price), and social/commercial convention; core V1 test: would not exist without institutions/agreement.",E,2,4,0.7
triple,a three-base hit in baseball,V1,Institutionally defined entity in baseball rules; requires knowledge of game conventions/symbolic systems (V1 core test).,E,2,4,0.7
den,a criminal’s hideout,V1,Concept depends on institutionally defined role (criminal); would not exist without social agreement/law.,E,8,4,0.71
team,the players on one side of a competition,V1,Verbally/institutionally defined entity; requires social agreement and rules of competition (V1 core test).,E,2,4,0.71
use,what something is good for,V1,Concept depends on language and social agreement about purpose (V1 core test).,E,2,4,0.71
police,a government department of a city or state,V1,Institutionally defined entity (government department); depends on law and social agreement.,E,2,4,0.71
wrong,the opposite of right,V1,"Abstract concept/state depending on language and social convention (opposite of ""right"" requires verbal/symbolic agreement).",E,2,4,0.71
cheer,a school yell,V1,Institutionally defined entity (school context requires social/institutional agreement); core V1 test: depends on institutions.,E,4,4,0.72
brotherhood,men joined in a common aim,V1,Socially defined entity/group depending on language and social agreement (V1 core test).,E,2,4,0.72
champion,the winner,V1,Entity defined by rules of competition and social agreement (V1 core test).,E,4,4,0.72
note,a short letter,V1,Verbally/institutionally defined entity; depends on language and convention (written communication); core test: requires symbolic system.,E,2,4,0.72
state,a condition,V1,"Abstract state/concept depending on language; core test: requires verbal definition, not direct perception.",E,2,4,0.72
state,a division of the United States,V1,"Institutionally defined entity depending on law, social agreement, and formal political structure.",E,2,4,0.72
cafeteria,"a place to choose the food, pay, and seat yourself",V1,"Verbally/institutionally defined entity; relies on social conventions, payment systems, and institutional practices.",E,4,4,0.73
school,place for teaching or learning,V1,"Institutionally defined entity; requires social agreement, language, and formal educational systems (V1 core test).",E,2,4,0.73
age,the number of years lived,V1,Verbally/institutionally defined unit (time measurement); depends on calendar and counting systems.,E,2,4,0.73
space,unlimited expanse that includes the entire universe,V1,Abstract concept/state depending on language; not directly perceptible without symbolic categories (V1 core test).,E,2,4,0.73
acid,a chemical term,V1,"Verbally/institutionally defined entity; chemical category requires formal scientific language and rules, not direct perception.",E,2,4,0.73
school,part of a university,V1,Institutionally defined entity/unit/role within a formal organization (university); depends on social agreement and institutions.,E,2,4,0.73
cash,coins or bills,V1,"Entity defined by institutions and social agreement (currency); would not exist as ""cash"" without monetary system.",E,4,4,0.74
store,a place where goods are sold,V1,Depends on social convention and institutions of commerce; not recognizable without cultural agreement on selling goods.,E,2,4,0.74
speech,"the ability to talk, or a way of talking",V1,Concept of ability/way of talking depends on language and symbolic systems; core V1 test.,E,2,4,0.74
free,without cost,V1,"Abstract state depending on social/economic institutions and agreement on ""cost"".",E,2,4,0.74
regular,average; normal,V1,"Abstract state/concept depending on verbal norms or statistical convention; core test: requires language/social agreement for ""average/normal"".",E,4,4,0.74
station,a place where television or radio programs are broadcasted,V1,Concept depends on technological/institutional conventions for broadcasting; not directly perceptible without symbolic systems.,E,2,4,0.75
comma,a punctuation mark,V1,Verbally/institutionally defined entity; depends on language/symbolic conventions (V1 core test).,E,2,4,0.75
dairy,a company that sells milk and butter,V1,"Institutionally defined entity (company); depends on social agreement and language, not direct perception.",E,2,4,0.75
extra,something added to what is usual or needed,V1,Concept depends on language-defined abstractions like 'usual' and 'needed'; not directly perceptible.,E,4,4,0.75
final,not to be changed,V1,Abstract state depending on language/convention; core test: would not exist without social/symbolic agreement.,E,4,4,0.75
zero,nothing,V1,Verbally/institutionally defined numerical unit/concept; requires symbolic system.,E,4,4,0.75
cost,the price of something,V1,Verbally/institutionally defined entity (price as monetary unit); depends on social agreement and economic systems.,E,4,4,0.75
ball,a kind of game,V1,"Verbally/institutionally defined entity/concept; core test: depends on social agreement and rules, not direct perception.",E,2,4,0.76
belong,to be owned by someone,V1,"State of ownership depends on social agreement, law, or institutions (V1 core test).",E,2,4,0.76
cup,a measure of eight ounces,V1,Unit of measurement depending on convention and symbolic system (V1 core test).,E,2,4,0.76
second,a part of a minute,V1,Unit defined by formal time measurement system; requires symbolic conventions (V1 core test).,E,2,4,0.76
recess,playtime,V1,Institutionally defined entity depending on social convention and school rules.,E,4,4,0.77
May,the fifth month of the year,V1,Verbally/institutionally defined time unit/system (calendar month); depends on social convention and language.,E,2,4,0.77
measure,"the size, weight, or amount of something",V1,"Verbally/institutionally defined entity/unit; requires measurement conventions, not direct perception alone.",E,2,4,0.77
right,correct; not wrong,V1,Abstract state/concept depending on language or convention; core test: would not exist without symbolic systems.,E,2,4,0.77
treasure,something of value,V1,Concept of value depends on social agreement/language; V1 core test.,E,4,4,0.78
contest,a competition,V1,"Verbally/institutionally defined entity; depends on social agreement, rules, and convention (V1 core test).",E,8,4,0.78
date,a day of a month,V1,Verbally-defined time unit in calendar system (V1 core test: depends on symbolic conventions).,E,2,4,0.78
hula,a native Hawaiian dance,V1,"Verbally/institutionally defined entity; requires cultural convention and social agreement, not direct perception alone.",E,4,4,0.79
boss,a person who directs the work of others,V1,Verbally/institutionally defined role; depends on social agreement (V1 core test).,E,2,4,0.79
enemy,a person who wishes harm to another,V1,"Verbally-defined social role; depends on understanding intentions/relations, not direct perception (V1 core test).",E,2,4,0.79
alphabet,a set of letters used to form words,V1,"Verbally/institutionally defined entity; depends on language/symbolic system, not direct perception.",E,2,4,0.79
clever,very smart,V1,Abstract concept/state depending on language and social agreement; not directly perceptible.,E,4,4,0.79
fair,without favoring anyone or anything,V1,Abstract state of impartiality depending on social agreement/language; core V1 test: does not exist without conventions.,E,2,4,0.79
correct,proper or right,V1,"Abstract state depending on language, convention, or social agreement (V1 core test).",E,4,4,0.79
blank,a part of a form that is not filled in,V1,"Verbally/institutionally defined entity; requires language, symbols, and social convention for forms.",E,2,4,0.8
express,a fast form for delivering something,V1,Verbally/institutionally defined entity/service; depends on social conventions and systems.,E,2,4,0.8
account,money in a bank,V1,"Institutionally defined entity depending on banking systems, laws, and symbolic records.",E,2,4,0.8
nurse,a person who is trained to take care of the sick,V1,"Institutionally defined role requiring training and social agreement. Core test: depends on language, institutions.",E,2,4,0.8
queen,a country’s female royal ruler,V1,"Institutionally defined role; depends on language, law, and social agreement (V1 core test).",E,2,4,0.8
queen,a king’s wife,V1,"Role defined by social institution, law, and convention (V1 core test).",E,2,4,0.8
example,a sample,V1,Concept depends on language and abstract categories for understanding representation.,E,2,4,0.81
flag,a cloth emblem or symbol of a nation,V1,"Depends on language, convention, and institutions; core test: concept requires social agreement/symbolic systems.",E,2,4,0.81
prison,a jail,V1,Institutionally defined entity; requires law and social agreement (V1 core test).,E,2,4,0.81
art,beautiful things created by humans,V1,"Concept depends on language, culture, and social agreement; not directly perceptible without symbolic systems.",E,2,4,0.81
locksmith,"a person who makes, installs, or repairs locks",V1,Verbally/institutionally defined role (person with specialized profession).,E,2,4,0.81
butler,a male servant,V1,Role defined by social agreement and convention; core test: depends on language/institutions.,E,2,4,0.81
has,owns,V1,"State depending on social agreement, law, and institutions.",E,2,4,0.81
perhaps,"possible, maybe",V1,"Verbally defined abstract concept/state of possibility; core test: depends on language/symbols, not direct perception.",E,2,4,0.81
cruel,without mercy,V1,"Abstract moral concept/state depending on language and social conventions, not direct perception.",E,2,4,0.81
captain,a person in charge of a ship,V1,"Institutionally defined role; requires social agreement and conventions, not direct perception alone.",E,2,4,0.81
captain,a team leader,V1,Role defined by social/institutional agreement; V1 core test.,E,2,4,0.81
captain,an army officer,V1,"Institutionally defined role; requires military hierarchy, rules, and social agreement.",E,2,4,0.81
guide,a person who leads or directs,V1,Role/person defined by social convention and verbal description (leads/directs); V1 core test: depends on language/social agreement.,E,2,4,0.81
advice,helpful information,V1,Abstract concept depending on language; core test: would not exist without symbols/language.,E,2,4,0.81
history,a record of what has happened in the past,V1,"Concept depends on language/symbolic systems for the ""record""; would not exist without verbal convention (V1 core test).",E,2,4,0.81
passport,a permit to travel from one country to another,V1,"Institutionally defined entity depending on law, governments, and social agreement; core V1 test.",E,2,4,0.81
week,seven days,V1,"Time system unit (like annual, decade); depends on language and social agreement.",E,2,4,0.81
course,a series of studies,V1,Verbally/institutionally defined entity; depends on educational conventions and social agreement.,E,2,4,0.81
charge,the price,V1,"Verbally/institutionally defined entity; depends on economic convention, language, and social agreement (V1 core test).",E,2,4,0.81
command,the right to give orders,V1,Verbally/institutionally defined right/role; depends on social convention and agreement.,E,2,4,0.81
difficult,hard to get along with,V1,"Abstract state depending on social convention and language; core test: requires social agreement, not direct perception alone.",E,2,4,0.81
evil,bad or wrong,V1,Abstract moral state depending on language and social agreement (V1 core test).,E,4,4,0.81
fabulous,amazing,V1,Abstract evaluative quality depending on language and cultural agreement; core test: requires symbolic categories.,E,2,4,0.81
feet,twelve inch lengths of something,V1,"Unit of measurement; depends on language, symbols, and convention (12 inches).",E,2,4,0.81
foot,twelve inches,V1,"Verbally/institutionally defined unit; depends on language/convention (e.g., units like inch).",E,2,4,0.81
kindergarten,the grade in school before first grade,V1,Institutionally defined educational unit; depends on social agreement and school system (V1 core test).,E,2,4,0.81
luxury,an extra comfort,V1,Abstract state depending on social agreement and cultural norms; core V1 test.,E,2,4,0.81
member,a person who belongs,V1,Role defined by social/institutional agreement; V1 core test.,E,2,4,0.81
ordinary,common,V1,"Abstract category depending on language and conceptual norms of typicality, not direct perception.",E,2,4,0.81
pardon,forgiveness,V1,"Abstract state depending on language, social agreement, and convention; core V1 test.",E,2,4,0.81
president,head of the United States government,V1,"Verbally/institutionally defined role; depends on language, law, institutions, social agreement.",E,2,4,0.81
program,a list that tells what happens in a play or concert,V1,Concept depends on social convention and institutions (theater/concerts); would not exist without language/symbols/agreement.,E,2,4,0.81
pupil,a learner or student,V1,Verbally/institutionally defined role; depends on social agreement and educational institutions.,E,2,4,0.81
secret,private or known to few people,V1,Abstract state depending on language and social agreement about knowledge sharing (V1 core test).,E,2,4,0.81
secret,information kept to yourself,V1,"Concept depends on language, symbols, and social agreement about sharing information.",E,2,4,0.81
secret,the hidden reason or cause,V1,"Abstract concept/state depending on language/conceptual understanding; core V1 test: requires symbols/language, not direct perception.",E,2,4,0.81
sincere,not false or pretended,V1,Abstract state depending on social agreement and language to define authenticity vs. pretense.,E,2,4,0.81
wise,bright or smart,V1,"Abstract cognitive state/concept; core test: depends on language and social agreement, not direct perception.",E,2,4,0.81
couple,two,V1,Numerical unit/concept dependent on language and symbolic systems; core V1 test: does not exist without symbols.,E,2,4,0.81
restaurant,a place to buy and eat a meal,V1,"Depends on social agreement, commerce, and institutions (buying meals); not directly perceptible without conventions.",E,2,4,0.82
studio,a place where movies are made,V1,"Defined by institutional function (movie production) requiring cultural conventions; not recognizable without social agreement on ""movies"".",E,2,4,0.82
studio,a place where television programs are filmed,V1,"Defined by institutional function (television filming); requires cultural conventions and technology, not direct perception alone.",E,2,4,0.82
badminton,a game somewhat like tennis,V1,"Entity defined by social agreement and rules; core test: concept requires language/institutions, not direct perception.",E,2,4,0.82
valentine,a card or gift for February 14,V1,Verbally/institutionally defined entity depending on cultural convention (holiday); V1 core test.,E,2,4,0.82
carpenter,a person who builds with wood,V1,"Role (person) defined by social agreement, convention, and taught procedures; core V1 test: depends on language/cultural categories.",E,2,4,0.82
change,money returned,V1,Verbally/institutionally defined entity (monetary unit/role in transaction); requires social agreement and formal systems.,E,2,4,0.82
hero,a very brave person,V1,Role/concept depending on social agreement and verbal definition of bravery; core V1 test: requires language/cultural convention.,E,2,4,0.82
husband,a man who is married,V1,"Role defined by social institution (marriage); requires convention and agreement, per V1 core test.",E,2,4,0.82
business,"a store, factory, or other industry",V1,Verbally/institutionally defined entity; depends on social/economic conventions and laws (V1 core test).,E,2,4,0.82
number,a symbol that tells how many or which one,V1,"Entities existing mainly because of language/symbols; core test: concept requires symbolic systems, not direct perception.",E,2,4,0.82
bill,money due,V1,"Abstract financial obligation depending on institutions, money systems, and social agreement (V1 core test).",E,2,4,0.82
calendar,a chart that shows the days and months of a year,V1,"Verbally/institutionally defined entity; depends on time systems (days, months, year).",E,2,4,0.82
dummy,not the real thing,V1,"Verbally defined abstract state; depends on language for concept of ""real"" vs. ""not real"".",E,2,4,0.82
forty,four times ten (40),V1,"Numerical unit/concept requiring language/symbols; V1 core test: depends on verbal agreement, not direct perception.",E,2,4,0.82
hero,the main actor in a play,V1,Institutionally defined role in theater; requires cultural conventions and symbolic systems.,E,2,4,0.82
idea,a thought,V1,Abstract concept/state depending on language; V1 core test.,E,2,4,0.82
memory,the ability to remember,V1,"Verbally/institutionally defined concept/state; cannot be understood by direct perception alone, depends on language.",E,2,4,0.82
mystery,"that which is not known, explained or understood",V1,Abstract concept/state depending on language for notions of knowledge/explanation; core V1 test: requires symbolic/cognitive categories.,E,2,4,0.82
prize,something that is won in a contest or game,V1,Depends on rules/institutions of contests/games; not recognizable without social agreement.,E,2,4,0.82
quart,two pints,V1,Unit of measurement; depends on language and conventional systems (V1 core test).,E,2,4,0.82
reward,a prize,V1,"Entities existing mainly because of language, social agreement, or formal categories (prize status requires convention).",E,2,4,0.82
riddle,a puzzle or problem that is hard to figure out,V1,"Verbally defined abstract concept; cannot be recognized by direct perception alone, depends on language.",E,2,4,0.82
show,a performance,V1,"Verbally/institutionally defined entity; depends on social convention and language, not direct perception alone.",E,2,4,0.82
show,for appearance only,V1,Abstract state depending on language and social agreement to distinguish superficial appearance from substance.,E,2,4,0.82
sum,the result obtained from addition,V1,Verbally/institutionally defined entity; depends on mathematical symbols and rules (V1 core test).,E,2,4,0.82
trophy,a prize,V1,Concept depends on social agreement/institutions (reward/prize); core V1 test.,E,2,4,0.82
award,a prize,V1,Verbally/institutionally defined entity; depends on social agreement and convention.,E,2,4,0.82
couple,husband and wife,V1,"Verbally/institutionally defined roles depending on social agreement, law, and marriage institution (V1 core test).",E,2,4,0.82
phony,fake,V1,"Quality of ""fake"" depends on language/social conventions of genuineness, not direct perception.",E,2,4,0.82
change,coins,V1,"Verbally/institutionally defined entity/unit (currency), depends on social agreement and monetary system.",E,2,4,0.83
clock,an instrument that tells times,V1,Instrument defined by function in verbal/institutional time system (units like hours); core V1 test: requires symbols/conventions.,E,2,4,0.83
navy,a country’s military ships,V1,"Institutionally defined entity/role; requires social agreement, law, and formal categories (not directly perceptible without institutions).",E,2,4,0.83
outfield,part of the baseball field that is beyond the bases,V1,"Verbally/institutionally defined entity; requires knowledge of baseball rules/conventions, not direct perception alone.",E,2,4,0.83
pound,a place for stray animals,V1,Verbally/institutionally defined place; depends on social conventions and laws for stray animals.,E,8,4,0.83
treasure,a lot of money,V1,"Entities existing mainly because of language, social agreement, law, or formal categories (money as institutional value).",E,2,4,0.83
bank,a place where money is kept,V1,"Institutionally defined entity; requires social agreement, law, and financial systems (V1 core test).",E,2,4,0.83
one,a single thing,V1,Verbally/institutionally defined unit; depends on numerical/symbolic system (V1 core test).,E,2,4,0.83
belief,something you feel is true,V1,Abstract concept/state depending on language/symbols; core test: cannot be understood without verbal/conceptual systems.,E,2,4,0.83
bad,naughty,V1,"State defined by social conventions and rules, not direct perception.",E,2,4,0.83
pest,a nuisance,V1,Concept depends on social agreement and verbal definition of annoyance/nuisance; not directly perceptible without judgment.,E,2,4,0.83
favor,a kind act,V1,Concept depends on social agreement and verbal definition; not directly perceptible without cultural norms.,E,2,4,0.83
good,well-behaved,V1,"State depends on social conventions and rules, not direct perception.",E,2,4,0.83
knight,a servant of a king,V1,"Verbally/institutionally defined role; depends on social agreement, law, and hierarchy (V1 core test).",E,2,4,0.83
redcoat,a British soldier during the American Revolution,V1,"Verbally/institutionally defined historical role; requires knowledge of nations, military, and specific war (V1 core test).",E,2,4,0.83
slave,a person who belongs to another,V1,Verbally/institutionally defined role; depends on social agreement/law (V1 core test).,E,2,4,0.83
aunt,your uncle’s wife,V1,Role defined by social kinship conventions and relations; depends on language and family agreement (V1 core test).,E,2,4,0.83
surgeon,a doctor who mainly operates,V1,"Institutionally defined role requiring training, conventions, and social agreement.",E,2,4,0.83
valentine,a sweetheart,V1,Verbally/institutionally defined role; depends on social/romantic convention (V1 core test).,E,2,4,0.83
crook,a thief,V1,Verbally/institutionally defined role; requires social agreement on laws/rules of theft.,E,2,4,0.83
expert,a person with special skill,V1,Role/person defined by social agreement on special skill; requires language/convention (V1 core test).,E,4,4,0.83
know,to be sure of,V1,State of certainty requiring conceptual/language understanding; core test: depends on verbal/symbolic systems.,E,2,4,0.83
percent,a symbol used in arithmetic,V1,Verbally/institutionally defined unit/symbol; requires language/math conventions (V1 core test).,E,2,4,0.83
job,a duty,V1,"Verbally/institutionally defined entity/role; depends on social agreement, not direct perception.",E,2,4,0.83
bore,an uninteresting person or topic,V1,"Abstract socially-defined category/role; requires language for recognition of ""uninteresting"" quality (V1 core test).",E,4,4,0.83
eighteen,the number that is seventeen plus one (18),V1,"Verbally-defined numerical unit; depends on language/symbols, would not exist without formal counting system.",E,2,4,0.83
expert,highly skilled,V1,Role/state depending on social agreement/language; V1 core test.,E,2,4,0.83
law,a rule,V1,"Verbally/institutionally defined entity; depends on language, convention, law, or social agreement (V1 core test).",E,2,4,0.83
lift,a free ride,V1,"Verbally/institutionally defined entity; depends on social conventions of exchange/payment, not direct perception.",E,2,4,0.83
lift,a helping hand,V1,Abstract concept/state depending on language and social agreement; not directly perceptible.,E,2,4,0.83
odd,unusual or strange,V1,"Abstract category depending on conventional norms (what is ""usual""); not directly perceptible without conceptual comparison.",E,2,4,0.83
old,out of date,V1,"Abstract state depending on language, convention, and time systems (V1 core test).",E,2,4,0.83
pound,a measure of weight equal to sixteen ounces,V1,"Unit of measurement; depends on language, convention, and formal standards (V1 core test).",E,2,4,0.83
receipt,a note showing something was received,V1,"Verbally/institutionally defined entity; depends on social agreement, commerce, and symbolic record-keeping conventions (V1 core test).",E,2,4,0.83
thirty,a number that is ten times three (30),V1,Verbally defined numerical unit; cannot be understood without language/symbols (V1 core test).,E,2,4,0.83
worth,value,V1,"Abstract concept/state depending on language, convention, and social agreement (V1 core test).",E,2,4,0.83
atlas,a book of maps,V1,Verbally/institutionally defined entity; requires symbolic conventions (maps) and cannot be recognized without language/symbolic systems.,E,2,4,0.83
FALSE,not real,V1,"Verbally/institutionally defined concept/state; cannot be understood by direct perception alone, depends on language/abstract categories.",E,,4,0.83
FALSE,not true,V1,Abstract state/concept depending on language and symbolic logic; core V1 test.,E,,4,0.83
total,the entire amount,V1,"Verbally/institutionally defined concept; depends on abstract category of summation/quantity, not direct perception.",E,2,4,0.83
TRUE,rightful,V1,"Abstract state depending on language, convention, law; core V1 test: requires social agreement.",E,2,4,0.83
beauty,that which is pleasing to look at,V1,"Abstract concept/state depending on language and cultural convention, not direct perception alone.",E,2,4,0.84
bill,a piece of paper money,V1,"Verbally/institutionally defined entity (currency); requires social agreement/law, per V1 core test.",E,2,4,0.84
block,the distance between two streets,V1,Unit of distance defined by streets; requires social/institutional convention (V1 core test).,E,2,4,0.84
cent,a penny,V1,"Unit of currency; depends on institutions, symbols, and social agreement (V1 core test).",E,2,4,0.84
snatch,a small amount,V1,Abstract quantity concept depending on language; core test: not recognizable by direct perception alone.,E,2,4,0.84
errand,a short trip to do something specific,V1,Verbally-defined entity; depends on language and social agreement for purposeful trip concept (V1 core test).,E,2,4,0.84
ahoy,a sailor’s call to get attention,V1,"Concept of specific ""sailor’s call"" depends on language, convention, and social agreement; not directly perceptible without symbolic system.",E,2,4,0.84
model,a person who poses for an artist or photographer,V1,Verbally/institutionally defined role; depends on social convention and professional agreement.,E,2,4,0.84
royal,"having to do with a king, queen, or their family",V1,"Defined by institutional roles (king, queen) and social agreement; core V1 test.",E,2,4,0.84
address,a speech,V1,Verbally/institutionally defined entity; depends on language and social convention (V1 core test).,E,2,4,0.84
address,a street name and number,V1,"Verbally/institutionally defined entity (location unit) requiring language, symbols, and social conventions; V1 core test.",E,2,4,0.84
own,to belong to or possess,V1,"Concept/state of ownership depends on social agreement, law, and institutions; would not exist without them.",E,2,4,0.84
vowel,"a, e, i, o, u",V1,Verbally/institutionally defined entity; linguistic category depending on symbolic conventions and language rules.,E,2,4,0.84
geography,the study of Earth,V1,Verbally/institutionally defined concept; depends on language and academic convention.,E,2,4,0.84
basket,a score in basketball,V1,Institutionally defined entity; requires game rules and conventions (V1 core test).,E,2,4,0.84
daily,a newspaper published every day,V1,Verbally/institutionally defined entity; depends on convention of regular publication schedule and time units.,E,2,4,0.84
danger,the chance of harm,V1,Abstract concept/state depending on verbal definition of 'chance' (probability); not directly perceptible without language.,E,2,4,0.84
model,a person or thing that is a good example to copy,V1,Verbally-defined entity/role depending on social agreement and conceptual understanding of exemplars.,E,2,4,0.84
normal,"ordinary, regular, or usual",V1,Abstract state depending on social convention or agreement (ordinary/regular/usual); core test: relies on language/cultural norms.,E,2,4,0.84
poem,a composition in verse,V1,Verbally/institutionally defined entity; depends on language and literary convention (V1 core test).,E,2,4,0.84
primary,one of the beginning grades in school,V1,Institutionally defined educational unit; depends on school system and social agreement.,E,2,4,0.84
single,a person who is not married,V1,Institutionally defined state/role; depends on social agreement and marriage institution (V1 core test).,E,2,4,0.84
six,a number that is one more than five (6),V1,Verbally/institutionally defined entity/unit; requires language/symbols/numerical system (V1 core test).,E,2,4,0.84
tribe,"large group connected by culture, faith, or ancestry",V1,"Defined by social/cultural connections (culture, faith, ancestry) requiring language and agreement; V1 core test.",E,2,4,0.84
act,a part of a play,V1,"Institutionally defined entity; depends on theatrical convention and language, not direct perception.",E,2,4,0.85
coin,a round piece of metal money,V1,"Concept depends on social agreement, institutions, and convention as money; not recognizable solely by perception.",E,2,4,0.85
fall,autumn,V1,Verbally/institutionally defined time system/season; depends on calendar conventions.,E,2,4,0.85
mermaid,imaginary fish-like woman believed to live in the sea,V1,"Concept depends on language, cultural stories, and social agreement; no direct perceptual referent.",E,2,4,0.85
nickel,a five-cent coin,V1,Institutionally defined entity/unit depending on currency system and social agreement.,E,2,4,0.85
astronaut,a person trained to travel in space,V1,"Verbally/institutionally defined role; depends on formal training, institutions, and social agreement (V1 core test).",E,2,4,0.85
pilot,a person who flies an airplane,V1,"Role (person who flies airplane) depends on institutions, training, and social agreement; not directly perceptible without formal systems.",E,2,4,0.85
kickball,a playground game,V1,"Verbally/institutionally defined entity; depends on social rules and convention, not direct perception.",E,2,4,0.85
grand,very good,V1,"Abstract evaluative state depending on language and cultural agreement, not direct perception.",E,2,4,0.85
naughty,badly behaved,V1,"Concept of ""badly behaved"" depends on social conventions and language; core test: would not exist without social agreement.",E,2,4,0.85
chum,a close friend,V1,Verbally/institutionally defined role; depends on social agreement (V1 core test).,E,2,4,0.85
number,how many,V1,Verbally/institutionally defined entity; quantity concept depends on language/symbols/numerical system.,E,2,4,0.85
tax,money paid to a government,V1,"Institutionally defined entity requiring law, government, and social agreement.",E,2,4,0.85
eighty,eight times ten (80),V1,Verbally defined numerical unit; depends on symbolic/language system (V1 core test).,E,2,4,0.85
humor,something funny,V1,"Concept depends on language, cultural convention, and social agreement; not directly recognizable by perception alone.",E,2,4,0.85
list,"a series of names, numbers, or other things",V1,Concept depends on language/symbols (series of names/numbers); would not exist without verbal agreement.,E,2,4,0.85
luck,good fortune,V1,Abstract concept/state depending on language and social agreement (V1 core test).,E,2,4,0.85
mistook,having made an error,V1,Abstract state of error depending on language and cognitive judgment; core test: would not exist without symbolic categories.,E,2,4,0.85
sample,an example,V1,Abstract concept depending on language; core test: would not exist without verbal/symbolic categories.,E,2,4,0.85
silly,foolish,V1,Abstract state depending on language and social norms of judgment; core test: requires verbal/cultural agreement.,E,2,4,0.85
sum,a total,V1,"Verbally/institutionally defined entity; depends on numerical/symbolic system, not direct perception.",E,2,4,0.85
trick,a sly joke,V1,"Abstract entity depending on language, social convention, and intent; core test: not recognizable without symbolic systems.",E,2,4,0.85
area,a part of a country,V1,"Concept depends on institutional/political divisions (country); requires social agreement, not direct perception.",E,2,4,0.86
gauge,an instrument to get an exact measure,V1,Instrument defined by function requiring formal measurement units and conventions (V1 core test).,E,6,4,0.86
line,a row of words or letters on paper,V1,Verbally-defined entity depending on language/symbols (V1 core test).,E,2,4,0.86
office,a place of business,V1,"Verbally/institutionally defined place; depends on social agreement and institutions for ""business""; core test: concept requires language/convention.",E,2,4,0.86
vitamin,substance needed for good health,V1,Depends on scientific language/categories; not directly recognizable without formal knowledge (V1 core test).,E,2,4,0.86
hotel,a building that provides a place to sleep for a fee,V1,"Defined by institutional/commercial convention (providing sleep for fee); requires social agreement, not direct perception alone.",E,2,4,0.86
back,in the past,V1,Verbally-defined temporal concept; requires language and abstract time categories (V1 core test).,E,2,4,0.86
south,opposite of north,V1,Concept depends on language/symbolic convention; would not exist without social agreement on directions.,E,2,4,0.86
bride,a woman soon to be or recently married,V1,Social role defined by marriage institution; requires social agreement (V1 core test).,E,2,4,0.86
multiply,symbol used in math transactions,V1,Verbally/institutionally defined entity; depends on mathematical symbolic system (V1 core test).,E,2,4,0.86
command,an order,V1,Verbally/institutionally defined entity; requires language and social agreement (V1 core test).,E,2,4,0.86
dime,ten cents,V1,Verbally/institutionally defined unit (currency); depends on social agreement and formal monetary system.,E,2,4,0.86
idea,a plan in mind,V1,Abstract concept/state depending on language/symbols; core V1 test: would not exist without symbolic systems.,E,2,4,0.86
judge,a court officer,V1,Institutional role depending on law and social agreement (V1 core test).,E,2,4,0.86
prince,"male member of a royal family, other than the king",V1,"Institutionally defined role; depends on social agreement, law, and royal conventions (V1 core test).",E,2,4,0.86
rich,worth a lot,V1,"Depends on language, monetary units, and social/economic institutions.",E,2,4,0.86
rock-and-roll,a style of music,V1,"Concept of a music style depends on language, cultural convention, and social agreement; core V1 test.",E,2,4,0.86
barber,a person who gives haircuts,V1,"Role (person who gives haircuts) defined by social convention and profession, per V1 core test.",E,2,4,0.87
dragon,an imaginary fire-breathing beast,V1,Imaginary entity defined by language/cultural concepts; cannot be recognized by direct perception (P1 core test fails).,E,2,4,0.87
fa,a musical note,V1,"Verbally/institutionally defined entity (musical unit); requires symbolic system and convention, per V1 core test.",E,2,4,0.87
hockey,a game played on ice,V1,"Verbally/institutionally defined entity; depends on social agreement, rules, and convention, not direct perception.",E,2,4,0.87
kickoff,a kick that puts the ball in play in football,V1,"Verbally/institutionally defined entity; requires knowledge of football rules and conventions, not direct perception alone.",E,2,4,0.87
nice,has fine manners; polite,V1,"Verbally/institutionally defined state/role; depends on social conventions, not direct perception.",E,2,4,0.87
bad,wicked,V1,Abstract moral quality depending on language and social convention; core V1 test.,E,12,4,0.87
burglar,a robber,V1,Verbally/institutionally defined role depending on legal/social conventions.,E,2,4,0.87
uncle,your aunt’s husband,V1,"Verbally/institutionally defined role; depends on social kinship agreement and language, not direct perception.",E,2,4,0.87
crime,an act that breaks the law,V1,"Entities existing mainly because of language, social agreement, law, or formal categories.",E,2,4,0.87
have,to own,V1,"Verbally/institutionally defined state; depends on social agreement, law, or convention (core test: would not exist without institutions).",E,2,4,0.87
yard,a measure of length equal to three feet,V1,"Unit of measurement; depends on language, convention, and social agreement.",E,2,4,0.87
cheat,a dishonest person,V1,"Concept depends on social agreement/language for ""dishonesty""; not directly perceptible.",E,2,4,0.87
mark,a grade,V1,Verbally/institutionally defined entity; depends on educational conventions and symbols.,E,2,4,0.87
mark,a sign or symbol,V1,"Concept of ""sign or symbol"" depends on language, symbols, and social agreement (V1 core test).",E,2,4,0.87
money,"dollars, quarters, dimes, nickels, and pennies",V1,"Verbally/institutionally defined units (dollar, quarters, etc.); depends on social agreement, law, and formal monetary system.",E,2,4,0.87
ownership,having the right to property,V1,Institutionally defined state/right depending on law and social agreement (V1 core test).,E,2,4,0.87
season,a time for a particular sport,V1,Verbally/institutionally defined entity (time period) depending on social convention and rules of sports.,E,2,4,0.87
seventy,a number that is seven times ten (70),V1,Verbally/institutionally defined entity/unit; depends on language/symbolic numerical system (V1 core test).,E,2,4,0.87
thousand,"a number that is one hundred times ten (1,000)",V1,Verbally/institutionally defined entity; numerical unit depends on language/symbols (V1 core test).,E,2,4,0.87
early,before the usual time,V1,"Concept depends on social agreement/convention for ""usual time""; V1 core test.",E,2,4,0.88
museum,"a place for objects of art, history, or science",V1,"Institutionally defined entity; depends on social agreement and convention, not direct perception alone.",E,2,4,0.88
palace,a royal mansion,V1,Verbally/institutionally defined entity depending on social convention of royalty.,E,2,4,0.88
golf,an outdoor game played on a special course,V1,"Verbally/institutionally defined entity; requires social agreement and rules, not direct perception alone.",E,2,4,0.88
plumber,a person who fixes or installs water pipes,V1,"Socially defined role depending on convention and training, like doctor; core test: requires social agreement.",E,2,4,0.88
age,time of life,V1,"Concept/state depends on language, time units, and social convention; core V1 test: would not exist without symbolic systems.",E,2,4,0.88
prefix,one or more syllables put in front of a word or root,V1,Verbally-defined linguistic entity; depends on language conventions and symbolic rules.,E,2,4,0.88
sale,selling at low prices,V1,"Concept depends on language, economic conventions, and pricing systems (V1 core test).",E,2,4,0.88
sale,the exchange of goods or property for money,V1,"Verbally/institutionally defined entity; depends on language, money units, and commercial conventions (V1 core test).",E,2,4,0.88
work,a job,V1,"Institutionally defined role; depends on social agreement, law, or conventions (V1 core test).",E,2,4,0.88
college,a division of a university,V1,Institutionally defined entity/role depending on language and social agreement.,E,2,4,0.88
eight,the number that is one more than seven (8),V1,Verbally-defined numerical unit/concept; requires symbolic system and language (V1 core test).,E,2,4,0.88
la,the sixth note of the major scale,V1,Verbally/institutionally defined entity/unit in a formal musical system; requires symbolic rules and convention to identify.,E,2,4,0.88
late,not on time,V1,State defined relative to time conventions and social agreement; would not exist without symbolic time systems (V1 core test).,E,2,4,0.88
proof,facts or evidence showing something is true,V1,"Concept of evidence for truth depends on language, symbols, and abstract categories.",E,2,4,0.88
race,any contest,V1,"Verbally/institutionally defined entity; depends on social agreement and rules, not direct perception alone.",E,2,4,0.88
record,a written account of past happenings,V1,Verbally-defined entity; depends on language and symbolic writing conventions (V1 core test).,E,2,4,0.88
score,a number of points,V1,"Entities existing mainly because of language, symbols, rules, or social agreement (game scoring system).",E,2,4,0.88
smart,quick at learning,V1,"Abstract cognitive state; depends on language and conceptual categories, not direct perception.",E,2,4,0.88
strange,not known,V1,"Verbally defined state; core test: ""not known"" depends on language/symbols for knowledge concepts.",E,2,4,0.88
wife,a married woman,V1,"Institutionally defined social role; requires language, law, and social agreement on marriage.",E,2,4,0.88
buy,a bargain,V1,"Concept depends on language, social agreement, and commercial institutions (V1 core test).",E,2,4,0.88
adventure,an exciting happening,V1,"Verbally defined concept; depends on language/convention to recognize/categorize an ""exciting happening"".",E,2,4,0.89
bingo,a game of chance,V1,"Verbally/institutionally defined entity; requires social agreement, rules, and symbols (Core test: would not exist without language/convention).",E,2,4,0.89
encyclopedia,book with information about many subjects,V1,"Concept depends on language, symbols, and cultural convention for organized information; not directly perceptible without symbolic systems.",E,2,4,0.89
romance,a love affair,V1,Socially defined relationship; depends on language and cultural agreement (V1 core test).,E,2,4,0.89
general,a high ranking officer in the army,V1,"Institutionally defined role; requires social agreement, language, and military hierarchy (V1 core test).",E,2,4,0.89
lady,a titled woman,V1,Institutionally defined social role; depends on language and social agreement (V1 core test).,E,2,4,0.89
polite,have good manners,V1,"Abstract state depending on social agreement and conventions; core V1 test: requires cultural rules, not direct perception.",E,2,4,0.89
talk,a speech,V1,"Verbally/institutionally defined entity; depends on language and social convention, not direct perception.",E,2,4,0.89
four,one more than three (4),V1,Verbally/institutionally defined unit; requires language/symbols (V1 core test).,E,2,4,0.89
land,a country,V1,"Verbally/institutionally defined entity; requires social agreement, laws, and borders (V1 core test).",E,2,4,0.89
nickname,another shorter name for a person,V1,Verbally defined entity depending on language and social agreement (V1 core test).,E,2,4,0.89
number,the total,V1,Abstract quantity depending on language and numerical/symbolic systems.,E,2,4,0.89
peace,freedom from fighting,V1,Abstract state of absence of conflict; depends on language/social agreement (V1 core test: not existent without symbols or convention).,E,2,4,0.89
price,the cost,V1,"Verbally/institutionally defined entity/unit; depends on economic systems, money, and social agreement.",E,2,4,0.89
Thursday,the fifth day of the week,V1,Verbally/institutionally defined time unit; depends on calendar convention and social agreement.,E,2,4,0.89
count,a sum reached by numbering; total,V1,Verbally-defined entity (numerical sum/total) requiring language/symbols/numbering conventions; core V1 test: does not exist without symbolic systems.,E,2,4,0.89
cousin,an uncle’s and aunt’s child,V1,Kinship role defined by social agreement and language; cannot be recognized without conventions (V1 core test).,E,2,4,0.89
ninety,the number that is nine times ten (90),V1,"Verbally-defined numerical unit; requires language/symbols, not direct perception (V1 core test).",E,2,4,0.89
monster,"a horrible, imaginary creature",V1,"Imaginary entity depending on language, stories, and cultural convention; core V1 test: would not exist without symbolic systems.",E,2,4,0.9
dessert,"the last course of a meal, usually sweet",V1,Depends on social convention and language for meal structure/roles.,E,2,4,0.9
January,the first month of the year,V1,Verbally/institutionally defined time unit; depends on calendar conventions and social agreement.,E,2,4,0.9
America,the United States,V1,"Verbally/institutionally defined entity; depends on language, law, and social agreement.",E,2,4,0.9
channel,a television station,V1,"Verbally/institutionally defined entity; requires language, technology, and social convention.",E,2,4,0.9
deal,a bargain,V1,Verbally/institutionally defined entity; depends on social agreement and economic conventions (V1 core test).,E,2,4,0.9
giant,an imaginary being who looks like a huge person,V1,"Verbally-defined entity; imaginary concept depending on language and stories, not direct perception.",E,2,4,0.9
hit,something that is successful or popular,V1,Concept/state depending on social agreement and cultural convention (V1 core test).,E,6,4,0.9
quarter,twenty-five cents,V1,Unit defined by monetary institution/law; requires social agreement (V1 core test).,E,2,4,0.9
tale,a story,V1,Concept depends on language and symbolic narrative; would not exist without verbal convention.,E,2,4,0.9
two,a number equal to one plus one (2),V1,Verbally-defined unit/concept; requires language/symbols (V1 core test).,E,2,4,0.9
day,a twenty-four-hour period of time,V1,Time system unit; depends on verbal/numerical convention (24 hours).,E,2,4,0.9
gift,a present,V1,Depends on social convention/agreement; not recognizable by direct perception alone.,E,2,4,0.91
grocery,a food store,V1,Verbally/institutionally defined entity; depends on social agreement and commercial institutions (V1 core test).,E,2,4,0.91
space,a blank between printed words,V1,Concept depends on language/symbolic system of printed words; core test: requires convention of writing.,E,2,4,0.91
dear,an affectionate name for a loved one,V1,Verbally/institutionally defined entity (name); depends on language and social agreement.,E,2,4,0.91
king,a crowned ruler,V1,Verbally/institutionally defined role; depends on social agreement and conventions.,E,2,4,0.91
high,costs a lot of money,V1,"State dependent on language, monetary units, and economic institutions.",E,2,4,0.91
know,to understand,V1,Abstract cognitive state depending on language and conceptual categories; not directly perceptible or basic biological.,E,2,4,0.91
Wednesday,the fourth day of the week,V1,"Verbally/institutionally defined entity (time system); depends on language, convention, and social agreement (Core test: would not exist without symbols or cultural rules).",E,2,4,0.91
December,the last month of the year,V1,Verbally/institutionally defined time unit in calendar system; requires social convention and symbols.,E,2,4,0.91
dozen,twelve,V1,Unit defined by language/convention; V1 core test.,E,2,4,0.91
fairy,an imaginary being,V1,"Verbally defined entity; depends on language/cultural concepts, not direct perception (V1 core test).",E,2,4,0.91
February,second month of the year,V1,Time system unit depending on linguistic convention and calendar institutions.,E,2,4,0.91
Friday,the sixth day of the week,V1,Verbally/institutionally defined entity in time system; requires social convention and symbolic numbering.,E,2,4,0.91
gift,a special ability,V1,Abstract concept/state depending on language and social agreement (V1 core test).,E,2,4,0.91
March,the third month of the year,V1,Verbally/institutionally defined time unit; depends on calendar convention and language (V1 core test).,E,2,4,0.91
message,information sent from one person to another,V1,Concept depends on language/symbols and social communication conventions; core V1 test.,E,2,4,0.91
mistake,a wrong act or error,V1,"Concept depends on language/social agreement for what counts as ""wrong""; core V1 test: does not exist without conventions.",E,2,4,0.91
paper,a newspaper,V1,"Verbally/institutionally defined entity; depends on language, printing conventions, and social agreement for news publication.",E,2,4,0.91
Saturday,seventh day of the week,V1,Time system/unit defined by linguistic/social convention (V1 core test).,E,2,4,0.91
sure,certain,V1,Abstract state depending on language and cognitive concepts; not directly perceptible or basic affective.,E,2,4,0.91
jail,a place where prisoners are kept,V1,"Depends on language, law, institutions (imprisonment); core V1 test: concept requires social agreement.",E,2,4,0.92
hobby,a favorite activity,V1,Concept depends on language and social agreement for leisure/favorite activity category.,E,2,4,0.92
ran,the past tense of run,V1,Concept defined as grammatical tense form; depends on language/symbolic system (V1 core test).,E,2,4,0.92
period,a punctuation mark,V1,Concept depends on language conventions and symbolic writing system; not directly perceptible without formal rules.,E,2,4,0.92
billion,"a huge number (1,000,000,000)",V1,Verbally/institutionally defined unit; requires language and numerical convention (V1 core test).,E,2,4,0.92
dollar,official U.S. money,V1,"Institutionally defined unit; depends on language, law, and social agreement (V1 core test).",E,2,4,0.92
eighth,the number after seventh,V1,Verbally/institutionally defined numerical unit; depends on language/symbolic counting system.,E,2,4,0.92
eleven,one more than ten (11),V1,Verbally/institutionally defined unit; depends on language and numerical system (V1 core test).,E,2,4,0.92
gallon,four quarts,V1,Unit defined by language/convention (four quarts); V1 core test: depends on symbolic systems.,E,2,4,0.92
half,a break in the middle of a game,V1,"Institutionally defined event/unit in games; requires rules/conventions, per V1 core test.",E,2,4,0.92
hundred,ten times ten (100),V1,Verbally/institutionally defined unit; depends on language and numerical system (Core test: no existence without symbols).,E,2,4,0.92
life,a way of living,V1,Abstract concept/state depending on language and social agreement (V1 core test).,E,2,4,0.92
menu,a list of food available to be served,V1,"Depends on language, symbols, and social/institutional convention (restaurant service); core V1 test: requires social agreement.",E,2,4,0.92
mile,a measure of distance,V1,Verbally/institutionally defined unit; depends on measurement convention and symbols.,E,2,4,0.92
name,what a person is called,V1,Verbally/institutionally defined entity; depends on language and social agreement (V1 core test).,E,2,4,0.92
song,music or a poem to be sung,V1,"Concept depends on language, symbols, and cultural agreement; not directly recognizable without formal categories.",E,6,4,0.92
story,a made-up tale,V1,"Verbally-defined concept; depends on language/symbols, not direct perception (V1 core test).",E,2,4,0.92
test,a school exam,V1,Institutionally defined entity depending on educational conventions and social agreement.,E,2,4,0.92
Tuesday,the third day of the week,V1,Verbally/institutionally defined time system/unit; depends on social convention and calendar rules.,E,2,4,0.92
play,a stage show,V1,"Verbally/institutionally defined entity; depends on cultural conventions of theater, not direct perception alone.",E,2,4,0.92
football,a game,V1,"Verbally/institutionally defined entity; requires rules, conventions, and social agreement to recognize as distinct game (V1 core test).",E,2,4,0.93
question,something that is asked,V1,"Verbally defined entity; requires language/symbols, core test: concept does not exist without linguistic convention.",E,2,4,0.93
syllable,a part of a word,V1,"Verbally-defined linguistic entity; cannot be understood by direct perception alone, depends on language conventions.",E,2,4,0.93
hour,a fixed time,V1,"Time unit/system; V1 core test: depends on language, symbols, and social agreement.",E,2,4,0.93
hard,not easy,V1,"Abstract state defined verbally; depends on language/convention (core V1 test: requires symbolic agreement, not direct perception).",E,2,4,0.93
inch,one twelfth of a foot,V1,"Unit of measurement; depends on language, convention, and formal system. Core test: would not exist without social agreement/symbols.",E,2,4,0.93
July,the seventh month of the year,V1,Verbally/institutionally defined time unit; depends on calendar convention and language.,E,2,4,0.93
moment,a very short period of time,V1,Verbally/institutionally defined time unit; depends on language/abstract categories (V1 core test).,E,2,4,0.93
story,a newspaper article,V1,"Concept depends on language, symbols, and institutional conventions (news media); would not exist without social agreement.",E,2,4,0.93
three,a number that is one more than two (3),V1,"Verbally-defined unit/concept; depends on symbolic numerical system, not direct perception.",E,2,4,0.93
today,this day,V1,Verbally/institutionally defined time concept/unit; requires language and calendar conventions (V1 core test).,E,2,4,0.93
hour,sixty minutes,V1,Unit of time that depends on verbal/conventional measurement system (V1 core test).,E,2,4,0.93
Mayflower,ship that brought Pilgrims to America,V1,"Verbally/institutionally defined entity; specific historical referent depends on language, symbols, and social/historical agreement.",E,2,4,0.94
August,the eighth month of the year,V1,Verbally/institutionally defined time unit; depends on calendar convention (V1 core test).,E,2,4,0.94
family,group of people who are related and live together,V1,Concept depends on social agreement about relatedness and group roles; not directly perceptible without convention.,E,2,4,0.94
police,officers of the law,V1,Role defined by law/institutions; depends on social agreement (V1 core test).,E,2,4,0.94
Sunday,the first day of the week,V1,Verbally/institutionally defined time unit; depends on social convention and calendar system (V1 core test).,E,2,4,0.94
job,work done for pay,V1,"Institutionally defined entity/role; requires social agreement, currency, and economic conventions (V1 core test).",E,2,4,0.94
five,one more than four (5),V1,Verbally/institutionally defined unit; requires symbolic numerical system (V1 core test).,E,2,4,0.94
June,the sixth month of the year,V1,Verbally/institutionally defined time system unit; depends on calendar convention.,E,2,4,0.94
Monday,second day of the week,V1,Verbally/institutionally defined time unit; depends on cultural calendar convention (V1 core test).,E,2,4,0.94
seven,a number that is one more than six (7),V1,Verbally defined unit; depends on symbolic number system and language (V1 core test).,E,2,4,0.94
twenty,a number equal to ten times two (20),V1,Verbally/institutionally defined numerical unit; depends on language/symbols (V1 core test).,E,2,4,0.94
church,a building for worship,V1,Verbally/institutionally defined entity; relies on social/religious agreement and institutions (worship).,E,2,4,0.95
letter,a written message,V1,Depends on language and symbolic conventions to recognize as a message; V1 core test.,E,2,4,0.95
letter,one of the ABCs,V1,Verbally-defined entity requiring knowledge of linguistic/symbolic system (alphabet); core test: does not exist without language/symbols.,E,2,4,0.95
country,a land or district,V1,"Verbally/institutionally defined entity; depends on social agreement and borders, not direct perception alone.",E,2,4,0.95
game,a form of play,V1,"Concept of ""game"" as a form of play depends on social convention and rules, not direct perception alone.",E,2,4,0.95
lord,a person who has power over others,V1,Verbally/institutionally defined role; depends on social agreement/institutions (V1 core test).,E,4,4,0.95
arithmetic,the study of numbers,V1,"Verbally-defined abstract concept/field; depends on language, symbols, and formal categories.",E,2,4,0.95
November,the eleventh month of the year,V1,Time system unit depending on calendar convention and social agreement.,E,2,4,0.95
one,the first number (1),V1,Abstract numerical unit/concept requiring symbolic/language system (V1 core test).,E,2,4,0.95
year,twelve months,V1,"Time system unit (like decade); depends on language, calendar convention.",E,2,4,0.95
doctor,a medical expert,V1,"Institutionally defined role (doctor, judge).",E,2,4,0.95
equal,a symbol used in arithmetic,V1,Verbally/institutionally defined entity; requires arithmetic symbolic system (V1 core test).,E,2,4,0.95
nine,the number between eight and ten (9),V1,Verbally/institutionally defined unit/concept; depends on symbolic system and social agreement (Core test: Would the concept still exist without language/symbols?).,E,2,4,0.95
mail,letters and packages delivered by the post office,V1,Defined by institutional delivery system (post office); requires social agreement/institutions.,E,2,4,0.96
April,the fourth month of the year,V1,Verbally/institutionally defined time unit; depends on calendar convention and social agreement (V1 core test).,E,2,4,0.96
joke,a story that ends with a funny line,V1,Concept depends on language and social convention for structure and humor; would not exist without symbolic systems.,E,2,4,0.96
September,ninth month of the year,V1,"Time system unit; depends on language, calendar convention, and social agreement (V1 core test).",E,2,4,0.96
hello,a greeting,V1,Concept depends on language and social agreement; core test for V1.,E,2,4,0.97
Indian,Native American,V1,"Verbally/institutionally defined entity; requires language, history, and social agreement (V1 core test).",E,2,4,0.97
class,students in the same grade,V1,Institutionally defined group depending on educational system and formal categories (grade).,E,2,4,0.97
plus,a symbol used in arithmetic,V1,Verbally/institutionally defined entity/symbol; depends on arithmetic conventions and symbols.,E,2,4,0.97
penny,a one-cent coin,V1,"Unit of currency; depends on institutions, law, and social agreement (V1 core test).",E,2,4,0.98
map,a drawing that shows the land features of an area,V1,Concept depends on symbolic conventions and language to represent land features; not directly perceptible without formal systems.,E,2,4,0.98
band,a united group,V1,Verbally/institutionally defined entity depending on social agreement; core test: would not exist without language or social convention.,E ,2,4,0.77
belief,something generally believed to be true,V1,Abstract concept/state depending on language and social agreement; core V1 test.,E ,2,4,0.83
cell,a small room in a jail,V1,Institutionally defined entity within a jail; requires knowledge of law and social institutions (V1 core test).,L2,4,4,0.67
chorus,a musical piece written to be sung by many voices,V1,"Concept defined by musical conventions, language, and symbolic notation; requires cultural knowledge per V1 core test.",L2,4,4,0.67
chemical,materials used in experiments,V1,"Verbally/institutionally defined entity; requires scientific knowledge and convention, not direct perception alone.",L2,2,4,0.68
diamond,a red playing card marked with diamond shapes,V1,Verbally/institutionally defined entity; suit concept requires social agreement and symbolic rules of card games.,L2,6,4,0.68
spade,a black playing card with figure of a spade,V1,Verbally/institutionally defined entity in card games; requires conventions/symbolic system (V1 core test).,L2,4,4,0.68
thirteen,twelve plus one,V1,Verbally/institutionally defined unit; requires language/symbols/numerical system (V1 core test).,L2,4,4,0.68
chess,a board game played by two people,V1,"Concept depends on language, rules, and social conventions; V1 core test.",L2,4,4,0.69
throne,the chair of a person of royal authority,V1,Defined by institutional role (royal authority); requires social agreement and conventions.,L2,4,4,0.7
athlete,a person who takes part in sports,V1,Verbally/institutionally defined role; depends on social agreement and rules of sports (Core test: would not exist without conventions).,L2,4,4,0.7
faker,one who pretends,V1,Concept/role depending on language and social agreement about pretense; not directly perceptible.,L2,4,4,0.7
zillion,a very large indefinite number,V1,Abstract numerical concept dependent on language and symbols (V1 core test).,L2,4,4,0.7
Asia,the largest continent on Earth,V1,Concept depends on verbal/geographical classification systems; not directly recognizable without symbolic categories.,L2,4,4,0.71
coupon,a piece of paper that provides a discount on an item,V1,"Verbally/institutionally defined entity; depends on commercial conventions and social agreement for discounts, not direct perception alone.",L2,4,4,0.71
goblin,an ugly wicked elf,V1,"Verbally/institutionally defined entity; mythical concept depends on language and cultural agreement, not direct perception.",L2,4,4,0.71
recipe,a list of ingredients and directions for cooking,V1,Depends on language and symbolic conventions; would not exist without verbal systems.,L2,4,4,0.71
tie,a score that is even,V1,"Abstract state defined by game rules, scoring units, and numerical equality; requires social agreement/symbols (V1 core test).",L2,2,4,0.71
soldier,a person who serves in an army,V1,Institutionally defined role (serves in army); depends on social agreement and institutions.,L2,4,4,0.72
goal,a score in games,V1,Verbally/institutionally defined entity; depends on game rules and social agreement (V1 core test).,L2,4,4,0.72
groom,a person who cares for horses,V1,"Role defined by social convention and language, not direct perception alone.",L2,6,4,0.73
medal,an award,V1,"Verbally/institutionally defined entity; depends on social convention as an ""award"".",L2,4,4,0.73
mechanic,a person who works with and repairs machines,V1,Role defined by social agreement and institutional training; core test: depends on language and convention.,L2,4,4,0.74
base,any of the four corners of a baseball diamond,V1,Verbally/institutionally defined entity; requires knowledge of baseball rules and conventions (V1 core test).,L2,4,4,0.75
taxi,a car for hire having a meter to record fares,V1,"Verbally/institutionally defined entity; depends on social convention, hiring service, meter units, and fares.",L2,4,4,0.75
sheriff,the chief law enforcement officer of a county,V1,"Institutionally defined role; depends on law, social agreement (V1 core test).",L2,4,4,0.75
metal,"a class of chemical elements such as iron, gold, etc.",V1,"Defined as a class of chemical elements; requires formal scientific categories and language, not direct perception alone (V1 core test).",L2,4,4,0.77
buck,one U.S. dollar,V1,Verbally/institutionally defined unit (dollar); depends on social convention and law.,L2,4,4,0.77
point,a mark on a compass that shows direction,V1,Verbally/institutionally defined entity in a symbolic system (compass directions); requires convention/symbols (V1 core test).,L2,4,4,0.78
badge,a small metal shield that identifies a police officer,V1,"Depends on language, institutions (police), and social agreement for identification; not recognizable without conventions.",L2,4,4,0.78
coach,a trainer of athletes,V1,Verbally/institutionally defined role (trainer of athletes requires social convention and sports institutions).,L2,4,4,0.78
brand,the special name under which a product is sold,V1,"Verbally/institutionally defined entity; depends on language, naming convention, and social agreement (V1 core test).",L2,4,4,0.78
million,"a number that is one thousand times one thousand (1,000,000)",V1,Verbally defined numerical unit; depends on language/symbols (V1 core test).,L2,4,4,0.78
tennis,"a game played with a net, ball, and racquets",V1,"Entity defined by social conventions, rules, and institutional agreement; core test: depends on language/symbols/cultural knowledge.",L2,4,4,0.79
hula,a Hawaiian dance,V1,Concept depends on cultural convention and language; not recognizable by direct perception alone without social agreement.,L2,4,4,0.79
umpire,a baseball official,V1,Institutionally defined role requiring knowledge of baseball rules.,L2,4,4,0.79
odd,any number that does not divide evenly by two,V1,Abstract mathematical property defined by numerical rules and divisibility; requires symbolic system (V1 core test).,L2,4,4,0.83
odd,"numbers such as three, five, seven, nine",V1,Concept of numerical parity depends on symbolic mathematical system and language; core V1 test: requires formal categories/numbers.,L2,2,4,0.83
fool,an unwise or silly person,V1,"Concept depends on verbal/social agreement for ""unwise or silly""; not directly perceptible without language.",L2,4,4,0.84
bishop,a chess piece that moves only diagonally,V1,Concept depends on game rules and conventions; not recognizable without symbolic system (V1 core test).,L6,4,4,0.67
chorus,a part of a song that is repeated between verses,V1,Concept depends on musical convention and language-defined song structure; not recognizable by direct perception alone.,L6,4,4,0.67
bridge,a card game,V1,"Verbally/institutionally defined entity; requires social agreement and rules, per V1 core test.",L6,4,4,0.68
stretch,the straight part of a race course,V1,"Verbally/institutionally defined entity; depends on racing conventions and social agreement, not direct perception alone.",L6,6,4,0.69
set,a series of games,V1,Institutionally defined unit; depends on game rules and social convention (V1 core test).,L6,6,4,0.69
run,a score in baseball made by crossing home plate,V1,Institutionally defined entity/concept in baseball rules; requires social agreement and formal game rules (V1 core test).,L6,2,4,0.72
check,a token for claiming something,V1,"Verbally/institutionally defined entity; requires social agreement, law, and symbols (not directly perceptible without conventions).",L6,6,4,0.73
bum,"false, mistaken, or of poor quality",V1,"Abstract evaluative state (false/mistaken) depending on language/concepts of truth/quality; core test: requires verbal agreement, not direct perception.",L6,10,4,0.73
verse,a division within a poem,V1,Verbally-defined entity; depends on language and literary convention (V1 core test).,L6,4,4,0.74
banquet,"a large, formal meal for many people",V1,"Verbally/institutionally defined entity; ""formal"" meal depends on social convention, not direct perception alone.",L6,4,4,0.75
testament,a will; especially one involving personal property,V1,"Entities existing mainly because of language, social agreement, law, or formal categories (legal document).",L6,4,4,0.75
prom,abbreviation of promenade; a formal dance,V1,"Verbally/institutionally defined entity; requires social agreement and conventions, not direct perception alone.",L6,4,4,0.78
waltz,the music for a dance called the waltz,V1,Verbally/institutionally defined entity; specific music style depends on cultural convention and social agreement for the named dance.,L6,4,4,0.78
piece,a musical composition,V1,Verbally/culturally defined abstract entity; requires symbolic notation and musical conventions.,L6,2,4,0.8
pound,money of the United Kingdom,V1,Institutionally defined unit (currency); depends on social agreement and symbols.,L6,2,4,0.83
model,a person who wears clothes to display them for sale,V1,Role defined by social/institutional convention (fashion sales); not recognizable without cultural agreement.,L6,2,4,0.84
A-bomb,an atomic bomb,V1,Concept depends on scientific language and formal nuclear knowledge; not recognizable without symbolic systems (V1 core test).,T2,4,4,0.67
dead,dull or uninteresting,V1,"Abstract quality/state; requires language for concept of ""uninteresting""; core V1 test: depends on verbal categories, not direct perception.",T2,4,4,0.67
absence,being away; not present,V1,Abstract state/concept depending on language; not directly perceptual entity alone (V1 core test).,T2,4,4,0.67
rodeo,a competition to display skills related to ranching,V1,"Verbally/institutionally defined entity; depends on social agreement, rules, and cultural convention.",T2,4,4,0.67
bargain,something sold cheaply,V1,"Concept depends on language, economic institutions, pricing units, and social agreement on value.",T2,4,4,0.67
class,a group of like plants or animals,V1,"Abstract category/grouping depending on language, convention, and scientific classification systems; V1 core test.",T2,6,4,0.67
curse,an evil spell,V1,"Entities existing mainly because of language, social agreement, or symbolic systems; not directly perceptible.",T2,4,4,0.67
distant,far away in time,V1,"Abstract temporal concept/state depending on language; core test: requires verbal categories, not direct perception.",T2,4,4,0.67
real,not an imitation,V1,Concept of authenticity depends on social/conventional standards beyond direct perception.,T2,4,4,0.67
sort,a particular kind of person,V1,Abstract category/type depending on language; core test: would not exist without verbal categorization.,T2,6,4,0.67
stage,the theater as a profession,V1,Verbally/institutionally defined role/profession; depends on social agreement and cultural institutions.,T2,4,4,0.67
talent,special skill,V1,Abstract concept/state depending on language and social agreement; not directly perceptible.,T2,4,4,0.67
article,a story in newspaper or magazine,V1,"Depends on language, symbols, and institutional conventions (newspapers/magazines); V1 core test.",T2,4,4,0.67
choice,a thing or person selected,V1,Concept depends on language/abstract category of selection; V1 core test: would not exist without symbolic agreement.,T2,6,4,0.67
choice,the freedom of choosing,V1,Abstract concept/state depending on language and social agreement; core V1 test: would not exist without symbols or convention.,T2,4,4,0.67
charity,the giving of help to the needy,V1,Verbally/institutionally defined concept/state depending on social agreement and language; core test: would not exist without conventions.,T2,4,4,0.68
adjective,a word that modifies a noun or pronoun,V1,Linguistic concept depending on language conventions and rules; core V1 test: requires symbolic/verbal system.,T2,4,4,0.68
sentence,a spoken or written complete thought,V1,Verbally defined entity requiring language and grammatical conventions; core test: depends on symbolic systems.,T2,4,4,0.68
cruel,willing to cause suffering,V1,Abstract state depending on language and social agreement for intent and moral judgment; not directly perceptible.,T2,4,4,0.68
acre,a measure of land,V1,"Unit of measurement; depends on formal system, not direct perception (V1 core test).",T2,4,4,0.68
rule,the controlling power or government,V1,"Verbally/institutionally defined entity (government); depends on social agreement/law, per V1 core test.",T2,4,4,0.68
rule,what should occur or be done,V1,"Concept/state depending on language, convention, or social agreement (V1 core test).",T2,6,4,0.68
work,employment,V1,"Institutionally defined state/role; depends on language, social agreement, and law (V1 core test).",T2,4,4,0.68
duty,a job,V1,Verbally/institutionally defined role; depends on social agreement and convention.,T2,4,4,0.68
duty,something that you should do,V1,Abstract concept/state depending on social/moral conventions; core V1 test: requires language/institutions.,T2,4,4,0.68
fable,a short tale meant to teach a moral or lesson,V1,Concept of a tale with moral purpose depends on language and social/cultural agreement.,T2,4,4,0.68
limit,greatest amount allowed,V1,"Verbally/institutionally defined entity; depends on rules/convention (""allowed""); V1 core test.",T2,4,4,0.68
literature,writings that are works of art,V1,"Depends on language, cultural convention, and social agreement for ""works of art""; not directly perceptible.",T2,4,4,0.68
ought,to be expected,V1,"Abstract state/concept depending on language and convention; core V1 test: requires verbal definition, not direct perception.",T2,4,4,0.68
revenge,getting even,V1,Concept depends on social agreement and verbal definition of fairness/retaliation; core test for V1.,T2,4,4,0.68
scene,a part of a play,V1,Concept defined by linguistic/institutional convention (theater structure); requires language and social agreement.,T2,4,4,0.68
simple,easy,V1,Abstract state/concept requiring verbal/cognitive judgment; core test: depends on language for categorization.,T2,4,4,0.68
success,an affair or event that turns out well,V1,"Concept/state depending on verbal evaluation of outcome; core test: requires language/social agreement on ""turns out well"".",T2,4,4,0.68
title,the championship of a competition,V1,"Verbally/institutionally defined entity; depends on social agreement, rules, and competition conventions, not direct perception.",T2,4,4,0.68
title,the name of a book,V1,Verbally-defined entity; depends on language and symbolic naming conventions (V1 core test).,T2,4,4,0.68
trouble,difficulty,V1,"Abstract state depending on language and conceptual categories; core test: relies on verbal agreement, not direct perception.",T2,4,4,0.68
whole,the total,V1,"Verbally-defined abstract concept/state; core test: depends on language/symbolic categories for ""total"" as aggregate/complete sum.",T2,4,4,0.68
innocent,not guilty,V1,"Abstract legal state depending on institutions, law, and social agreement (V1 core test).",T2,4,4,0.68
insult,a rude action or remark,V1,"Concept depends on language, symbols, and social agreement; not directly perceptible without cultural norms.",T2,4,4,0.68
major,most important,V1,Abstract concept/state depending on language and social agreement (V1 core test).,T2,4,4,0.69
before,some time ago,V1,"Verbally defined temporal concept; cannot be understood by direct perception alone, depends on language.",T2,4,4,0.69
mathematician,a person who works with numbers,V1,Role defined by work with abstract symbols/numbers; requires language/institutions (V1 core test).,T2,4,4,0.69
exam,a test,V1,"Verbally/institutionally defined entity; depends on educational conventions and social agreement, not direct perception.",T2,4,4,0.69
habit,a usual way of doing something,V1,"Abstract concept/state; cannot be understood by direct perception alone, depends on verbal categorization of repeated patterns.",T2,4,4,0.69
task,a job or responsibility,V1,"Verbally/institutionally defined entity/role; depends on social agreement, not direct perception (V1 core test).",T2,4,4,0.69
clue,a guide that aids in solving a problem or mystery,V1,Concept depends on language and abstract problem-solving framework; would not exist without verbal/conceptual agreement.,T2,4,4,0.69
glamour,charm; fascinating attraction,V1,Abstract concept/state depending on language and social/cultural agreement; core V1 test.,T2,4,4,0.69
glamour,charm; fascinating attraction,V1,Abstract concept/state depending on language and social/cultural agreement; not directly perceptible.,T2,4,4,0.69
glamour,charm; fascinating attraction,V1,Abstract concept/state depending on language and social/cultural agreement; not directly perceptible without symbols.,T2,4,4,0.69
glamour,charm; fascinating attraction,V1,Abstract social/affective concept depending on language and cultural agreement; not directly perceptible.,T2,4,4,0.69
guilty,having done something wrong,V1,"Abstract state depending on social/moral conventions and language to define ""wrong""; core V1 test: requires agreement on rules/norms.",T2,4,4,0.69
honest,truthful,V1,"Abstract state depending on language, convention, and social agreement (V1 core test).",T2,4,4,0.69
legal,lawful,V1,Abstract state defined by law/institutions; would not exist without social agreement/law.,T2,4,4,0.69
matter,to be of importance,V1,Abstract state depending on language and social/cognitive evaluation; core test: would not exist without symbolic agreement.,T2,4,4,0.69
paragraph,a unit of writing,V1,Verbally defined unit; depends on language and writing conventions (V1 core test).,T2,4,4,0.69
stupid,without common good sense,V1,"Abstract state requiring language and social convention to define ""common good sense"".",T2,4,4,0.69
thief,a robber,V1,Institutionally defined role; depends on laws of property/theft.,T2,4,4,0.69
wild,crazy; unreasonable,V1,"Abstract state (unreasonable) depending on language, convention, and social agreement on reason.",T2,4,4,0.69
sign,a gesture that expresses permission or a demand,V1,"Entity defined by conventional social concepts (permission/demand); requires social agreement, not direct perception alone.",T2,2,4,0.7
master,the boss,V1,Role defined by social agreement and convention (V1 core test).,T2,4,4,0.7
code,a system of secret writing,V1,"Depends on language, symbols, and convention; not directly perceptible without rules.",T2,4,4,0.7
noun,"the name of a person, place, thing, or idea",V1,Verbally/institutionally defined entity; grammatical category depending on language conventions.,T2,4,4,0.7
purpose,the reason for doing something,V1,Abstract concept/state depending on language; V1 core test: does not exist without verbal/symbolic systems.,T2,4,4,0.7
refund,money returned,V1,"Verbally/institutionally defined entity; depends on social agreement, commerce, and conventions (not directly perceptible without rules).",T2,4,4,0.7
sign,a mark representing a type of computation,V1,Concept depends on symbolic systems and formal conventions (V1 core test).,T2,2,4,0.7
sign,a mark that means something,V1,"Concept depends on language/symbolic convention to ""mean something""; not directly perceptible without social agreement.",T2,4,4,0.7
skill,ability,V1,Abstract concept/state depending on language and social agreement; not directly perceptible.,T2,4,4,0.7
star,the main performer,V1,Verbally/institutionally defined role; depends on social convention.,T2,4,4,0.7
symbol,a concrete sign to represent something abstract,V1,Concept depends on language/symbolic systems and social agreement; V1 core test.,T2,4,4,0.7
thought,the ability to reason,V1,"Abstract cognitive ability depending on language and conceptual categories; core V1 test: requires symbolic systems, not direct perception.",T2,6,4,0.7
thought,believed,V1,Abstract state requiring language/symbols for propositional content; core test: depends on verbal concepts.,T2,4,4,0.7
energy,a source or supply of power,V1,Concept depends on language/abstract categories; not directly perceptible without symbolic systems.,T2,4,4,0.71
head,leader,V1,Role depending on social agreement/institutions (V1 core test).,T2,4,4,0.71
sir,a title of respect for a man,V1,Verbally/institutionally defined role/title; depends on social agreement and language.,T2,4,4,0.71
volunteer,a person who offers help,V1,"Verbally/institutionally defined role; depends on social agreement, not direct perception alone.",T2,4,4,0.71
apology,a statement in which you say you are sorry,V1,Verbally-defined entity; requires language and social convention (V1 core test).,T2,4,4,0.71
week,five working days,V1,Time unit relying on social/institutional convention and language; core V1 test: depends on symbols and agreement.,T2,4,4,0.71
shine,to be the best at,V1,"Abstract state depending on language, comparison, and social agreement; core test: would not exist without symbolic systems.",T2,6,4,0.71
instant,a very short time,V1,"Verbally/institutionally defined time concept; depends on language for categorization, not direct perception alone.",T2,4,4,0.71
target,the goal one tries for,V1,"Abstract concept/state depending on language and cognitive intention; core V1 test: requires symbolic/cultural understanding of ""goal"".",T2,4,4,0.71
lap,one length of something such as a track or pool,V1,"Verbally/institutionally defined unit; requires convention/rules of tracks/pools, not direct perception.",T2,4,4,0.72
order,a command,V1,"Concept depends on language, symbols, and social agreement; core V1 test: would not exist without verbal/institutional convention.",T2,4,4,0.72
verb,a word that expresses action or a state of being,V1,Linguistic/grammatical category; depends on language conventions and symbolic rules (V1 core test).,T2,4,4,0.72
compound,a word made up of two or more words,V1,Verbally-defined linguistic concept; depends on language conventions and symbolic systems.,T2,4,4,0.72
fault,the responsibility for a mistake or wrongdoing,V1,"Abstract state of responsibility depending on social agreement, language, and conventions (V1 core test).",T2,4,4,0.72
nonsense,foolishness,V1,Abstract state depending on language and social agreement; core V1 test.,T2,4,4,0.72
tale,a lie,V1,"Concept of falsehood depends on language, symbols, and social agreement on truth; core V1 test.",T2,4,4,0.72
type,a certain kind,V1,Abstract category/concept depending on language; V1 core test.,T2,4,4,0.72
spy,a secret watcher,V1,"Role defined by social agreement, secrecy, and intention; depends on language/convention (V1 core test).",T2,4,4,0.73
germ,a cause of disease,V1,Concept of disease-causing entity requires scientific language/knowledge; not directly perceptible in ordinary experience (V1 core test).,T2,4,4,0.73
sport,a good loser,V1,"Socially defined role/state requiring convention and language, not direct perception (V1 core test).",T2,4,4,0.73
save,the opposite of waste,V1,"Concept defined verbally as relational opposite (""waste""); depends on language and abstract categories, not direct perception.",T2,4,4,0.73
team,a group working together,V1,"Entities existing mainly because of language, social agreement, or abstract categories.",T2,4,4,0.73
charge,an amount of electricity,V1,"Concept of quantified ""amount of electricity"" (charge) requires scientific language, measurement units, and symbolic systems; not directly perceptible without formal knowledge.",T2,6,4,0.73
index,an alphabetical list that gives the contents of a book,V1,"Verbally/institutionally defined entity; depends on language, symbols (alphabetical order), and conventions.",T2,4,4,0.73
reason,an explanation,V1,Abstract concept/state depending on language and convention; V1 core test.,T2,4,4,0.73
report,a news story,V1,"Verbally/institutionally defined entity; depends on language and media conventions, not direct perception.",T2,4,4,0.73
pattern,a design,V1,Abstract concept depending on language/conceptual categories; not directly perceptible as concrete entity (V1 core test).,T2,4,4,0.74
fan,a great admirer of someone or something,V1,Verbally-defined social role; depends on language and social agreement (V1 core test).,T2,2,4,0.74
speech,the ability to express thoughts by saying words,V1,Concept of ability depends on language/symbols; would not exist without verbal systems (V1 core test).,T2,2,4,0.74
goal,aim; purpose,V1,Abstract concept/state depending on language and convention; V1 core test.,T2,6,4,0.74
lead,the position of being ahead of all others,V1,"Abstract state/position depending on social agreement, rules, or competition; core test: requires convention beyond direct perception.",T2,2,4,0.74
luck,chance,V1,Abstract concept/state depending on language; would not exist without verbal/conceptual agreement (V1 core test).,T2,4,4,0.74
public,for the use of everyone,V1,Concept depends on social agreement and language for shared use; core V1 test: relies on convention.,T2,4,4,0.74
magazine,a publication with pictures and articles,V1,"Verbally/institutionally defined entity; requires language, printing conventions, and social agreement (Core test: would not exist without symbols/language).",T2,4,4,0.75
emergency,a situation that calls for quick action,V1,Concept depends on language and social agreement for recognition as a situation requiring quick action; not directly perceptible without convention.,T2,4,4,0.75
janitor,a person who takes care of a building,V1,Verbally/institutionally defined role; depends on social agreement (V1 core test).,T2,4,4,0.75
fine,very nice,V1,Abstract evaluative quality depending on language and social convention; core test: would not exist without verbal categories.,T2,4,4,0.75
shame,disgrace,V1,"Abstract state depending on social agreement, language, and convention (V1 core test).",T2,4,4,0.75
it,a person has to do something special in a game,V1,Role defined by game rules and social convention (V1 core test).,T2,2,4,0.75
column,numbers under each other,V1,Verbally-defined entity relying on symbolic/numerical conventions and alignment rules.,T2,4,4,0.75
comma,a punctuation mark used in writing,V1,Concept depends on language and writing conventions; would not exist without symbolic systems.,T2,2,4,0.75
earn,to deserve,V1,"Abstract state/concept depending on language, social norms, and convention; core V1 test: would not exist without symbolic systems or agreement.",T2,4,4,0.75
switch,a change,V1,Abstract concept/state depending on language; V1 core test: would not exist without verbal categories.,T2,4,4,0.75
cost,a loss or sacrifice,V1,Abstract state/concept depending on language and social agreement; core V1 test: would not exist without conceptual categories.,T2,6,4,0.75
ball,a big formal dance,V1,Social event defined by convention and language; core test: would not exist without social agreement.,T2,4,4,0.76
month,about four weeks,V1,Verbally/institutionally defined time unit; depends on calendar conventions (V1 core test).,T2,4,4,0.76
problem,a personal difficulty,V1,Abstract state/concept depending on language and cognitive interpretation; not directly perceptible (V1 core test).,T2,6,4,0.76
problem,a question proposed for discussion or solving,V1,"Abstract concept/state depending on language and convention; core test: requires verbal definition, not direct perception.",T2,4,4,0.76
property,a thing owned,V1,"Depends on social agreement, law, and institutions for ownership concept.",T2,4,4,0.76
report,a statement,V1,"Verbally defined entity; depends on language, not direct perception.",T2,4,4,0.76
second,next after first,V1,Verbally/institutionally defined ordinal concept; requires language and abstract sequencing rules (V1 core test).,T2,4,4,0.76
coward,a person without courage,V1,"Concept depends on language and social agreement for the evaluative trait ""without courage"".",T2,4,4,0.76
elf,a kind of mischievous fairy,V1,"Verbally/institutionally defined entity; depends on language, folklore, and cultural convention (V1 core test).",T2,4,4,0.77
may,is allowed,V1,"Abstract state depending on social agreement, rules, or institutions (V1 core test).",T2,6,4,0.77
funeral,a burial service,V1,Institutionally defined event; depends on social conventions and cannot be recognized without cultural rules.,T2,4,4,0.77
lesson,schoolwork,V1,"Verbally/institutionally defined entity; depends on educational institutions and conventions, not direct perception.",T2,4,4,0.77
close,an end,V1,"Abstract concept/state depending on language, not direct perception; V1 core test.",T2,4,4,0.77
difficult,hard,V1,Abstract state not understandable by direct perception; depends on language and cognitive evaluation (V1 core test).,T2,2,4,0.77
draw,a score that is tied,V1,"State defined by game rules, scoring, and social convention; requires language/institutions (V1 core test).",T2,2,4,0.77
right,as it should be,V1,"Abstract state depending on social agreement/norms; core test: requires convention, not direct perception.",T2,4,4,0.77
west,a direction; opposite of east,V1,Verbally/institutionally defined concept; requires language and conventional spatial system (opposite of east).,T2,4,4,0.77
worse,"inferior in quality, condition, of value",V1,Abstract evaluative state depending on language/conventional standards; not directly perceptible physical property (P4 core test).,T2,4,4,0.77
pioneer,an explorer or settler,V1,Role (explorer/settler) defined by social agreement and verbal concepts; core V1 test: depends on language/cultural categories.,T2,4,4,0.78
busy,at work,V1,"Verbally/institutionally defined state; ""at work"" depends on social conventions of labor/employment.",T2,4,4,0.78
regular,usual,V1,"Abstract state/concept depending on patterns, norms, or verbal convention; core test: requires social/experiential agreement beyond direct perception.",T2,4,4,0.78
daily,every day,V1,"Verbally-defined time system/frequency; depends on conventional unit ""day"" (cf. annual).",T2,4,4,0.78
great,excellent,V1,"Abstract quality depending on verbal/conventional standards, not direct perception.",T2,4,4,0.78
know,to have information,V1,"Verbally-defined state of possessing information, dependent on language/symbols; core V1 test.",T2,4,4,0.78
width,the measurement of something from side to side,V1,Verbally/institutionally defined entity depending on measurement conventions; core test: requires formal measurement system.,T2,4,4,0.78
zero,the point where counting begins,V1,"Concept/unit depending on language, symbols, and numerical convention; would not exist without formal systems.",T2,4,4,0.78
appointment,a set date,V1,"Verbally/institutionally defined entity; depends on social agreement, calendars, and time conventions (V1 core test).",T2,4,4,0.78
college,a school after high school,V1,Institutionally defined entity requiring knowledge of educational systems and social conventions.,T2,2,4,0.78
date,social meeting by two people interested in each other,V1,"Concept depends on social agreement, language, and cultural conventions about romantic interest; core V1 test.",T2,2,4,0.78
equator,a map line dividing Earth halfway between the poles,V1,"Depends on language, maps/symbols, and geographical conventions; not directly perceptible without formal systems.",T2,4,4,0.78
excellent,very good,V1,Abstract quality/state depending on language and cultural convention; not directly perceptible physical property.,T2,4,4,0.78
fib,a lie about something unimportant,V1,Abstract entity defined by language and social convention on truth; core test: does not exist without symbolic agreement.,T2,4,4,0.78
private,sort of a secret; confidential,V1,Concept depends on social agreement and convention; would not exist without language/symbols.,T2,4,4,0.78
word,a group of letters that form a unit of language,V1,Verbally defined linguistic unit; depends on language conventions and symbols (V1 core test).,T2,4,4,0.78
might,power,V1,Abstract concept/state depending on verbal/abstract categories; not directly perceptible without language.,T2,4,4,0.79
university,a school of higher education having one or more colleges,V1,"Institutionally defined entity; requires language, social agreement, and formal educational categories (V1 core test).",T2,4,4,0.79
control,to have power over,V1,"Abstract state of power/authority depending on social agreement/institutions, not direct perception.",T2,4,4,0.79
anniversary,a yearly event that is remembered,V1,Verbally/institutionally defined event depending on time units (yearly) and social agreement; V1 core test.,T2,4,4,0.79
broke,without money,V1,State depending on institutionally defined entity (money); fails P1 core test (requires social agreement/language).,T2,4,4,0.79
deal,an agreement,V1,"Verbally/institutionally defined entity; depends on social agreement and language, not direct perception.",T2,4,4,0.79
evil,sin and wrongdoing,V1,"Verbally/institutionally defined abstract moral state; requires social, religious, or cultural conventions.",T2,4,4,0.79
fair,moderately good; acceptable,V1,"Verbally/institutionally defined state; depends on social convention/standards for ""acceptable"" (V1 core test).",T2,2,4,0.79
ghost,a dead person’s spirit,V1,"Concept depends on language, cultural belief, and social agreement; not directly perceptible physical entity (P1 core test).",T2,4,4,0.79
possible,can happen,V1,Abstract concept/state depending on language; core test: would not exist without verbal/conceptual agreement.,T2,4,4,0.79
responsible,deserving of credit or blame,V1,"Abstract state depending on language, social convention, and moral judgment (V1 core test).",T2,4,4,0.79
responsible,worthy of trust; reliable,V1,"Abstract state depending on social agreement, language, and convention (V1 core test).",T2,4,4,0.79
science,tested knowledge about nature and the universe,V1,"Abstract concept/state depending on language, convention, and systematic testing; core V1 test: requires symbolic systems.",T2,4,4,0.79
special,an item on sale,V1,Institutionally defined state (on sale) requiring commercial conventions and social agreement (V1 core test).,T2,6,4,0.8
pickle,a difficult or disagreeable situation.,V1,Abstract state/concept depending on verbal definition; not directly perceptible without language.,T2,2,4,0.8
force,a group of people organized for a purpose,V1,"Verbally/institutionally defined entity; depends on social agreement and organization, not direct perception alone.",T2,2,4,0.81
open,free or accessible to the public,V1,State depending on social/institutional concepts of 'public' access; core V1 test: requires social agreement.,T2,2,4,0.81
program,story on radio or television,V1,"Verbally/institutionally defined entity; requires media institutions, language, and cultural convention (V1 core test).",T2,2,4,0.81
percent,the number of parts in one hundred,V1,Unit depending on language/numerical convention (V1 core test).,T2,2,4,0.83
own,to have or possess,V1,"Verbally/institutionally defined state; depends on social agreement, law, or convention (core test: would not exist without language/institutions).",T2,4,4,0.84
bright,very smart,V1,Verbally defined abstract state; depends on language and social agreement (V1 core test).,T2,2,4,0.84
tribe,a group connected by common ancestry or culture,V1,"Social entity depending on language, culture, and social agreement; V1 core test.",T2,2,4,0.84
grand,noble; dignified,V1,Abstract state depending on social convention/language; core test: would not exist without social agreement.,T2,6,4,0.85
act,a law passed,V1,"Institutionally defined entity; depends on law, language, and social agreement (V1 core test).",T2,6,4,0.85
heart,the central or most important part,V1,"Abstract concept depending on language for centrality/importance; core V1 test: relies on verbal definition, not direct perception.",T2,4,4,0.85
language,an organized system of spoken words,V1,"Verbally/institutionally defined entity; depends on language, convention, and social agreement (V1 core test).",T2,2,4,0.85
cool,a relaxed style of behavior,V1,"Abstract state/style defined by social convention/language, not direct perception.",T2,6,4,0.85
area,the amount of surface within a given boundary,V1,Verbally/institutionally defined unit/concept; requires measurement systems and formal categories (V1 core test).,T2,2,4,0.86
kind,sort or type,V1,Abstract category/sort depending on language and conceptual agreement (V1 core test).,T2,6,4,0.86
prince,a ruler of a small state or territory,V1,Institutionally defined role; requires social agreement/law (V1 core test).,T2,2,4,0.86
medicine,a science of treating or curing illness,V1,"Verbally/institutionally defined entity (science as a field); requires language, conventions, and formal knowledge systems.",T2,4,4,0.87
race,group with like physical traits passed down generations,V1,"Entities existing mainly because of language, social agreement, or abstract categories.",T2,2,4,0.88
romance,a love story,V1,Concept of a narrative genre depends on language and social/cultural agreement.,T2,4,4,0.89
rich,luxurious; costly,V1,"Depends on economic conventions, monetary value, and social agreement (costly); core V1 test.",T2,2,4,0.91
period,a length of time,V1,Verbally-defined unit/concept of time; depends on language and abstract categorization (V1 core test).,T2,4,4,0.92
family,a group of things having common or similar traits,V1,"Abstract concept/grouping depending on language and categorical agreement; core V1 test: relies on verbal definition of ""common traits"".",T2,2,4,0.94
avenger,one who takes revenge,V1,Verbally-defined role; concept depends on language and social agreement (not direct perception).,T2 ,4,4,0.67
future,a time yet to come,V1,Verbally defined time concept; depends on language and abstract categories (core V1 test).,T2 ,4,4,0.69
cell,a unit of living matter,V1,"Verbally-defined biological unit; requires scientific language and categorization, not direct perception (P1 core test fails).",T6,4,4,0.67
section,a view of a thing as if cut,V1,Concept of representational view depends on language/convention; not directly perceptible without symbolic understanding.,T6,8,4,0.67
young,new at something,V1,Abstract state depending on language/concepts of experience/time; not directly perceptible.,T6,4,4,0.67
continent,one of seven great land masses on Earth,V1,"Concept of ""one of seven"" depends on verbal/geographical convention; not directly recognizable via perception alone.",T6,4,4,0.67
break,a rest period,V1,"Verbally/institutionally defined entity; depends on social agreement and convention, not direct perception.",T6,4,4,0.67
manner,way of doing,V1,Abstract concept/state depending on language; core test: would not exist without verbal categories.,T6,4,4,0.67
laborer,a worker,V1,Verbally/institutionally defined role; depends on social agreement and labor concepts.,T6,4,4,0.67
budget,a plan for spending,V1,"Entities existing mainly because of language, social agreement, or formal categories (financial planning concept).",T6,4,4,0.67
auction,a sale where articles are sold to the highest bidder,V1,Concept depends on social agreement and institutional rules (highest bidder wins); V1 core test.,T6,4,4,0.67
bargain,an agreement on the terms of a business deal,V1,Verbally/institutionally defined entity requiring social agreement and language; V1 core test.,T6,4,4,0.67
basic,very important,V1,Abstract evaluative state depending on language and social agreement (V1 core test).,T6,4,4,0.67
class,the kind or sort,V1,Abstract concept of categorization/kind/sort that depends on language and conceptual agreement; core V1 test: does not exist without symbolic systems.,T6,4,4,0.67
command,the soldiers under an officer,V1,"Institutionally defined entity depending on military roles, hierarchy, and social agreement.",T6,4,4,0.67
complaint,a charge against,V1,Verbally/institutionally defined entity; depends on legal/social convention (V1 core test).,T6,4,4,0.67
expense,something that costs money,V1,Verbally/institutionally defined entity depending on monetary units and social/economic conventions.,T6,4,4,0.67
fame,popular acclaim; renown,V1,"Abstract social state depending on language, convention, and social agreement (V1 core test).",T6,4,4,0.67
knot,a unit of speed at sea,V1,"Verbally/institutionally defined unit; depends on language, convention, and measurement system.",T6,8,4,0.67
professional,one who has been specifically licensed in a skill,V1,"Institutionally defined role; requires licensing, law, and social agreement (V1 core test).",T6,4,4,0.67
quarter,one-fourth,V1,"Abstract numerical unit/fraction; depends on language, symbols, math conventions (V1 core test).",T6,4,4,0.67
release,the date of publication for a new book or film,V1,Verbally/institutionally defined entity/unit (time system tied to publishing conventions).,T6,4,4,0.67
specialty,a particular branch of a profession or trade,V1,Verbally/institutionally defined entity/role; depends on social agreement and professional conventions.,T6,4,4,0.67
stage,a period in life,V1,Abstract time period concept depends on language and conceptual categories; V1 core test.,T6,6,4,0.67
bishop,a high-ranking clergy responsible for several churches,V1,Verbally/institutionally defined role; depends on religious institutions and social agreement.,T6,4,4,0.67
choice,carefully selected; excellent,V1,Adjective state depending on language-defined evaluative standards and social agreement.,T6,4,4,0.67
chemical,related to mixtures,V1,"Verbally defined concept; depends on scientific category/language, not direct perception (V1 core test).",T6,6,4,0.68
galaxy,a star system,V1,Concept depends on scientific language and abstract categorization; not directly perceptible without formal astronomical knowledge.,T6,4,4,0.68
dash,a punctuation mark,V1,"Verbally/institutionally defined entity; requires language/symbolic systems, per V1 core test.",T6,4,4,0.68
loyal,faithful,V1,Abstract state/role depending on social agreement and convention; not directly perceptible.,T6,4,4,0.68
chief,the leader of a tribe,V1,"Role defined by social agreement/institution; core V1 test: depends on convention, not direct perception.",T6,4,4,0.68
military,armed forces,V1,"Institutionally defined entity; depends on social agreement, law, and formal organization (V1 core test).",T6,4,4,0.68
abroad,outside of one’s own country,V1,"Concept depends on institutionally defined ""country""; not recognizable without social agreement/law.",T6,4,4,0.68
strict,following or demanding others follow rules exactly,V1,Abstract state depending on social agreement and rules/institutions (V1 core test).,T6,4,4,0.68
chance,risk,V1,Abstract concept/state depending on language; core test: would not exist without verbal/conceptual agreement.,T6,4,4,0.68
charity,an organization that helps needy people,V1,"Verbally/institutionally defined entity (organization/institution); depends on social agreement, not direct perception.",T6,4,4,0.68
cheap,low and common,V1,Abstract state depending on social/economic convention (price/quality); not directly perceptible without language or institutions.,T6,2,4,0.68
dream,a hope for the future,V1,"Abstract state depending on language and conceptual categories like ""future"".",T6,4,4,0.68
empire,a number of countries under one ruler,V1,"Verbally/institutionally defined entity; depends on social agreement, law, and political structures (V1 core test).",T6,6,4,0.68
fable,a story with a lesson,V1,Concept depends on language and convention; not directly perceptible.,T6,4,4,0.68
file,a set of documents arranged in order for easy reference,V1,"Entity depends on language, convention, and institutional organization for reference; core V1 test.",T6,2,4,0.68
flop,a failure,V1,Abstract concept/state depending on language and social agreement; core test: would not exist without verbal categories.,T6,6,4,0.68
liberty,freedom,V1,"Abstract concept/state depending on language, social agreement, and institutions; core test: would not exist without symbolic systems.",T6,4,4,0.68
safe,sure; certain,V1,"Abstract state that depends on verbal concepts of confidence and certainty, not direct perception.",T6,2,4,0.68
secretary,a government official,V1,"Institutionally defined role; depends on social agreement, law, institutions (V1 core test).",T6,10,4,0.68
secretary,a person who is an assistant to another,V1,Institutionally defined role depending on social agreement and convention.,T6,4,4,0.68
shower,a party for a bride-to-be,V1,"Entities existing mainly because of language, social agreement, law, or formal categories (cultural event tied to marriage institution).",T6,6,4,0.68
slang,informal; nonstandard words,V1,Verbally-defined linguistic concept depending on social/language conventions (V1 core test).,T6,4,4,0.68
stock,share or shares in a company,V1,"Verbally/institutionally defined entity; requires social agreement, law, and companies.",T6,6,4,0.68
taste,the ability to appreciate what is excellent or beautiful,V1,"Abstract concept/state depending on language, culture, and social agreement; not directly perceptible.",T6,2,4,0.68
title,a mark of honor,V1,Verbally/institutionally defined entity/role; depends on social agreement and convention.,T6,8,4,0.68
ton,a measure of weight,V1,"Unit defined by language, convention, and measurement system; core V1 test.",T6,4,4,0.68
wise,using excellent judgment,V1,Abstract state depending on language and social agreement; not directly perceptible.,T6,4,4,0.68
witness,a person who testifies in a court trial,V1,Institutionally defined role; depends on legal system and social agreement (V1 core test).,T6,4,4,0.68
yarn,"a long, exaggerated or made-up story",V1,Concept of a story depends on language and convention; not directly perceptible (V1 core test).,T6,2,4,0.68
atmosphere,a surrounding influence,V1,Abstract concept/state depending on language and social agreement; core V1 test.,T6,6,4,0.68
antenna,a device used to receive or send radio or television signals,V1,"Verbally/institutionally defined entity; concept depends on technology, radio/TV systems, and abstract signals (not direct perception).",T6,4,4,0.69
signal,television or radio waves,V1,Concept of specific electromagnetic waves requires scientific language and theory; not directly perceptible without formal knowledge.,T6,6,4,0.69
way,custom; habit,V1,Verbally/institutionally defined concept/state; depends on social convention/language.,T6,6,4,0.69
desire,a thing that is wanted,V1,"Abstract entity defined verbally; requires language to conceptualize ""a thing that is wanted"" beyond direct perception.",T6,4,4,0.69
physician,a medical doctor,V1,"Role defined by institutions, training, and social agreement (V1 core test).",T6,4,4,0.69
above,superior to in rank or importance,V1,"Concept of superiority in rank/importance depends on social agreement/institutions, not direct perception (V1 core test).",T6,2,4,0.69
campaign,a series of planned actions to achieve a goal,V1,"Abstract entity/concept depending on language, planning conventions, and social agreement; core V1 test.",T6,4,4,0.69
vision,the ability to plan ahead; foresight,V1,Abstract concept/state depending on language; core test: would not exist without symbolic/conceptual systems.,T6,4,4,0.69
court,the place where a judge presides,V1,Institutionally defined place; depends on legal conventions and roles (V1 core test).,T6,4,4,0.69
cast,the selected actors for a play,V1,Institutionally defined entity/role; requires social agreement and theater conventions (V1 core test).,T6,6,4,0.69
circle,one’s social group,V1,Social construct depending on language and social agreement; V1 core test.,T6,8,4,0.69
company,a business firm,V1,"Institutionally defined entity; requires social agreement, law, and convention (V1 core test).",T6,4,4,0.69
matter,a subject of interest or concern,V1,Abstract concept/state depending on language; V1 core test.,T6,4,4,0.69
network,a connected group of radio or television stations,V1,"Verbally/institutionally defined entity relying on social conventions, organizations, and broadcasting systems.",T6,4,4,0.69
rage,the current fashion,V1,Concept depends on social agreement and cultural convention; core V1 test.,T6,10,4,0.69
set,a group of things,V1,"Abstract concept of grouping that depends on language/conceptual categorization, not direct perception (V1 core test).",T6,4,4,0.69
tie,a connection,V1,Abstract concept/state depending on verbal definition; core test: requires language for recognition.,T6,4,4,0.69
convict,a criminal,V1,Verbally/institutionally defined role; depends on law and social agreement (V1 core test).,T6,4,4,0.69
center,a community house,V1,Institutionally defined entity/place depending on social agreement (V1 core test).,T6,8,4,0.7
sole,the only one,V1,Abstract concept of uniqueness depending on language and symbolic categories; core test: requires verbal definition beyond direct perception.,T6,8,4,0.7
code,a set of rules,V1,"Entities existing mainly because of language, social agreement, or formal categories (rules).",T6,6,4,0.7
center,"a person, place, or thing that is a point of interest",V1,"Concept depends on language and social agreement for ""point of interest""; not directly perceptible.",T6,2,4,0.7
century,one hundred years,V1,Verbally-defined time unit; requires language and measurement convention (V1 core test).,T6,4,4,0.7
flexible,able to adapt easily to change,V1,"Abstract state/concept depending on verbal definitions of ""adapt"" and ""change""; not directly perceptible without language.",T6,6,4,0.7
out,not fashionable,V1,"Abstract state depending on social convention/language, not direct perception (V1 core test).",T6,4,4,0.7
sly,tricky,V1,Abstract behavioral state depending on language and social convention; not directly perceptible.,T6,4,4,0.7
symbol,something that stands for something else,V1,Concept depends on language/symbolic convention; V1 core test.,T6,4,4,0.7
ticket,a notice of a fine for speeding or other infraction,V1,"Institutionally defined entity depending on legal conventions, infractions, and fines.",T6,4,4,0.7
triple,three times as much,V1,"Concept of numerical multiplication (""three times"") requires language/symbols; V1 core test.",T6,4,4,0.7
zero,a very low point,V1,"Verbally/institutionally defined entity/unit; depends on numerical symbols/language, not direct perception.",T6,4,4,0.7
platform,a political statement,V1,"Verbally/institutionally defined entity; depends on language, politics, and social agreement (V1 core test).",T6,8,4,0.7
penicillin,a medicine that kills harmful bacteria,V1,Verbally/scientifically defined entity; requires knowledge of bacteria and medicine beyond direct perception (V1 core test).,T6,4,4,0.71
coupon,a part of a ticket that gives a discount,V1,Verbally/institutionally defined entity; depends on commercial convention and social agreement for its discount-giving function.,T6,4,4,0.71
will,strength of character,V1,Abstract state/concept relying on social agreement and language; core V1 test: does not exist without verbal/cultural categories.,T6,2,4,0.71
move,a turn at a game,V1,Concept depends on game rules and social conventions; V1 core test.,T6,4,4,0.71
fine,money paid as punishment for an offense,V1,Institutionally defined entity requiring law and social agreement (V1 core test).,T6,6,4,0.71
make,a brand or kind,V1,"Verbally/institutionally defined entity (brand/kind); depends on social convention/language, V1 core test.",T6,10,4,0.71
professor,a college teacher,V1,Institutionally defined role requiring social agreement and formal education system.,T6,4,4,0.71
rate,a fixed amount,V1,Verbally/institutionally defined entity/unit; depends on convention/measurement systems.,T6,4,4,0.71
wicked,bad; evil,V1,Abstract moral state/concept depending on language and social agreement (V1 core test).,T6,4,4,0.71
mayor,the head official of a city,V1,"Verbally/institutionally defined role; depends on social agreement, law, institutions.",T6,4,4,0.72
judge,to have an opinion,V1,"Verbally defined concept/state; depends on language, not direct perception (V1 core test).",T6,4,4,0.72
compound,a chemical union of elements,V1,"Verbally/institutionally defined entity; requires chemical/scientific knowledge and conventions, not direct perception.",T6,8,4,0.72
note,an explanatory remark,V1,"Verbally-defined entity; depends on language and convention, not direct perception.",T6,8,4,0.72
precious,of great value,V1,"State depends on language, convention, and social agreement (V1 core test).",T6,4,4,0.72
sample,one of a kind,V1,Abstract concept/state depending on language and categorical comparison; core V1 test: does not exist without symbols/abstract categories.,T6,4,4,0.72
side,not the main one,V1,"Verbally-defined relational concept; depends on language and abstract categories, not direct perception.",T6,6,4,0.72
territory,land area under the control of a government,V1,"Entity defined by institutional control (government), requires social agreement/law.",T6,4,4,0.72
coach,a special teacher,V1,Role (special teacher) defined by social/institutional convention; V1 core test: depends on language and social agreement.,T6,4,4,0.73
elder,a church officer,V1,Institutionally defined role; requires social/religious agreement (V1 core test).,T6,10,4,0.73
groom,"a man who is soon-to-be, or just married",V1,Institutionally defined role; depends on social agreement and marriage conventions (V1 core test).,T6,4,4,0.73
hand,a worker,V1,Role defined by social agreement and language (worker as laborer role).,T6,8,4,0.73
age,a period of history,V1,"Verbally/institutionally defined entity; depends on language, symbols, and social agreement for historical periods.",T6,4,4,0.73
deadline,a time limit,V1,"Entity defined by social agreement, time systems, and conventions; core test: depends on language/institutions.",T6,6,4,0.73
reason,the ability to think logically and clearly,V1,Abstract concept/state depending on language and symbolic rules; cannot be understood by direct perception alone.,T6,4,4,0.73
draft,a rough copy,V1,Concept depends on language and writing conventions; not directly perceptible without symbolic rules.,T6,10,4,0.73
excuse,a reason,V1,Abstract concept depending on language and symbolic reasoning; core V1 test: does not exist without language/symbols.,T6,4,4,0.73
field,a range of activity,V1,Abstract concept/state depending on language and convention; core V1 test.,T6,8,4,0.73
chain,a series of things or events one after another,V1,Abstract relational concept depending on language; core test: would not exist in same way without verbal/symbolic categorization.,T6,4,4,0.74
form,a definite way of doing something,V1,"Abstract concept/state defined verbally; requires language/convention, not direct perception (V1 core test).",T6,10,4,0.74
certain,particular,V1,"Concept depends on language/abstract categories for specificity, not direct perception.",T6,4,4,0.74
certain,particular,V1,Abstract category depending on language for distinction between specific and general; not directly perceptible.,T6,4,4,0.74
certain,particular,V1,"Abstract concept/state depending on language for specificity; core test: requires verbal categories, not direct perception.",T6,4,4,0.74
certain,particular,V1,Concept of specificity/particularity depends on language and abstract categories; core V1 test: requires verbal distinction.,T6,4,4,0.74
form,a kind of variety,V1,Abstract category/kind dependent on language and conceptual agreement (V1 core test).,T6,6,4,0.74
lead,the main actor in a play,V1,Institutionally defined role; depends on social agreement and conventions of theater.,T6,8,4,0.74
base,a military installation,V1,Institutionally defined entity; requires knowledge of military institutions and social agreement (V1 core test).,T6,6,4,0.75
chapel,a small church,V1,Institutionally defined entity (religious building); requires social convention and symbolic systems per V1 core test.,T6,4,4,0.75
chapel,a small worship space within a large church,V1,"Institutionally defined entity; depends on religious institutions and conventions (church, worship).",T6,4,4,0.75
industry,hard work; steady effort,V1,Abstract state/concept depending on language and social agreement; not directly perceptible.,T6,6,4,0.75
judo,a type of wrestling,V1,"Verbally/institutionally defined entity; specific type requires cultural convention, naming, and rules (Core test: depends on social agreement).",T6,4,4,0.75
brave,a American Indian warrior,V1,"Cultural role; depends on language, symbols, and social agreement (V1 core test).",T6,2,4,0.75
deputy,a law officer that reports to a sheriff,V1,"Institutionally defined role; depends on law, social agreement (V1 core test).",T6,4,4,0.75
trial,a court process,V1,Institutionally defined entity; depends on law and courts (V1 core test).,T6,4,4,0.75
trial,the state of being tried or tested,V1,"Verbally/institutionally defined state; depends on language/convention for ""trying/testing"" (V1 core test).",T6,4,4,0.75
extra,a special edition,V1,"Verbally/institutionally defined entity; depends on publishing conventions and social agreement, not direct perception alone.",T6,4,4,0.75
holy,pious,V1,"Verbally/institutionally defined state; depends on religious convention and social agreement, not direct perception.",T6,4,4,0.75
industry,business,V1,Institutionally defined entity requiring social convention and agreement.,T6,4,4,0.75
obedient,willing to do as you are told,V1,"State depending on social agreement, authority, and verbal commands (""as you are told"").",T6,4,4,0.75
spell,a word or phrase having magic power,V1,"Concept depends on language, symbols, and cultural agreement; not directly perceptible.",T6,4,4,0.75
station,one’s social position in life,V1,"Social role/state depending on language, convention, and social agreement; V1 core test.",T6,6,4,0.75
average,the usual amount,V1,"Verbally-defined abstract concept/state; ""usual amount"" depends on language/conceptual aggregation, not direct perception.",T6,8,4,0.75
referee,a sports official,V1,"Institutionally defined role (sports official); depends on rules and social agreement, per V1 core test.",T6,4,4,0.76
belong,to be a member,V1,"State defined by social/institutional agreement; requires conventions, not direct perception.",T6,4,4,0.76
outstanding,important,V1,Abstract concept/state depending on social agreement/language; core test: does not exist without verbal/cultural evaluation.,T6,4,4,0.76
bet,an amount of money put up for a wager,V1,"Depends on social agreement, institutions, and rules of wagering (V1 core test).",T6,2,4,0.77
scout,one sent ahead to look,V1,"Role (""one sent ahead"") dependent on social agreement/language; V1 core test.",T6,4,4,0.77
butcher,a person who prepares meat for sale,V1,Verbally/institutionally defined role; depends on social agreement and profession.,T6,4,4,0.77
period,a time in history,V1,"Verbally/institutionally defined time concept; depends on language, convention, and abstract historical categories (V1 core test).",T6,4,4,0.77
dandy,fine; very good,V1,Abstract evaluative state; requires language and cultural agreement (V1 core test).,T6,4,4,0.77
divorce,the legal end of a marriage,V1,Institutionally defined state; requires legal convention and social agreement (V1 core test).,T6,4,4,0.77
right,a legal claim,V1,Entity defined by law and institutions; core test: depends on social agreement.,T6,8,4,0.77
sharp,exactly,V1,"Concept of precision depends on language and abstract comparison, not direct perception.",T6,2,4,0.77
spirit,a special quality,V1,Abstract concept/state depending on verbal definition; core test: would not exist without language or social agreement.,T6,10,4,0.77
spirit,the soul part of a human,V1,Abstract concept/state depending on language/cultural convention; core V1 test: does not exist without symbols/social agreement.,T6,4,4,0.77
worse,poorer in quality,V1,"Abstract comparative state defined by language and convention; core test: depends on verbal categories for ""quality"".",T6,6,4,0.77
nerve,a rude boldness,V1,"Abstract state depending on social convention/language; core test: requires social agreement for ""rude boldness"".",T6,8,4,0.78
mate,a ship’s officer,V1,Institutionally defined role depending on social convention and agreement.,T6,6,4,0.78
glory,praise; credit,V1,Abstract social concept (praise/credit) depending on language and social agreement; fails P1 core test.,T6,6,4,0.78
Left,a group with liberal or radical political views,V1,Verbally/institutionally defined entity/role depending on social agreement and language.,T6,2,4,0.78
nation,a country,V1,"Entity existing mainly because of language, social agreement, law, or formal categories.",T6,4,4,0.78
overflow,extra; surplus,V1,Abstract state/concept requiring verbal definition of capacity or norm; core test: depends on language/convention.,T6,4,4,0.78
point,a certain stage in a process,V1,Abstract concept/state depending on language to define stages in processes.,T6,8,4,0.78
point,an important idea,V1,Abstract concept dependent on language; V1 core test.,T6,6,4,0.78
short,trouble in an electric line,V1,"Verbally/institutionally defined state in electrical system; requires technical conventions, not direct perception.",T6,6,4,0.79
tissue,a group of similar cells performing the same function,V1,Biological concept defined by scientific categorization; not directly perceptible without symbolic systems or formal knowledge (V1 core test).,T6,2,4,0.79
shookup,having upset someone,V1,Abstract relational state; depends on language for concept of causation and specific emotion.,T6,4,4,0.79
grocer,a person who sells food,V1,Verbally/institutionally defined role; depends on social agreement and commerce (V1 core test).,T6,4,4,0.79
investigator,one who seeks facts,V1,"Role that depends on language and social agreement (concept of ""facts""); not directly perceptible without symbolic systems.",T6,4,4,0.79
north,toward the upper pole,V1,"Concept depends on language, convention, and geographic systems (e.g., poles, compass).",T6,4,4,0.79
party,a political group,V1,"Verbally/institutionally defined entity; requires social agreement, law, and convention (V1 core test).",T6,4,4,0.79
science,the study of nature and the universe,V1,"Verbally/institutionally defined concept; requires language, conventions, and systematic methods (V1 core test).",T6,4,4,0.79
dump,a place to temporarily store military supplies,V1,Verbally/institutionally defined entity (military storage place requires institutional context).,T6,2,4,0.8
style,a literary line,V1,Verbally/institutionally defined entity; depends on language and literary conventions (V1 core test).,T6,10,4,0.8
pitch,a sales talk,V1,"Verbally/institutionally defined entity; depends on language and sales conventions, not direct perception.",T6,8,4,0.8
account,a value or worth,V1,Abstract concept/state depending on language and social agreement (V1 core test).,T6,8,4,0.8
case,an actual set of facts,V1,Abstract concept/set depending on language for definition and organization of facts (V1 core test).,T6,6,4,0.8
catch,a good choice for a spouse,V1,Verbally/institutionally defined entity/role; depends on social agreement and marriage conventions.,T6,2,4,0.8
chip,a plastic disk used as a counter in a game,V1,Verbally/institutionally defined entity; concept depends on game rules and social convention (core V1 test).,T6,2,4,0.81
father,the originator of something,V1,Verbally/institutionally defined entity/role; depends on language/abstract categories (V1 core test).,T6,10,4,0.81
president,the chief officer,V1,Institutionally defined role; requires social agreement and conventions (V1 core test).,T6,6,4,0.81
sincere,honest; truthful,V1,Abstract state depending on language and social agreement for concepts of honesty/truth; core V1 test.,T6,6,4,0.81
number,a numeral,V1,Verbally-defined entity/symbol; depends on language/symbolic system (V1 core test).,T6,2,4,0.82
number,an unspecified amount or quantity,V1,Concept of quantity depends on language/symbols/numerical categories; core V1 test: would not exist without symbolic systems.,T6,2,4,0.82
beaver,a hard worker,V1,Verbally-defined role/concept; depends on language and social agreement (core V1 test).,T6,4,4,0.82
board,a managing committee,V1,"Institutionally defined entity/role; depends on social agreement and language, not direct perception.",T6,10,4,0.82
split,a break in a relationship,V1,"Abstract social state depending on language, convention, and social agreement (V1 core test).",T6,8,4,0.82
lift,a refreshing moment,V1,Abstract concept/state depending on verbal definition; not directly perceptible without language.,T6,8,4,0.83
favor,special treatment; partiality,V1,Abstract state depending on social agreement and convention; core V1 test.,T6,8,4,0.83
know,to be skilled in something,V1,"Abstract state depending on language, convention, and learned judgment; core test: would not exist without social agreement.",T6,4,4,0.83
law,attorney’s profession,V1,Institutionally defined role/profession; depends on social agreement and conventions.,T6,6,4,0.83
avenue,an approach to a goal,V1,Abstract concept/state depending on language; core test: would not exist without verbal/symbolic categories.,T6,10,4,0.83
ring,a telephone call,V1,"Verbally/institutionally defined entity; depends on telephone technology, symbols, and social convention. Core test: Concept requires institutions and would not exist without them.",T6,10,4,0.84
ham,an amateur radio operator,V1,"Role defined by institutions, regulations, and social agreement (amateur radio licensing).",T6,10,4,0.85
able,having an unusual talent or intelligence,V1,Abstract state (talent/intelligence) depending on language and social agreement; core V1 test.,T6,2,4,0.85
rough,not exact; estimated,V1,Concept depends on language/conventions of precision and estimation; not directly perceptible.,T6,8,4,0.85
front,respectable appearance used to hide unlawful activity,V1,"Concept depends on language, social convention, and law (unlawful activity); V1 core test.",T6,10,4,0.85
lot,an object used to choose by chance,V1,"Defined by convention for random selection; requires social agreement, not direct perception alone.",T6,10,4,0.86
vitamin,an important food element,V1,Concept depends on scientific categorization and language; not directly perceptible without formal knowledge.,T6,8,4,0.86
partner,a wife or husband,V1,Institutionally defined role; requires social agreement and marriage conventions.,T6,8,4,0.86
partner,a person who owns business with another,V1,"Role depending on social agreement, institutions, and conventions (business ownership); V1 core test.",T6,6,4,0.86
permit,a written license,V1,"Verbally/institutionally defined entity; depends on law, writing, and social agreement.",T6,6,4,0.86
judge,the expert who decides on the quality of something,V1,Verbally/institutionally defined role; depends on social agreement and expertise conventions.,T6,4,4,0.86
line,descent; ancestry,V1,Abstract social concept of descent/ancestry depending on language and convention; fails P1 core test (not directly perceptible).,T6,8,4,0.86
bar,a court of law,V1,Institutionally defined entity; depends on law and social agreement (core V1 test).,T6,10,4,0.86
charm,"the power to attract, fascinate, or delight",V1,"Abstract concept depending on social/psychological agreement, not direct perception.",T6,2,4,0.87
do,to be good enough,V1,Abstract evaluative state; depends on language and convention (V1 core test).,T6,8,4,0.87
fuel,that which keeps a feeling alive or increases emotion,V1,Abstract metaphorical concept depending on language; not directly perceptible.,T6,10,4,0.87
ill,harmful; bad,V1,"Abstract evaluative concept/state depending on language/convention, not direct perception.",T6,6,4,0.87
leave,an off-duty period of time,V1,"Verbally/institutionally defined entity; depends on social agreement, work/duty rules, not direct perception.",T6,8,4,0.88
leave,permission to be absent,V1,"Institutionally defined state; depends on social agreement and rules, not direct perception.",T6,6,4,0.88
count,to be of value,V1,Verbally-defined abstract state; depends on language and social agreement (V1 core test).,T6,8,4,0.89
mine,a rich source of something,V1,"Verbally-defined concept; metaphorical ""rich source"" depends on language, not direct perception.",T6,8,4,0.9
drive,a money-making campaign,V1,"Entities existing mainly because of language, social agreement, law, or formal categories (money-making campaign).",T6,8,4,0.92
name,fame,V1,"Abstract state depending on language, symbols, and social agreement (V1 core test).",T6,2,4,0.92
branch,a line of family descent,V1,"Abstract concept depending on language, symbols, and social agreement (V1 core test).",T6,6,4,0.93
off,wrong; not accurate,V1,"Abstract state of inaccuracy; requires verbal/conventional standards, not direct perception (V1 core test).",T6,2,4,0.93
dark,mysterious; secret,V1,Concept depends on language and social agreement; not directly perceptible.,T6,2,4,0.95
line,a short letter,V1,Concept depends on language and symbolic systems of written communication; not directly perceptible without convention.,D,6,6,0.67
positive,an electrical charge,V1,"Concept depends on scientific language, measurement units, and formal physics categories; not directly perceptible.",D,10,6,0.67
retrorocket,device to reduce the speed or change the course of a spacecraft,V1,"Verbally-defined technical entity; recognition requires knowledge of spacecraft and rocketry conventions, not direct ordinary perception (P1 core test).",D,6,6,0.67
accent,mark over a vowel to show a different pronunciation,V1,Depends on linguistic conventions and symbolic writing system; core test: requires language/symbols to define its function.,D,6,6,0.67
cadet,a student in military school,V1,Institutionally defined role; depends on social agreement and formal institutions (military school).,D,6,6,0.67
sister,a nun,V1,"Verbally/institutionally defined role; requires religious institutions, vows, and social agreement (V1 core test).",D,6,6,0.67
canasta,a card game,V1,"Verbally/institutionally defined entity; requires social rules/conventions, not direct perception.",D,6,6,0.67
grant,a gift for a particular purpose,V1,"Verbally/institutionally defined entity; depends on social agreement and purpose, not direct perception.",D,6,6,0.67
reign,a period of rule or power,V1,"Verbally/institutionally defined entity; depends on social agreement, law, and conventions (Core test: would not exist without language/institutions).",D,8,6,0.67
coroner,doctor who determines the cause of unnatural deaths,V1,Institutionally defined role (doctor/judge-like) requiring legal conventions and social agreement.,D,6,6,0.67
apt,likely,V1,Abstract concept of probability; depends on language and cannot be understood by direct perception alone (V1 core test).,D,6,6,0.67
apt,suitable; appropriate,V1,"Abstract evaluative state depending on language, context, and social agreement; core V1 test.",D,6,6,0.67
bronchitis,an inflammation of the bronchial tubes,V1,"Concept depends on medical language, anatomy, and formal classification; not directly perceptible without symbolic systems.",D,6,6,0.67
communism,a form of government,V1,"Verbally/institutionally defined entity; depends on social agreement, language, and formal political concepts.",D,6,6,0.67
influence,power,V1,Abstract socially-defined state/concept; depends on language/institutions (V1 core test).,D,6,6,0.67
local,"related to, or of a certain place",V1,Verbally/institutionally defined relational state; depends on language to specify relation to a place.,D,6,6,0.67
miscellaneous,different kinds,V1,Abstract category depending on language and conventional classification of kinds.,D,6,6,0.67
positive,a number greater than zero,V1,Abstract mathematical state/unit depending on symbolic number system and conventions.,D,8,6,0.67
stake,a thing to gain or lose,V1,Abstract entity/concept depending on language and social agreement (V1 core test).,D,10,6,0.67
synthetic,artificial; not occurring in nature,V1,"Abstract quality defined by verbal/conceptual opposition to ""nature""; requires language for distinction.",D,6,6,0.67
synthetic,a substance that does not exist in nature,V1,Concept depends on verbally-defined abstract categories (natural vs. man-made); not directly perceptible.,D,6,6,0.67
system,parts forming a whole,V1,"Abstract concept of organization; depends on language/categories, not direct perception (V1 core test).",D,6,6,0.67
treason,a betrayal of one’s own country,V1,"Verbally/institutionally defined concept; requires law, social agreement, and symbolic systems (V1 core test).",D,6,6,0.67
underdog,one not favored to win,V1,Role defined by social convention and expectations; requires language/institutions.,D,6,6,0.67
lockjaw,"a disease, also called tetanus",V1,"Verbally/institutionally defined entity; requires medical knowledge and formal categories, not direct perception.",D,6,6,0.68
preserve,a place of protection for wildlife,V1,"Verbally/institutionally defined entity; requires social agreement, laws, or conventions to designate as a protected place.",D,10,6,0.68
snatches,short parts,V1,Abstract entity defined verbally; cannot be recognized by direct perception alone without language.,D,6,6,0.68
sterile,germ-free,V1,State defined by microscopic entities ('germ') requiring verbal/scientific knowledge; not directly perceptible (V1 core test).,D,6,6,0.68
terminal,the point on an electric circuit where a connection can be made,V1,Verbally/institutionally defined entity; requires knowledge of electrical circuits and conventions (V1 core test).,D,6,6,0.68
cathedral,a large church,V1,Verbally/institutionally defined entity; depends on religious institutions and social conventions.,D,6,6,0.68
monkeyshines,foolish behavior; a prank,V1,"Verbally-defined abstract concept/state of behavior; depends on language and social convention to recognize as ""foolish"" or ""prank"".",D,6,6,0.68
G.I.,a U.S. solider,V1,"Institutionally defined role; requires language, social agreement, and knowledge of U.S. military institution (V1 core test).",D,6,6,0.68
alibi,an excuse,V1,"Concept depending on language, symbols, or social agreement (V1 core test).",D,6,6,0.68
mutiny,a revolt against the leader,V1,"Verbally/institutionally defined entity; depends on social roles (leader) and conventions, not direct perception alone.",D,6,6,0.68
tactics,the art or science of military maneuvers,V1,"Verbally/institutionally defined concept; depends on language, conventions, and formal systems (military science).",D,6,6,0.68
colonel,an army officer,V1,"Institutionally defined role; requires social agreement, language, and military hierarchy (V1 core test).",D,6,6,0.68
element,a basic part from which something is made or formed,V1,Abstract conceptual entity/role depending on language and composition understanding; V1 core test.,D,6,6,0.68
fault,a weakness,V1,Abstract concept/state depending on verbal definition and social agreement; not directly perceptible without language.,D,6,6,0.68
molecule,two or more atoms joined by a pair of shared electrons,V1,"Concept defined by scientific terms (atoms, electrons) requiring formal knowledge; not directly perceptible without symbolic systems.",D,6,6,0.68
revolution,a sudden change,V1,"Abstract concept/state; depends on language for definition, not direct perception.",D,8,6,0.68
sergeant,a military or police rank,V1,Institutionally defined role; depends on social agreement and formal hierarchy.,D,6,6,0.68
victor,winner,V1,"Role/status defined by rules/convention; requires social agreement, not direct perception (V1 core test).",D,6,6,0.68
interest,pay for using money,V1,"Verbally/institutionally defined entity; financial unit depending on monetary systems, laws, and social agreement (V1 core test).",D,6,6,0.68
pawn,a chess piece,V1,Verbally/institutionally defined entity/role; depends on chess game rules and conventions (V1 core test).,D,8,6,0.69
assassin,person who kills a famous or important person,V1,"Role/person defined by social agreement, intent, and abstract concepts (famous/important); core V1 test: depends on language/symbolic systems.",D,6,6,0.69
choke,a valve that controls gas mixture in a car,V1,"Concept of specific valve defined by technical function in car engine; requires verbal/technical knowledge, not direct perception alone (V1 core test).",D,8,6,0.69
infantry,foot soldiers,V1,Institutionally defined military role/unit; depends on social agreement and formal organization.,D,6,6,0.69
miser,a person who is stingy and hoards money,V1,"Role/person type depending on social agreement and symbolic concepts (money, hoarding).",D,6,6,0.69
porter,a sleeping car attendant on a train,V1,Verbally/institutionally defined role (train attendant); depends on social agreement and institutions.,D,8,6,0.69
civil,related to non-criminal law cases,V1,Institutionally defined legal concept; depends on law and social agreement (V1 core test).,D,6,6,0.69
range,to vary within limits,V1,"Verbally/institutionally defined concept of bounded variation; core test: would not exist in same way without language/symbols to define ""limits.""",D,6,6,0.69
finicky,hard to please,V1,Abstract state/trait depending on social agreement and verbal definition; not directly perceptible without cultural concepts.,D,6,6,0.69
groovy,in style; hip,V1,Culturally defined style/state depending on language and social agreement (V1 core test).,D,6,6,0.69
hazard,a chance of danger or harm,V1,"Abstract concept of potential risk; depends on language and conceptual understanding of probability, not direct perception.",D,6,6,0.69
Republican,the name of a political party in the United States,V1,"Verbally/institutionally defined entity; depends on language, convention, law; core test: would not exist without social agreement.",D,6,6,0.69
seconds,goods of poorer quality,V1,Verbally/institutionally defined entity; depends on commercial quality standards and social agreement.,D,8,6,0.69
count,a noble title,V1,"Verbally/institutionally defined role; depends on social agreement, law, convention.",D,6,6,0.69
laryngitis,inflammation of the larynx making it hard to speak,V1,Verbally/institutionally defined entity (medical condition); requires anatomical knowledge (larynx) not directly perceptible without language.,D,6,6,0.7
watusi,a modern dance,V1,Verbally/institutionally defined entity; requires cultural convention and rules to recognize specific dance style.,D,6,6,0.7
tense,a form of a verb that shows the time of action or state of being,V1,Verbally defined linguistic concept; depends on language conventions and rules.,D,6,6,0.7
go-getter,an ambitious person,V1,Verbally-defined role/concept depending on social agreement and language; not directly perceptible without symbolic understanding.,D,6,6,0.7
paratrooper,member of a military unit that jumps from planes,V1,"Role in military institution; depends on social agreement, law, and formal organization (V1 core test).",D,6,6,0.7
utility,a company that provides the public a service,V1,Institutionally defined entity/role; depends on social agreement and law.,D,6,6,0.7
authority,"the right to command, enforce, or make decisions",V1,Verbally/institutionally defined entity/role; depends on social agreement and convention (V1 core test).,D,6,6,0.7
minor,less important,V1,Abstract state depending on language and social agreement; core test: would not exist without verbal/conceptual categories.,D,6,6,0.7
scale,size of a picture or model of a thing compared to the thing itself,V1,Concept depends on measurement conventions and ratios; not directly perceptible without symbolic systems.,D,2,6,0.7
scatterbrain,a flighty or forgetful person,V1,Concept of personality type depends on language and social agreement to define behavioral traits.,D,6,6,0.7
scholar,a person with much knowledge; an authority,V1,"Verbally/institutionally defined role; cannot be recognized by direct perception alone, requires social agreement on knowledge/authority.",D,6,6,0.7
scholar,a student,V1,Institutionally defined role; requires social agreement and educational systems (V1 core test).,D,6,6,0.7
situation,a condition,V1,Abstract state/concept depending on language; V1 core test: requires verbal/conceptual definition.,D,6,6,0.7
chloride,a chemical,V1,"Concept depends on scientific language, chemical nomenclature, and formal categories; not directly perceptible.",D,6,6,0.7
croquet,a game played on grass with wooden mallets and balls,V1,"Verbally/institutionally defined entity; depends on social agreement and formal rules, not direct perception alone.",D,6,6,0.71
cycle,a period of time with a series of repeated events,V1,Concept of time period relies on language and abstract categorization; would not exist in same way without verbal/symbolic systems.,D,6,6,0.71
essay,a short piece of writing on a specific topic,V1,"Verbally/institutionally defined entity; depends on language and convention, not direct perception.",D,6,6,0.71
handicap,an advantage or disadvantage given in a game,V1,Institutionally defined entity/concept; depends on game rules and social agreement (V1 core test).,D,6,6,0.71
occupation,job or profession,V1,Verbally/institutionally defined role; depends on social agreement and convention (V1 core test).,D,6,6,0.71
minuet,"a slow stately, graceful dance for couples",V1,"Verbally/institutionally defined entity; requires cultural convention and formal rules, not direct perception alone.",D,6,6,0.72
tackle,football player who plays between guard and end,V1,Institutionally defined role; depends on game rules and conventions (V1 core test).,D,6,6,0.72
acute,an angle less than ninety degrees,V1,Defined using formal measurement units (degrees) and geometric conventions; not directly perceptible without symbolic systems.,D,6,6,0.72
Braille,a system of writing and printing for the blind,V1,"Verbally/institutionally defined entity; depends on language/symbolic conventions, not direct perception.",D,6,6,0.72
amateur,not a professional,V1,"Role/status defined by social/institutional convention, not direct perception (V1 core test).",D,6,6,0.72
common,belonging to all,V1,Abstract relational concept depending on language and social agreement (V1 core test).,D,6,6,0.72
qualify,to have the needed ability to do a job or task,V1,Verbally/institutionally defined state; depends on social agreement for job/task requirements.,D,6,6,0.72
shark,a swindler,V1,Verbally/institutionally defined role; depends on social conventions and rules of deception/fraud.,D,6,6,0.72
warrant,a document that gives police the right to search,V1,Institutionally defined entity; depends on law and social agreement (V1 core test).,D,6,6,0.72
warrant,a legal order,V1,Institutionally defined entity depending on law and social agreement.,D,6,6,0.72
warrant,the authority to arrest someone,V1,Institutionally defined entity; depends on law and social agreement (V1 core test).,D,6,6,0.72
duchess,a female ruler of a territory called a duchy,V1,"Institutionally defined role; depends on language, social agreement, and knowledge of formal territory 'duchy'.",D,13,6,0.73
monk,a man who enters a religious order,V1,Institutionally defined role requiring social/religious agreement.,D,6,6,0.73
scheme,a plan of action,V1,Abstract concept/state depending on language and social agreement (V1 core test).,D,6,6,0.73
classic,of high quality,V1,"Abstract evaluative state depending on language and social convention; core test: requires cultural agreement, not direct perception.",D,6,6,0.73
reference,a recommendation,V1,"Entities existing mainly because of language, social agreement, or convention.",D,8,6,0.73
symphony,a large and complex musical composition,V1,"Concept depends on language, musical conventions, and symbolic structure; not recognizable by direct perception alone.",D,6,6,0.73
authentic,genuine; real,V1,Concept depends on social agreement and verbal definition; not directly perceptible without convention.,D,6,6,0.73
installment,a partial payment,V1,Verbally/institutionally defined entity; depends on financial conventions and social agreement (V1 core test).,D,6,6,0.73
pantomime,a play without words,V1,"Verbally/institutionally defined entity; cultural/theatrical concept depending on social convention, not direct perception alone.",D,6,6,0.74
sulfate,a salt of sulfuric acid,V1,Concept depends on chemical nomenclature and scientific definitions; not directly perceptible without formal knowledge.,D,6,6,0.74
chauffeur,a hired driver,V1,Verbally/institutionally defined role; depends on social agreement and employment conventions.,D,6,6,0.74
orderly,an army or hospital aide,V1,Verbally/institutionally defined role (army/hospital aide) requiring social agreement and institutions.,D,8,6,0.74
heir,a person who inherits money or property,V1,Role defined by legal/institutional conventions of inheritance; depends on social agreement and law.,D,6,6,0.74
root,the basic part of a word without any affixes,V1,Linguistic entity/concept requiring verbal/symbolic conventions; core test: depends on language structure.,D,6,6,0.74
welfare,help given to the needy,V1,"Institutionally defined entity; depends on social agreement, laws, and conventions (V1 core test).",D,6,6,0.74
click,to get along well,V1,Verbally-defined relational state; depends on language and social convention (Core test: concept requires cultural/linguistic agreement).,D,10,6,0.74
commission,a payment for sales,V1,"Verbally/institutionally defined entity; depends on social/economic agreement, not direct perception.",D,6,6,0.74
Mass,a religious service,V1,Institutionally defined entity; depends on religious conventions and symbols (V1 core test).,D,6,6,0.74
outlook,a way of thinking,V1,Abstract concept/state depending on language; V1 core test: does not exist without verbal categories.,D,8,6,0.74
thrift,the habit of saving money,V1,Abstract state/concept depending on social agreement and institutions (money/currency).,D,6,6,0.74
ti,"in music, the seventh note of a major scale",V1,"Musical unit defined by formal scale system; requires symbolic rules, not direct perception.",D,6,6,0.74
truce,a temporary halt to fighting,V1,Verbally/institutionally defined state requiring social agreement; not directly perceptible without convention (V1 core test).,D,6,6,0.74
campus,the grounds of a college or other school,V1,Verbally/institutionally defined entity; depends on social agreement about colleges/schools (V1 core test).,D,6,6,0.75
station,a military post,V1,Verbally/institutionally defined entity; depends on military institution and social agreement (V1 core test).,D,6,6,0.75
conviction,a strong belief,V1,Abstract state (belief) depending on language and cognitive concepts; core V1 test: would not exist in same way without symbolic systems.,D,10,6,0.75
academy,a private school,V1,Institutionally defined entity; depends on social agreement and formal categories (Core test for V1).,D,6,6,0.75
jubilee,a special celebration,V1,"Verbally/institutionally defined entity; depends on social convention/language, not direct perception.",D,8,6,0.75
wholesale,the sale of goods in quantity,V1,Verbally/institutionally defined entity; depends on commercial conventions and quantity-based trade rules.,D,6,6,0.75
corps,a military group,V1,Institutionally defined entity; requires military conventions and social agreement (V1 core test).,D,6,6,0.75
amnesia,partial or total memory loss,V1,"Abstract cognitive state requiring verbal definition of ""memory""; core test: depends on language for concept recognition.",D,6,6,0.75
original,new; fresh; inventive,V1,Abstract quality (inventive) depending on language/cultural concepts; core test: not understandable without symbolic systems.,D,6,6,0.75
scribe,a writer; author,V1,Role defined by language and cultural convention; depends on symbolic writing system.,D,6,6,0.75
soprano,the highest singing voice of a woman or young boy,V1,Verbally/institutionally defined entity; vocal category requires musical convention and pitch range knowledge.,D,6,6,0.76
structural,pertaining or related to a something built,V1,"Concept depends on abstract category of ""built"" things, requiring recognition beyond direct perception.",D,6,6,0.76
subject,a thing or person tested,V1,Role/entity defined by institutional testing conventions; requires social agreement beyond direct perception.,D,8,6,0.76
claim,something that is asked for or demanded,V1,"Entities existing mainly because of language, social agreement, law, or formal categories.",D,6,6,0.76
compact,an agreement,V1,Verbally/institutionally defined entity; depends on language and social convention (V1 core test).,D,8,6,0.76
heel,a bad or hateful person,V1,"Concept of ""bad or hateful person"" relies on language and social agreement; V1 core test.",D,6,6,0.76
humble,modest; not proud,V1,Abstract state depending on social convention and language; not directly perceptible or basic affective.,D,6,6,0.76
proceeds,money raised for a specific cause,V1,"Verbally/institutionally defined entity; depends on social agreement, language, and conventions (fundraising for a cause).",D,6,6,0.76
sympathy,the ability to share another’s interests and feelings,V1,Abstract state depending on language and social agreement; not basic biological/affective (P3 core test).,D,6,6,0.76
fluoroscope,a special screen for viewing x-rays,V1,Depends on verbal/scientific knowledge of x-rays; not recognizable by direct perception alone in ordinary experience.,D,6,6,0.77
architect,one who designs and plans buildings,V1,"Institutionally defined role; depends on social convention and professional training, not direct perception.",D,6,6,0.77
regard,to think highly of,V1,"Verbally-defined state; depends on language and social concepts of esteem/value, not direct perception.",D,8,6,0.77
architect,the designer of something,V1,"Role defined by social agreement, training, and institutions (V1 core test).",D,6,6,0.77
conscience,a sense of right and wrong,V1,"Concept/state depends on language, convention, and social agreement for ""right and wrong"".",D,6,6,0.77
good,at least,V1,Concept depends on language and symbolic quantitative comparison; not directly perceptible.,D,6,6,0.77
rally,a coming together for a specific purpose,V1,Concept depends on social agreement and language to define purposeful gathering; not directly perceptible without convention.,D,6,6,0.77
wit,a funny person,V1,Role/type of person defined by language/social agreement on humor; not directly perceptible without symbolic understanding.,D,8,6,0.77
just,fair,V1,Abstract state/concept depending on social agreement and language; core V1 test: does not exist without conventions.,D,6,6,0.78
lieutenant,a military officer,V1,Verbally/institutionally defined role; requires military institution and social agreement.,D,6,6,0.78
margin,an amount kept in reserve,V1,"Abstract entity/state depending on language/convention; core V1 test: requires social agreement, not direct perception.",D,8,6,0.78
puppet,a person controlled by others,V1,Verbally-defined role/state depending on social agreement and conceptual understanding of control; core V1 test: requires language/symbols.,D,6,6,0.78
quintuplet,any set or group of five,V1,Verbally-defined entity depending on numerical unit/symbolic system 'five'; not directly perceptible without counting rules.,D,6,6,0.78
regards,best wishes,V1,"Verbally-defined social convention; depends on language and agreement, not direct perception.",D,6,6,0.78
gown,a pastor’s or judge’s robe,V1,"Defined by association with institutional roles (pastor, judge); requires social/institutional knowledge per V1 core test.",D,8,6,0.79
tenpins,a bowling game,V1,"Concept of a game depends on language, rules, and social agreement; not directly perceptible without convention.",D,6,6,0.79
uranium,a radioactive metallic element,V1,"Concept depends on scientific classification and formal categories (elements, radioactivity); not directly recognizable in ordinary perception without symbolic systems.",D,6,6,0.79
bond,an investment-bearing certificate,V1,"Verbally/institutionally defined entity; requires financial institutions, laws, and social agreement (V1 core test).",D,6,6,0.79
character,moral strength; integrity,V1,"Abstract state depending on language, social agreement, and cultural norms; V1 core test.",D,10,6,0.79
character,the individual nature of something,V1,Abstract concept/state depending on language/categories; core test: not recognizable without verbal agreement.,D,6,6,0.79
ambition,an eager desire to succeed or achieve something,V1,"Abstract state/concept requiring language and social concepts of ""success"" and ""achievement""; core test: depends on verbal/cultural agreement.",D,6,6,0.8
duke,British nobleman of the highest rank outside the royal family,V1,"Institutionally defined role; depends on social agreement, law, and convention (V1 core test).",D,6,6,0.8
consent,permission,V1,"Verbally/institutionally defined concept/state; depends on social agreement and language, not direct perception.",D,6,6,0.8
triumph,a victory,V1,"Concept depends on social agreement, rules, and conventions; not directly perceptible without symbolic systems.",D,6,6,0.8
slogan,a motto,V1,Verbally/institutionally defined entity; depends on language and social convention (V1 core test).,D,6,6,0.8
crossbones,the design of a pirate flag,V1,"Concept depends on cultural/institutional knowledge of ""pirate flag""; not directly perceptible without social convention.",D,6,6,0.81
atom,the smallest part of a chemical element,V1,Cannot be recognized by direct perception; depends on scientific language and abstract categories.,D,6,6,0.81
physical,a doctor’s examination,V1,"Verbally/institutionally defined entity; depends on medical roles (doctor) and conventions, not direct perception alone.",D,6,6,0.81
matador,a bullfighter,V1,"Institutionally defined role depending on cultural conventions (bullfighting), like doctor or judge.",D,6,6,0.81
Pope,the head of the Roman Catholic church,V1,"Institutionally defined role; depends on language, social agreement, and church institution (V1 core test).",D,6,6,0.81
sensation,the object of lively attention,V1,"Verbally-defined concept/state; depends on language to define ""object of lively attention"" beyond direct perception.",D,10,6,0.81
bail,money paid for the temporary release of an accused person,V1,"Institutionally defined entity depending on legal system, law, and social agreement.",D,6,6,0.81
hydrochloric,characteristic of a mix of hydrogen and chloride,V1,Concept depends on chemical nomenclature and symbolic systems; not recognizable without formal scientific knowledge.,D,6,6,0.81
lack,the state of not having enough,V1,"Abstract state depending on language and social/conceptual agreement on ""enough"".",D,6,6,0.81
roll,a list of persons,V1,Verbally/institutionally defined entity; requires language and social agreement (V1 core test).,D,6,6,0.81
squire,a young nobleman preparing to be a knight,V1,"Institutionally defined role; depends on social agreement, laws, and conventions (Core test: would not exist without language/institutions).",D,6,6,0.82
chord,a combination of three or more musical notes,V1,"Concept depends on musical theory, language, and conventional rules; not directly perceptible without symbolic system.",D,6,6,0.82
chord,a straight line connecting any two parts on a circle,V1,"Verbally defined geometric concept; requires formal mathematical language and rules, not direct perception alone.",D,6,6,0.82
term,each of the quantities that makes up a fraction or ratio,V1,Verbally/institutionally defined mathematical entity; requires symbolic systems and formal rules (V1 core test).,D,6,6,0.82
disciple,a follower; one who follows another’s teachings,V1,Role defined by following verbal teachings; requires social agreement/language; V1 core test.,D,6,6,0.82
hypocrite,"one who pretends to be good, moral, or pious",V1,"Verbally defined role depending on language, social agreement, and moral concepts.",D,6,6,0.82
pearl,something that is choice or precious,V1,Abstract evaluative quality depending on language and social agreement (V1 core test).,D,4,6,0.82
rank,position or grade,V1,Verbally/institutionally defined entity/role; depends on social agreement and convention.,D,6,6,0.82
agency,an office,V1,Institutionally defined entity/place; requires social agreement and conventions.,D,6,6,0.83
cube,a math term meaning a number to the third power,V1,Verbally/institutionally defined mathematical concept; depends on symbolic systems and rules.,D,6,6,0.83
sandman,"in folklore, a man who made children sleepy at bedtime",V1,"Concept/entity from folklore, requires language/cultural agreement (V1 core test).",D,6,6,0.84
bureau,an office or agency,V1,"Institutionally defined entity; depends on social agreement, law, or conventions (V1 core test).",D,6,6,0.84
union,a labor group,V1,"Verbally/institutionally defined entity; depends on social agreement, laws, institutions.",D,6,6,0.84
pay,to be worthwhile,V1,Abstract evaluative state depending on language and social agreement (V1 core test).,D,6,6,0.84
sake,benefit,V1,Abstract concept/state depending on language and social agreement (V1 core test).,D,6,6,0.85
convention,a custom,V1,"Entities existing mainly because of language, social agreement, or convention.",D,10,6,0.85
typhoid,of or related to the disease typhoid fever,V1,"Verbally/institutionally defined entity (specific disease); requires medical knowledge, not direct perception.",D,6,6,0.86
profession,an occupation that requires much training,V1,"Verbally/institutionally defined entity/role; depends on social agreement, training, and convention.",D,6,6,0.86
custom,made to a personal order,V1,"Concept depends on language, social agreement, and personal order (not directly perceptible).",D,8,6,0.87
quarantine,"the isolation of infected or exposed people, animals or goods",V1,"Verbally/institutionally defined state relying on medical conventions, laws, and concepts like ""infected"" that require social agreement and formal knowledge.",D,6,6,0.87
council,"a group who advises, discusses, or consults",V1,"Institutionally defined group/role; depends on social agreement, not direct perception.",D,6,6,0.87
profit,a gain in money,V1,Verbally/institutionally defined entity; depends on money as a social construct and economic agreement (V1 core test).,D,6,6,0.87
quality,excellence; fineness,V1,Abstract evaluative state depending on social agreement and verbal definition; core V1 test.,D,10,6,0.87
ransom,a price paid or demanded for a person’s release,V1,Institutionally defined entity depending on social/legal convention and language.,D,6,6,0.87
sermon,a serious talk dealing with correct behavior or morals,V1,"Verbally/institutionally defined entity; depends on language, convention, and moral concepts.",D,4,6,0.87
slate,a list of candidates,V1,Verbally/institutionally defined entity; depends on social conventions and election institutions (V1 core test).,D,8,6,0.87
corporal,an army rank,V1,Institutionally defined role; requires social agreement and military conventions (V1 core test).,D,6,6,0.88
chapter,a branch of an organization,V1,Institutionally defined entity; depends on social agreement and organizational convention (V1 core test).,D,6,6,0.88
notion,an idea,V1,Abstract concept/state depending on language/symbols; V1 core test.,D,6,6,0.88
jinx,a person or thing believed to be bad luck,V1,"Concept depends on language, cultural belief, and social agreement; V1 core test.",D,6,6,0.88
radioactive,that which gives off atomic energy,V1,Defined by scientific concept of atomic energy; not recognizable through direct perception without formal knowledge/symbols.,D,6,6,0.89
issue,a copy of a magazine,V1,Depends on publishing institutions and conventions; core test: would not exist without social agreement/language.,D,6,6,0.91
issue,the final result,V1,Abstract concept/state depending on language/conceptual categories; core V1 test: requires verbal understanding of processes/outcomes.,D,10,6,0.91
C.I.A.,Central Intelligence Agency,V1,"Institutionally defined entity depending on law, government, and social agreement (V1 core test).",D,6,6,0.92
wage,pay for work,V1,"Verbally/institutionally defined entity; depends on social agreement, law, and employment conventions. Core test: Would not exist without language/institutions.",D,6,6,0.93
soviet,a unit of government in the former Soviet Union,V1,"Institutionally defined entity/unit; depends on language, law, and social agreement (V1 core test).",D,6,6,0.95
feat,a daring act,V1,Verbally/institutionally defined entity; depends on language and social agreement for 'daring act' concept.,D ,6,6,0.67
fuddy-duddy,a person who is stuffy and old-fashioned,V1,"Verbally/institutionally defined entity/role; depends on social agreement and cultural conventions, not direct perception.",D ,6,6,0.67
fatal,causing ruin,V1,Verbally defined abstract state; depends on conceptual understanding of causality and 'ruin' beyond direct perception.,D ,6,6,0.68
czar,emperor,V1,"Institutionally defined role; depends on language, social agreement, and conventions.",D ,6,6,0.68
democratic,a political party,V1,"Verbally/institutionally defined entity; depends on social agreement, law, institutions (political party).",D ,6,6,0.68
dignity,self-respect,V1,Abstract state depending on language and social agreement; not a basic biological/affective state.,D ,6,6,0.68
essential,a necessary part,V1,Abstract concept/state depending on verbal/conceptual definition of necessity; core V1 test: requires language/abstract categories.,D ,6,6,0.68
civil,related to citizen employment,V1,"Verbally/institutionally defined concept/state depending on social agreement, citizenship, and employment institutions.",D ,10,6,0.69
fad,a short-time fashion,V1,Verbally/institutionally defined concept relying on social agreement and language; core test: depends on cultural convention.,D ,6,6,0.69
figure,a price,V1,"Verbally/institutionally defined entity (monetary value); depends on social agreement, currency systems, and language.",D ,6,6,0.69
estate,property,V1,"Concept of property/estate depends on language, law, and social agreement; not directly perceptible without institutions.",D ,6,6,0.71
discipline,self control,V1,Abstract state depending on language and social agreement; not directly perceptible without conceptual understanding.,D ,8,6,0.71
fiddle-faddle,nonsense,V1,Abstract concept/state depending on language and social agreement; core V1 test.,D ,6,6,0.72
faculty,the teachers of a school,V1,Institutionally defined roles/group; requires social agreement and educational institutions.,D ,6,6,0.73
end,the result,V1,Abstract concept/state depending on language and conceptual processes; core V1 test: not directly perceptible without verbal categories.,D ,6,6,0.73
electron,a part of an atom,V1,Scientific entity not recognizable by direct perception; requires formal knowledge and symbolic systems.,D ,6,6,0.74
delinquent,"a person who breaks laws, especially a minor",V1,Defined by breaking laws; depends on legal institutions and social agreement.,D ,6,6,0.74
expedition,a journey made for a specific purpose,V1,Verbally/institutionally defined entity; depends on language and social agreement for purposeful organization (V1 core test).,D ,6,6,0.74
Confederacy,the eleven southern states that seceded from the United States,V1,"Verbally/institutionally defined entity; requires knowledge of laws, history, and social/political agreement.",D ,6,6,0.74
fatal,causing death,V1,"Abstract quality depending on verbal/conceptual understanding of ""death"" and causation; not directly perceptible without symbolic categories.",D ,6,6,0.76
cheapskate,a stingy person,V1,Role defined by social convention and language; not recognizable without symbolic systems.,D ,6,6,0.76
finance,management of money affairs,V1,"Concept/state depending on institutions, money units, and social conventions (V1 core test).",D ,6,6,0.78
emblem,a symbol,V1,"Depends on language, convention, and symbolic systems; core V1 test: would not exist without social agreement.",D ,6,6,0.78
emblem,a symbol,V1,"Depends on language, symbols, and social convention; V1 core test.",D ,6,6,0.78
emblem,a symbol,V1,"Depends on language, convention, and symbolic systems; V1 core test.",D ,6,6,0.78
emblem,a symbol,V1,Verbally/institutionally defined entity depending on symbolic convention; core test: would not exist without language/social agreement.,D ,6,6,0.78
device,"a plan, scheme, or trick",V1,Abstract entity depending on language and social convention; core V1 test.,D ,10,6,0.79
entry,something written into a record,V1,Verbally-defined entity relying on language/symbols (written record); core test: does not exist without symbolic systems.,D ,8,6,0.81
diphtheria,"an acute, contagious bacterial disease",V1,"Verbally/institutionally defined entity (specific medical disease); requires scientific/medical classification, not direct perception.",D ,6,6,0.82
enjoy,to have the advantage of,V1,"Verbally-defined state; depends on abstract social/comparative concept ""advantage"" requiring language and agreement (V1 core test).",D ,6,6,0.82
civilian,not military,V1,Verbally/institutionally defined role; depends on social agreement and military institution (V1 core test).,D ,6,6,0.86
distress,trouble or misfortune,V1,Abstract state (trouble/misfortune) depending on language/social agreement; core V1 test: does not exist without symbolic categories.,D ,6,6,0.88
dioxide,a chemical compound,V1,"Chemical entity requiring scientific nomenclature and formal categories, not direct perception (V1 core test).",D ,6,6,0.88
faith,believed or trusted without proof,V1,"Abstract state depending on language/concepts like ""proof"" and ""belief""; not directly perceptible.",E,6,6,0.69
proper,correct or suitable,V1,"Abstract state/quality requiring social convention or verbal definition, not direct perception (V1 core test).",E,6,6,0.7
suspect,a person thought to be guilty of a crime,V1,"Institutionally defined role; depends on legal concepts of crime and guilt, not direct perception.",E,2,6,0.74
minus,symbol used in arithmetic meaning less,V1,Verbally/institutionally defined entity/symbol requiring formal arithmetic rules and symbols.,E,2,6,0.75
master,an expert,V1,Verbally/institutionally defined role; depends on social agreement (V1 core test).,E,6,6,0.77
ages,a long time,V1,"Abstract time duration concept depending on language; core test: requires symbolic/cultural agreement for ""long time"".",E,6,6,0.77
simple,not complicated,V1,Abstract concept/state depending on language and cognitive categories; not directly perceptible (V1 core test).,E,6,6,0.77
chef,a cook,V1,"Role (professional cook) defined by social convention and training, per V1 core test.",E,6,6,0.81
gag,a joke,V1,Concept depending on language and social convention; not directly perceptible.,E,6,6,0.83
genius,a person with an outstanding ability,V1,"Verbally/institutionally defined role; depends on language and social agreement for recognition of ""outstanding ability"".",E,6,6,0.89
calcium,a metallic element needed for strong bones and teeth,V1,"Verbally/institutionally defined entity; chemical element requires scientific classification and symbols, not direct perception.",L2,6,6,0.67
kilometer,unit of length in the metric system equal to one thousand meters,V1,"Unit depending on language, symbols, and formal measurement system (V1 core test).",L2,6,6,0.67
metric,a system of measure,V1,"Verbally/institutionally defined system/units; depends on language, convention, measurement standards.",L2,6,6,0.67
whopper,a big fib,V1,Concept of a lie/fib depends on language and social agreement on truth.,L2,6,6,0.67
record,a score never reached before,V1,"Entity defined by scoring rules, measurement, and social comparison; requires language/institutions (V1 core test).",L2,6,6,0.68
hexagon,a six-sided figure,V1,"Verbally/institutionally defined entity depending on language, numerical counting (""six""), and geometric convention.",L2,6,6,0.69
tone,a note of the musical scale,V1,"Verbally/institutionally defined entity; musical note as unit in formal scale system, requires symbolic knowledge.",L2,6,6,0.69
troll,a type of dwarf in a fairy tale,V1,"Concept depends on language, cultural stories, and social agreement; not directly perceptible.",L2,6,6,0.71
octagon,an eight-sided figure,V1,"Depends on language, numerical symbols, and counting conventions; not recognizable by direct perception alone.",L2,6,6,0.71
jiffy,a very short period of time; a second,V1,Verbally/institutionally defined unit of time; depends on language and measurement systems.,L2,6,6,0.72
lame(excuse),poor (excuse),V1,Abstract evaluative state depending on language and social convention; not directly perceptible.,L2,,6,0.73
point,a unit of scoring,V1,Unit defined by rules/institutions; depends on social agreement (V1 core test).,L2,6,6,0.73
casino,"a place of entertainment, especially gambling",V1,"Verbally/institutionally defined entity; depends on social agreement, conventions, and gambling rules (V1 core test).",L2,6,6,0.75
bracket,one of a pair of punctuation marks,V1,Verbally-defined entity; depends on language conventions and symbolic writing system (V1 core test).,L2,6,6,0.75
pharaoh,the name used for ancient Egyptian rulers,V1,"Verbally/institutionally defined role; depends on language, history, and social convention (V1 core test).",L2,6,6,0.76
scale,a series of musical tones,V1,"Verbally/institutionally defined entity; depends on musical theory, symbols, and convention (V1 core test).",L2,6,6,0.76
Fahrenheit,a temperature scale with freezing as thirty-two degrees,V1,"Verbally/institutionally defined unit; requires language, symbols, and social agreement (V1 core test).",L2,6,6,0.77
nephew,a brother’s or sister’s son,V1,Verbally/institutionally defined entity/role; requires language and social agreement to recognize the specific kin relation (core test: would not exist in same way without symbols/language).,L2,6,6,0.79
dominoes,a game,V1,"Concept of a game depends on rules, conventions, and social agreement; core V1 test: would not exist without language/symbols.",L2,6,6,0.79
patrol,scouting party sent out to inspect or explore an area,V1,"Verbally/institutionally defined entity; concept depends on social organization, convention, and purpose-defined group (""sent out to inspect"").",L2,6,6,0.81
rectangle,a shape that has four right angles,V1,"Verbally/institutionally defined entity; requires formal geometric rules and symbols, not direct perception alone.",L2,6,6,0.83
pixie,an elf,V1,Verbally-defined entity depending on language and cultural convention; core V1 test: does not exist without symbols or social agreement.,L2,6,6,0.86
steward,shipboard worker in charge of food or other services,V1,Institutionally defined role; depends on social agreement and shipboard conventions.,L2,6,6,0.91
staff,the lines and spaces on which musical notes are written,V1,Verbally/institutionally defined entity in musical notation; requires symbolic system knowledge (V1 core test).,L6,6,6,0.69
niece,the daughter of a brother or sister,V1,Verbally/institutionally defined role; depends on language and social kinship agreement (V1 core test).,L6,6,6,0.72
ace,the highest card of each suit in a deck,V1,"Verbally/institutionally defined entity; depends on conventions of suits and card rankings, not direct perception alone.",L6,6,6,0.76
ace,a superior combat pilot,V1,"Verbally/institutionally defined role; depends on social agreement, military conventions, and formal criteria for superiority.",L6,10,6,0.76
marine,a kind of soldier,V1,Institutionally defined role; depends on military conventions and social agreement (V1 core test).,L6,6,6,0.79
nun,a member of a religious order for women,V1,Role defined by religious institution and social agreement; core V1 test: depends on conventions and symbols.,L6,6,6,0.85
tee,the starting place for each hole in golf,V1,Institutionally defined place within golf rules; requires convention and game knowledge (V1 core test).,L6,6,6,0.87
shilling,a former coin of the United Kingdom,V1,Verbally/institutionally defined unit; depends on currency system and social agreement (like dollar).,L6,6,6,0.88
wink,an instant,V1,Verbally-defined time concept/unit; depends on language for definition.,T2,6,6,0.67
positive,an affirmative; yes,V1,"Verbally-defined concept; core test: depends on language and convention, not direct perception.",T2,6,6,0.67
change,variety,V1,"Abstract concept/state depending on language/categories, not direct perception.",T2,6,6,0.67
positive,definite,V1,"Abstract state/concept requiring verbal definition; core test: depends on language, not direct perception.",T2,6,6,0.67
sharp-witted,keen-minded,V1,Abstract mental state/concept depending on language and social agreement; core V1 test.,T2,6,6,0.67
world,all the people on Earth,V1,Concept cannot be understood by direct perception alone; depends on language for abstract totality of people.,T2,6,6,0.68
hostage,a person held in order to get something,V1,Role/state defined by social agreement and intent; not recognizable without conventions (V1 core test).,T2,6,6,0.68
chief,most important,V1,Abstract concept/state of relative importance depending on language and social agreement (V1 core test).,T2,2,6,0.68
column,"a narrow, vertical section of a page",V1,Concept depends on language/writing conventions; not recognizable without symbolic systems (typography).,T2,6,6,0.68
shift,a work period,V1,"Verbally/institutionally defined entity; depends on social/work conventions, not direct perception.",T2,6,6,0.68
allegiance,loyalty,V1,Abstract state/concept depending on social agreement/language; V1 core test.,T2,6,6,0.69
diameter,the length of a straight line through the center of a circle,V1,Verbally defined geometric unit/concept; requires formal geometric rules/symbols.,T2,6,6,0.69
culture,civilization,V1,"Abstract concept depending on language, social agreement, and institutions; core V1 test.",T2,6,6,0.69
public,not secret,V1,Abstract state defined by social convention/language (not perceivable without agreement on secrecy).,T2,4,6,0.69
courtesy,a kind act or polite behavior,V1,Concept depends on social agreement and conventions; would not exist without language/cultural rules.,T2,6,6,0.7
great,famous,V1,Socially defined status depending on language and collective agreement (V1 core test).,T2,2,6,0.7
longitude,distance on Earth’s surface in degrees east or west,V1,Verbally/institutionally defined unit; requires formal measurement system and symbols (degrees).,T2,6,6,0.7
counselor,a supervisor of camp activities,V1,Role defined by social/institutional agreement (supervisor in camp context).,T2,6,6,0.7
dull,not smart,V1,Abstract state depending on language and social agreement; core test: concept requires verbal/cultural definition.,T2,2,6,0.7
feeling,an opinion,V1,Abstract concept/state depending on language and social agreement; V1 core test.,T2,6,6,0.7
tip,a private hint,V1,Abstract concept/state depending on language and convention; not directly perceptible.,T2,6,6,0.7
whiz,an expert,V1,Verbally/institutionally defined role; depends on social agreement/language (V1 core test).,T2,6,6,0.7
challenge,a demanding task,V1,Abstract concept depending on language/conceptual categories; not directly perceptible.,T2,6,6,0.71
crude,bad-mannered,V1,Abstract state depending on social agreement and cultural conventions of manners.,T2,6,6,0.71
discipline,training that produces good behavior,V1,"Concept depends on social agreement and conventions for ""good behavior""; not directly perceptible without rules.",T2,6,6,0.71
aware,to be knowing,V1,"Verbally defined state of knowledge; core test: depends on language/concepts, not direct perception.",T2,6,6,0.71
genuine,real,V1,"Abstract quality depending on verbal/conventional definition of authenticity; core test: requires social agreement/symbols, not direct perception.",T2,6,6,0.71
occasion,a particular time or event,V1,"Concept of a particular time/event depends on verbal/cultural categorization, not direct perception alone.",T2,6,6,0.72
cute,clever,V1,Abstract state/concept depending on language; core test: would not exist without verbal/social agreement.,T2,6,6,0.72
faith,belief without proof,V1,Abstract state/concept requiring language for 'belief' and notion of 'proof'; core V1 test: depends on symbolic categories.,T2,6,6,0.72
part,a role played,V1,Role as verbally/institutionally defined entity (V1 core test: depends on social agreement).,T2,6,6,0.72
token,an object that stands for something else,V1,Depends on language/symbolic convention to stand for something else; V1 core test.,T2,6,6,0.72
insane,very foolish,V1,Abstract state depending on language and social agreement on judgment; core V1 test.,T2,4,6,0.72
cinch,an easy thing,V1,Abstract category/state depending on language/conceptual understanding; not directly perceptible.,T2,6,6,0.73
caution,a warning,V1,"Verbally defined abstract concept; depends on language and social convention, not direct perception.",T2,6,6,0.73
negative,not positive,V1,Abstract oppositional state in numerical/symbolic systems; depends on language/convention (V1 core test).,T2,6,6,0.74
clockwise,the direction in which the hands of a watch move,V1,Verbally/institutionally defined concept depending on clock/watch convention and symbolic system.,T2,6,6,0.74
date,a planned meeting,V1,Socially/institutionally defined entity requiring language and convention; core test: depends on social agreement.,T2,6,6,0.74
individual,personal,V1,Abstract state/concept depending on linguistic/social agreement (person vs. collective).,T2,6,6,0.74
tradition,the handed down beliefs or customs passed down,V1,"Depends on language, social agreement, and cultural convention for beliefs/customs.",T2,6,6,0.74
unit,a single one of a larger group,V1,"Verbally-defined entity/concept; core test: depends on language for abstract categorical understanding, not direct perception.",T2,6,6,0.74
pharmacy,a drugstore,V1,"Institutionally defined entity; depends on social agreement and conventions, not direct perception alone.",T2,6,6,0.75
parliament,a lawmaking body,V1,"Institutionally defined entity; depends on language, law, and social agreement (V1 core test).",T2,6,6,0.75
colonial,an early period of American history,V1,"Verbally/institutionally defined historical period; depends on language, convention, and social agreement (V1 core test).",T2,6,6,0.75
estimate,a prediction of outcomes,V1,Abstract concept/state depending on language and cognitive/symbolic processes; not directly perceptible.,T2,6,6,0.75
parallel,lines the same distance apart,V1,Concept depends on geometric rules and measurement of distance; not directly perceptible without formal categories.,T2,6,6,0.75
particular,special,V1,Abstract state/concept depending on language and social agreement; not directly perceptible.,T2,6,6,0.75
rookie,a beginner,V1,Abstract role/state depending on language and social agreement (Core test: requires convention).,T2,6,6,0.75
think,to believe,V1,Verbally-defined concept/state; depends on language/symbols for propositional belief (core V1 test: requires language for the concept).,T2,6,6,0.75
native,a person born in a particular location,V1,"Verbally/institutionally defined role; requires language and social agreement on birthplace, not direct perception.",T2,6,6,0.76
numeral,a symbol for a number,V1,Symbol in a formal numerical/symbolic system; depends on language/convention (V1 core test).,T2,6,6,0.76
routine,a fixed way to do things,V1,"Verbally/institutionally defined concept; cannot be understood by direct perception alone, depends on language for the idea of a ""fixed way"".",T2,6,6,0.76
subject,a topic,V1,Abstract concept/state depending on language; V1 core test.,T2,6,6,0.76
phrase,a part of a sentence without a subject and predicate,V1,Concept depends on language and grammatical conventions; not perceptible without symbolic rules.,T2,6,6,0.76
error,a mistake,V1,"Concept depends on language, rules, or social agreement on correctness.",T2,6,6,0.76
graph,a chart showing change,V1,"Concept depends on language, symbols, and conventional systems for data representation; not directly perceptible without formal rules.",T2,6,6,0.76
novel,a fairly long fictional story,V1,Verbally/institutionally defined entity; depends on language and literary convention (Core V1 test).,T2,6,6,0.76
project,a definite plan,V1,Abstract concept/state depending on language and mental representation; core test: would not exist without symbolic systems.,T2,6,6,0.76
intelligent,able to learn,V1,"Verbally-defined abstract state; depends on language/conceptual categories, not direct perception.",T2,6,6,0.76
protein,a substance in food necessary to good health,V1,"Verbally-defined entity; scientific/nutritional concept requiring language and abstract categories, not directly perceptible (P1 core test).",T2,6,6,0.77
summary,a short review of a longer document or speech,V1,"Concept depends on language/symbols (documents, speech); core test: does not exist without verbal conventions.",T2,6,6,0.77
surgery,a treatment by operation,V1,"Verbally/institutionally defined entity; requires medical conventions and formal knowledge, not direct perception.",T2,6,6,0.77
denominator,the lower number in fractions,V1,Verbally/institutionally defined entity in mathematical system; depends on symbols and convention.,T2,6,6,0.77
resort,a vacation place,V1,"Defined by social convention and purpose (vacation place); requires cultural agreement, not direct perception alone.",T2,6,6,0.78
familiar,well known,V1,"Abstract state depending on language, shared knowledge, and social convention.",T2,6,6,0.78
flash,an instant,V1,Verbally defined time concept/unit; cannot be recognized by direct perception alone without language.,T2,6,6,0.78
mission,an important errand,V1,Concept of assigned purpose/task exists due to language/social agreement; not directly perceptible.,T2,6,6,0.78
permanent,lasting; without change,V1,"Abstract state/concept of duration without change; depends on verbal/cultural conceptualization of time, not direct perception (V1 core test).",T2,6,6,0.78
ballot,a sheet of paper used to vote,V1,Verbally/institutionally defined entity; depends on voting conventions and cannot be recognized without social/institutional rules.,T2,6,6,0.79
souvenir,a keepsake,V1,Concept depends on language and social agreement; not directly perceptible without convention.,T2,6,6,0.79
generous,unselfish,V1,"Abstract state/concept depending on social agreement and language, not direct perception.",T2,6,6,0.79
character,a person in a story,V1,Concept depends on language and story conventions; not directly perceptible without symbolic systems.,T2,6,6,0.79
guarantee,a promise,V1,Verbally-defined entity depending on language and social agreement (V1 core test).,T2,6,6,0.79
late,after the usual time,V1,"Concept depends on social convention/language for ""usual time""; V1 core test.",T2,6,6,0.79
leisure,free time,V1,"Depends on language and social conventions for ""free"" vs. obligatory time; core V1 test: requires social agreement.",T2,6,6,0.79
quantity,amount,V1,Abstract concept/state depending on language/categories; core V1 test.,T2,6,6,0.79
rare,not common,V1,"Abstract category of frequency; cannot be understood by direct perception alone, depends on verbal/conceptual norms.",T2,6,6,0.79
verdict,the opinion of a jury,V1,"Verbally/institutionally defined entity; depends on legal system, jury convention, and social agreement (V1 core test).",T2,6,6,0.79
wealth,plenty,V1,Abstract state/concept depending on language and social agreement on abundance/value.,T2,6,6,0.79
worth,personal wealth,V1,"Depends on language, economic institutions, and social agreement for valuation (V1 core test).",T2,6,6,0.79
variety,different kinds,V1,"Abstract concept of categorical diversity; depends on language to define ""kinds"".",T2,6,6,0.79
laboratory,a testing room for scientific experiments,V1,Defined by institutional/scientific purpose requiring language and formal knowledge; core V1 test: depends on social agreement and abstract categories.,T2,6,6,0.8
cupid,a picture of an imaginary child; a symbol of love,V1,"Entities existing mainly because of language, symbols, or social agreement (mythological symbol).",T2,6,6,0.8
extraordinary,very unusual,V1,"Abstract quality depending on language, convention, and abstract categories of normality; core V1 test.",T2,6,6,0.8
text,a schoolbook,V1,"Verbally/institutionally defined entity; requires social agreement on ""school"".",T2,6,6,0.8
staff,helpers to a leader,V1,Verbally/institutionally defined role; depends on social agreement (V1 core test).,T2,6,6,0.81
bonus,something extra,V1,"Concept depends on language and social agreement for what constitutes ""extra""; not directly perceptible.",T2,6,6,0.81
time,"past, present, future",V1,Abstract time categories dependent on language and conceptual agreement; V1 core test.,T2,2,6,0.81
free,not controlled,V1,"Abstract state; depends on verbally-defined concept of ""control"" beyond direct perception.",T2,2,6,0.82
series,a number of related things or events one after the other,V1,"Abstract concept of sequence/relation; depends on language/categories, not direct perception (V1 core test).",T2,6,6,0.82
common,ordinary,V1,"Abstract state/quality requiring conceptual understanding of norms/typicality, not direct perception.",T2,6,6,0.82
good,fits its purpose,V1,"Depends on language/convention for ""purpose""; not directly perceptible (V1 core test).",T2,6,6,0.82
guess,an estimate,V1,"Verbally defined abstract concept; depends on language, not direct perception (V1 core test).",T2,6,6,0.82
notion,a belief,V1,Abstract concept/state depending on language; core test: would not exist without verbal/symbolic systems.,T2,6,6,0.82
remarkable,wonderful; extraordinary; uncommon,V1,Abstract evaluative concept depending on language and convention; not directly perceptible without symbolic judgment (V1 core test).,T2,6,6,0.82
none,nobody,V1,"Verbally-defined concept; depends on language/symbols, not direct perception (V1 core test).",T2,6,6,0.84
lesson,a learning experience,V1,Verbally/institutionally defined concept; depends on language and social agreement for recognition.,T2,6,6,0.84
subject,a course of study,V1,Verbally/institutionally defined entity; depends on educational conventions and social agreement.,T2,6,6,0.84
drama,a play,V1,"Verbally/institutionally defined entity; depends on language, symbols, and cultural convention (core V1 test).",T2,6,6,0.84
figure,a number,V1,"Verbally/institutionally defined entity/unit; depends on language/symbols, not direct perception.",T2,6,6,0.84
clinic,a hospital or medical office,V1,"Institutionally defined place; depends on social conventions and medical roles, per V1 core test.",T2,6,6,0.85
bad,without worth,V1,Abstract evaluative state depending on social conventions and language (V1 core test).,T2,6,6,0.85
opposite,different as can be from,V1,Concept depends on language and abstract categories; would not exist without symbolic systems (V1 core test).,T2,6,6,0.86
profession,occupation that requires special education or training,V1,"Verbally/institutionally defined role; depends on social agreement, education systems.",T2,6,6,0.86
sermon,a religious talk,V1,Verbally/institutionally defined entity; requires religious institution and social convention (V1 core test).,T2,4,6,0.87
choice,a big selection to pick from,V1,"Verbally defined abstract concept/state; depends on language/conceptualization, not direct perception alone.",T2,6,6,0.87
chapter,a part of a book,V1,Verbally-defined entity depending on language and publishing conventions; core test: requires symbolic systems and social agreement.,T2,4,6,0.88
opportunity,a good chance,V1,Abstract concept/state depending on language and social agreement (V1 core test).,T2,6,6,0.88
paradise,a place of great happiness,V1,Abstract place concept depending on language/cultural agreement; core V1 test: would not exist without symbols/social constructs.,T2,6,6,0.89
genius,a very creative person,V1,"Concept of 'genius' as a creative person depends on verbal definition and social agreement, not direct perception.",T2,6,6,0.89
angle,a point of view,V1,Abstract concept/state depending on language; core test: does not exist without verbal/symbolic systems.,T2,6,6,0.9
term,a period of time,V1,Verbally/institutionally defined time unit; depends on language/convention (V1 core test).,T2,6,6,0.9
issue,a problem,V1,Abstract concept/state depending on language; core test: would not exist without verbal categories.,T2,10,6,0.91
private,very personal,V1,Concept/state depending on language and social agreement about personal boundaries; core V1 test.,T2,4,6,0.92
FBI,Federal Bureau of Investigation,V1,"Institutionally defined entity; depends on law, government, and social agreement (V1 core test).",T2,6,6,0.95
initial,the first letter of a word or name,V1,Verbally-defined entity depending on language/symbolic system (letters/words); core V1 test: requires convention.,T6,6,6,0.67
institute,a school,V1,Institutionally defined entity; depends on social agreement and formal categories.,T6,6,6,0.67
accent,a pronunciation mark to show special emphasis,V1,Verbally-defined entity; requires linguistic conventions/symbolic systems to recognize as a pronunciation mark.,T6,10,6,0.67
cadet,someone training in a military academy or school,V1,"Institutionally defined role; depends on social agreement, language, and formal institutions (military academy).",T6,6,6,0.67
posse,a group organized to assist a sheriff in an emergency,V1,Institutionally defined group relying on legal roles (sheriff) and social agreement; core V1 test.,T6,6,6,0.67
rebel,one who resists,V1,"Role defined by resistance (implying authority/rules); depends on social agreement/institutions, per V1 core test.",T6,6,6,0.67
A.D.,all the years after B.C.E.; used before a date,V1,"Time system/unit defined by language, convention, and institutions; V1 core test.",T6,6,6,0.67
dialect,form of speech spoken in a specific area,V1,Concept depends on language and social conventions; would not exist without verbal categorization.,T6,6,6,0.67
fraud,cheating; illegal trickery,V1,Verbally/institutionally defined concept; requires law and social agreement (Core test: Would not exist without institutions).,T6,6,6,0.67
pension,retirement pay,V1,"Verbally/institutionally defined entity; depends on social agreement, law, and conventions (V1 core test).",T6,6,6,0.67
biography,the life story of a person,V1,Verbally/institutionally defined entity; depends on language and narrative convention (V1 core test).,T6,6,6,0.67
deed,a legal document that shows ownership,V1,Verbally/institutionally defined entity; depends on legal conventions and social agreement.,T6,6,6,0.67
exception,unusual,V1,Abstract state/concept depending on norms or conventions (Core test: requires conceptual agreement beyond direct perception).,T6,6,6,0.67
fraud,a person who is not what he or she pretends to be,V1,Concept depends on language and social agreement for pretense/deception; not directly perceptible.,T6,6,6,0.67
guilt,being to blame,V1,"Abstract state depending on social conventions, moral judgment, and language; fails P3 core test (not basic biological state without formal rules).",T6,6,6,0.67
moral,decent; proper,V1,"Abstract state/concept depending on social agreement/language, not direct perception.",T6,6,6,0.67
moral,a lesson taught,V1,Abstract concept/state depending on language and convention; core test: does not exist without symbolic systems.,T6,8,6,0.67
noble,good,V1,Abstract evaluative state/concept requiring language and social agreement (Core test: Would not exist without symbols/culture).,T6,6,6,0.67
proverb,a well-known saying,V1,Entity defined by language and cultural convention; requires symbolic systems (V1 core test).,T6,6,6,0.67
select,the very best,V1,Verbally-defined quality/state depending on language and abstract comparison; core test: does not exist without symbolic judgment.,T6,6,6,0.67
volt,a unit of electricity,V1,Verbally/institutionally defined unit; depends on measurement convention and symbols.,T6,6,6,0.67
vow,a solemn promise,V1,Verbally/institutionally defined entity; depends on language and social agreement (V1 core test).,T6,6,6,0.67
barbarous,not civilized; savage,V1,Concept depends on social conventions of civilization; V1 core test: requires language/cultural agreement.,T6,6,6,0.67
totem,a tribal emblem,V1,Entity defined by tribal institution and cultural convention; requires social agreement.,T6,6,6,0.67
element,a basic chemical substance such as iron or oxygen,V1,"Verbally/institutionally defined entity; requires scientific/chemical categories, not direct perception alone.",T6,6,6,0.68
morgue,a place for unclaimed dead,V1,Institutionally defined place; recognition depends on social/legal conventions for handling unclaimed dead (V1 core test).,T6,6,6,0.68
satellite,an artificial body orbiting in space,V1,"Concept depends on scientific language and conventions (orbiting, artificial body); not directly perceptible without formal knowledge.",T6,6,6,0.68
ceremony,a special service,V1,"Verbally/institutionally defined entity; depends on social conventions, not direct perception.",T6,6,6,0.68
emperor,a male ruler of an empire,V1,"Institutionally defined role; depends on language, social agreement, and conventions (V1 core test).",T6,6,6,0.68
alternate,a substitute,V1,Verbally/institutionally defined entity/role; depends on language and social convention (V1 core test).,T6,6,6,0.68
diary,a daily record,V1,"Concept depends on language, symbols, and social convention; would not exist without them.",T6,6,6,0.68
patent,a permit for invention,V1,Institutionally defined entity depending on law and social agreement.,T6,6,6,0.68
strategy,skillful planning,V1,Abstract concept/state depending on language/symbols; would not exist without verbal/conventional agreement.,T6,6,6,0.68
column,a regularly appearing newspaper article,V1,Verbally/institutionally defined entity; requires journalistic conventions and social agreement (V1 core test).,T6,6,6,0.68
condition,the state of usability,V1,Abstract state depending on language/convention for 'usability'; core V1 test: requires social agreement on function.,T6,6,6,0.68
curfew,a set time to be indoors or home at night,V1,"Institutionally defined entity/concept relying on social agreement, rules, and time units.",T6,6,6,0.68
divine,related to God,V1,"Verbally/institutionally defined concept; depends on language, religion, and social agreement (V1 core test).",T6,6,6,0.68
element,a basic part from which something is formed,V1,Concept depends on language/abstract categories; not directly perceptible without symbolic understanding of composition.,T6,6,6,0.68
element,one of four substances once thought to make up the universe,V1,Concept depends on verbal/historical convention; not recognizable without symbolic/philosophical system (V1 core test).,T6,6,6,0.68
example,a warning to others,V1,"Abstract concept depending on language, social agreement, and convention.",T6,6,6,0.68
feature,the main attraction,V1,"Verbally/institutionally defined role/concept; depends on social agreement, not direct perception.",T6,6,6,0.68
feud,"a fight among families, tribes, or clans",V1,"Concept depends on social agreement, language-defined groups (families, tribes, clans); core test: would not exist without symbols/institutions.",T6,6,6,0.68
order,amount bought,V1,"Concept depends on language, convention, and institutional commerce; core test: would not exist without social agreement.",T6,6,6,0.68
revolution,the overthrow of the government,V1,Concept depends on institutions (government) and social agreement; not directly perceptible without formal systems.,T6,6,6,0.68
rumor,unproved news,V1,Concept depends on language/symbols/social agreement; core V1 test: would not exist without verbal transmission.,T6,6,6,0.68
sharp,stylish,V1,Abstract aesthetic state depending on social agreement and cultural conventions.,T6,6,6,0.68
span,a measure of length,V1,Unit of measurement; depends on verbal/institutional definition (V1 core test).,T6,10,6,0.68
span,a space of time,V1,Abstract time concept depending on language and symbolic systems; core V1 test: would not exist without verbal/conceptual agreement.,T6,10,6,0.68
telecast,a television program,V1,Verbally/institutionally defined entity; requires knowledge of television broadcasting system and cultural convention.,T6,6,6,0.68
tend,be likely to,V1,"Verbally-defined state; concept of likelihood depends on language and abstract categorization, not direct perception.",T6,6,6,0.68
rheumatism,a disease that affects muscles and joints,V1,"Verbally/institutionally defined entity; medical disease concept requires language and diagnostic categories, not direct perception.",T6,6,6,0.69
phantom,a ghost,V1,"Concept of ghost depends on language, culture, and symbolic systems; not directly perceptible in ordinary physical experience (V1 core test).",T6,6,6,0.69
accommodate,to be suitable for,V1,Abstract relational state depending on verbal concepts of purpose/fit; not directly perceptible without language.,T6,10,6,0.69
promenade,a formal pleasure walk,V1,"Verbally/institutionally defined entity; ""formal"" depends on social convention, not direct perception alone.",T6,6,6,0.69
grave,very serious,V1,"Abstract evaluative state; requires language/conceptual agreement, not direct perception (V1 core test).",T6,2,6,0.69
monitor,"a person or object that warns, advises, or reminds",V1,"Verbally/institutionally defined role; depends on language and social agreement for function (warns, advises, reminds).",T6,6,6,0.69
monitor,a student who helps teachers,V1,Institutionally defined role; depends on social/school convention (V1 core test).,T6,6,6,0.69
porter,a person employed to carry baggage,V1,Institutionally defined role depending on social agreement and employment conventions.,T6,6,6,0.69
scheme,an underhanded plot,V1,Abstract entity depending on language and social agreement; core test: would not exist without symbolic systems.,T6,6,6,0.69
treat,the act of entertaining,V1,"Concept/act exists via social agreement/language, not direct perception (V1 core test).",T6,4,6,0.69
blunder,a foolish mistake,V1,"Abstract concept/state depending on language, convention, and judgment; not directly perceptible.",T6,6,6,0.69
chance,luck,V1,Abstract concept/state depending on language and social agreement; core V1 test: would not exist without verbal/conventional definition.,T6,6,6,0.69
culture,knowledge of what is fine in taste and manners,V1,"Verbally/institutionally defined concept; depends on social agreement and language, not direct perception.",T6,6,6,0.69
district,"a certain section of a state, county, or city",V1,"Verbally/institutionally defined entity; depends on law, institutions, social agreement.",T6,6,6,0.69
hazard,a chance of danger or risk,V1,Abstract concept/state depending on language and convention; core test: does not exist without symbolic categories.,T6,6,6,0.69
nutshell,in a few words,V1,"Concept depends on linguistic idiom and verbal convention, not direct perception.",T6,6,6,0.69
premium,a payment for insurance,V1,Institutionally defined entity (insurance payment); depends on social agreement and formal systems (V1 core test).,T6,10,6,0.69
premium,a prize,V1,"Concept of ""prize"" depends on social agreement, rules, or institutions; not directly perceptible without convention.",T6,6,6,0.69
premium,an amount above ordinary prices,V1,"Concept depends on economic conventions, prices, and social agreement; V1 core test.",T6,10,6,0.69
sacred,holy,V1,"Concept/state depends on language, religion, institutions, and social agreement; not directly perceptible.",T6,6,6,0.69
symptom,a sign of a particular illness,V1,"Defined as sign of ""illness,"" a verbally/institutionally defined concept requiring medical convention.",T6,6,6,0.69
squad,a small working group,V1,"Verbally/institutionally defined entity; depends on social agreement and organization, not direct perception alone.",T6,6,6,0.7
pneumonia,a lung disease,V1,"Verbally/institutionally defined entity (medical disease); requires formal medical knowledge, not direct perception alone.",T6,6,6,0.7
wiretap,information secretly recorded from conversations,V1,"Verbally/institutionally defined entity; concept depends on legal/surveillance conventions, not direct perception.",T6,6,6,0.7
individual,one person or unit,V1,"Verbally/institutionally defined entity/unit; core test: depends on language/abstract categories, not direct perception.",T6,6,6,0.7
skit,a short play,V1,"Verbally/institutionally defined entity; depends on language, cultural convention, and symbolic systems (V1 core test).",T6,6,6,0.7
today,this time in history,V1,"Depends on language, calendar conventions, and social agreement on time; core V1 test.",T6,6,6,0.7
bygone,past,V1,Abstract time concept/state depending on language; core V1 test: requires verbal categories.,T6,6,6,0.71
civics,a study of citizen duties,V1,"Verbally/institutionally defined concept; depends on language, social agreement, and institutions (citizen duties).",T6,6,6,0.71
current,as of now,V1,"Verbally-defined temporal state; depends on language/convention for ""now"" vs. other times (V1 core test).",T6,6,6,0.71
editor,one who is in charge of organizing a newspaper,V1,Institutionally defined role; depends on social agreement and conventions (V1 core test).,T6,6,6,0.71
editor,one who writes commentary on current events,V1,Verbally/institutionally defined role; depends on language and social convention.,T6,8,6,0.71
formula,a specific or fixed rule for doing something,V1,Verbally/institutionally defined entity/concept; depends on language and convention (V1 core test).,T6,6,6,0.71
proceeding,a course of action,V1,"Verbally-defined concept; cannot be understood by direct perception alone, depends on language for abstract sequence.",T6,6,6,0.71
cycle,period of time during which a series of things repeats,V1,Verbally/institutionally defined time unit/concept; requires language/abstract categories to define repeating period (V1 core test).,T6,6,6,0.71
democracy,a form of government,V1,"Institutionally defined entity; depends on language, social agreement, and formal political systems.",T6,6,6,0.71
handicap,an added difficulty,V1,Abstract concept/state depending on language; would not exist without verbal definition (V1 core test).,T6,6,6,0.71
tight,stingy,V1,Abstract state depending on social agreement and economic conventions (money/property).,T6,6,6,0.71
turf,viewed as an exclusive territory,V1,"Exclusive territory depends on social agreement/convention, not direct perception (V1 core test).",T6,10,6,0.71
benefit,a fund-raising activity,V1,Verbally/institutionally defined entity; requires social agreement/institutions for fund-raising.,T6,8,6,0.72
focus,lens-to-image distance,V1,"Verbally/institutionally defined unit/concept; requires optics knowledge and formal measurement, not direct perception.",T6,6,6,0.72
trifle,"a small, unimportant thing",V1,"Concept depends on verbal/social agreement for ""unimportant""; not directly perceptible.",T6,8,6,0.72
handout,a gift,V1,Entity defined by social convention; core test: would not exist without language or social agreement.,T6,6,6,0.72
foul,outside playing lines of a game,V1,"Verbally/institutionally defined state; requires game rules and convention, not direct perception alone.",T6,6,6,0.72
stern,strict,V1,Abstract state depending on social rules/conventions; not directly perceptible without language/institutions.,T6,6,6,0.72
monarch,ruler,V1,Verbally/institutionally defined role; depends on social agreement/law.,T6,6,6,0.72
presto,a magician’s word,V1,Verbally/institutionally defined entity dependent on language and cultural convention (magic performance).,T6,6,6,0.72
associate,a partner,V1,Role (partner) defined by social agreement/institutions; V1 core test.,T6,6,6,0.72
diploma,certificate indicating a program of study completed,V1,Verbally/institutionally defined entity; depends on educational institutions and social agreement (V1 core test).,T6,6,6,0.72
proper,respectable,V1,"Socially defined quality; depends on convention/language, not direct perception (V1 core test).",T6,6,6,0.72
urgent,demanding immediate attention,V1,"Abstract state depending on language, convention, and conceptual understanding of time/priority; core test: requires social agreement beyond direct perception.",T6,6,6,0.73
eclipse,to overshadow,V1,Concept of relative significance cannot be understood by direct perception alone; depends on language and abstract categories.,T6,6,6,0.73
politics,the art of government,V1,"Verbally/institutionally defined concept; depends on social agreement, laws, and government institutions.",T6,6,6,0.73
process,a way of doing something,V1,"Abstract concept/state depending on language; core V1 test: requires verbal categorization, not direct perception.",T6,6,6,0.73
calorie,a food energy unit,V1,Verbally/institutionally defined unit; depends on measurement conventions.,T6,6,6,0.73
dictator,an all-powerful ruler,V1,"Institutionally defined role; depends on language, social agreement, and political institutions.",T6,6,6,0.73
dispute,an argument,V1,"Concept of ""argument"" as social/verbal interaction depends on language and convention, not direct perception alone.",T6,6,6,0.73
dough,money,V1,"Verbally/institutionally defined entity/unit; depends on social agreement, law, symbols.",T6,6,6,0.73
fee,a payment for service,V1,Verbally/institutionally defined entity; depends on social agreement and convention for payment/services.,T6,6,6,0.73
gulf,a wide separation,V1,Abstract concept/state depending on language; not directly perceptible without verbal/symbolic understanding.,T6,6,6,0.73
mental,related to the mind,V1,"Abstract category depending on verbal/conceptual distinction of ""mind""; core test: requires language for recognition.",T6,6,6,0.73
scheme,a diagram or outline,V1,"Concept depends on language, convention, and symbolic systems; not directly perceptible without formal categories.",T6,6,6,0.73
sick,abnormal,V1,Abstract state that depends on language and conventional definition of 'normal'.,T6,2,6,0.73
stale,no longer interesting,V1,"Abstract evaluative state; core test: depends on language/subjective judgment, not direct perception.",T6,6,6,0.73
ingenious,skillfully made,V1,"Verbally defined abstract quality; depends on language and conceptual agreement on 'skillful', not direct perception.",T6,6,6,0.74
attitude,"a way of feeling, acting, or thinking",V1,Abstract state depending on language and conceptual categories; not directly perceptible.,T6,6,6,0.74
in-law,a relative by marriage,V1,"Role defined by social institution (marriage); requires social agreement and convention, per V1 core test.",T6,6,6,0.74
craft,a skilled art or trade,V1,Verbally/institutionally defined entity/role; depends on language and social convention.,T6,6,6,0.74
chamber,a government body,V1,"Verbally/institutionally defined entity (government body); depends on social agreement, law, institutions.",T6,8,6,0.74
league,a group of teams,V1,"Verbally/institutionally defined entity; requires social agreement, not direct perception.",T6,6,6,0.74
league,a unit of distance,V1,Unit requiring language/convention; V1 core test.,T6,8,6,0.74
cover,a charge for service,V1,"Verbally/institutionally defined entity (financial unit/charge), depends on social agreement and convention.",T6,10,6,0.74
experience,things that have happened to you,V1,Concept of personal past events depends on language for categorization; not directly perceptible.,T6,4,6,0.75
merchandise,goods for sale,V1,Concept depends on social/institutional agreement of commerce and sale; not purely perceptual.,T6,6,6,0.75
technique,method,V1,Abstract concept/state depending on language and convention; core V1 test.,T6,6,6,0.75
deliberate,done on purpose,V1,Abstract state of intentionality; depends on conceptual understanding beyond direct perception (V1 core test).,T6,6,6,0.75
deserve,to be worthy of,V1,"Abstract state of worthiness depends on language, social norms, and agreement; core V1 test: would not exist without symbolic systems.",T6,6,6,0.75
impostor,a deceiver,V1,"Verbally defined role; requires language and social agreement to recognize, not direct perception.",T6,6,6,0.75
minus,a negative quantity,V1,Verbally defined mathematical concept/unit; depends on symbolic numerical system (V1 core test).,T6,8,6,0.75
original,the first,V1,Verbally/institutionally defined concept; depends on language/convention for sequence and primacy (V1 core test).,T6,6,6,0.75
parallel,a comparison or similarity,V1,"Abstract concept depending on language; core test: requires verbal definition, not direct perception.",T6,10,6,0.75
psychiatry,the study of mental and emotional illness,V1,"Institutionally defined field of study; depends on language, conventions, and formal categories (V1 core test).",T6,6,6,0.75
vicious,evil; wicked,V1,"Abstract moral concept/state depending on language, convention; core V1 test: requires social agreement.",T6,6,6,0.75
native,a person born in a particular place,V1,"Verbally/institutionally defined entity/role; requires language and social agreement on birthplace, not direct perception.",T6,6,6,0.76
attorney,a lawyer,V1,Institutionally defined role; requires legal conventions and social agreement.,T6,6,6,0.76
voluntary,done by choice,V1,"Concept/state of ""choice"" depends on language/abstract categories of intention/agency; not directly perceptible.",T6,6,6,0.76
role,a part played,V1,Verbally/institutionally defined entity/role; depends on social agreement and convention.,T6,6,6,0.76
suicide,the intentional killing of oneself,V1,Concept depends on language for 'intentional' self-killing; not directly perceptible without symbolic understanding of intention/self.,T6,6,6,0.76
corporation,a business company,V1,Institutionally defined entity depending on law and social agreement (V1 core test).,T6,6,6,0.76
ace,a champion or expert at something,V1,Verbally-defined role depending on social agreement and language.,T6,6,6,0.76
coarse,crude or vulgar,V1,Abstract evaluative state depending on social/language conventions; core test: requires cultural agreement.,T6,8,6,0.76
debate,an argument,V1,Verbally-defined entity; requires language and social agreement (V1 core test).,T6,6,6,0.76
discount,a lower price,V1,Verbally/institutionally defined entity; depends on economic conventions and pricing systems (V1 core test).,T6,6,6,0.76
document,an important paper,V1,"Depends on language, convention, and institutional significance; not recognizable by direct perception alone.",T6,6,6,0.76
lip,back talk,V1,Verbally-defined concept/state depending on language and social agreement; core test: does not exist without symbols or convention.,T6,6,6,0.76
priest,a member of the clergy,V1,"Institutionally defined role; depends on social agreement, language, and religious institutions (V1 core test).",T6,6,6,0.76
project,a plan or proposal,V1,Abstract entity depending on language and social agreement; core V1 test.,T6,6,6,0.76
standard,any established measure used to compare,V1,"Verbally/institutionally defined entity; depends on social convention/agreement, not direct perception.",T6,10,6,0.76
thorough,complete,V1,Abstract state/concept depending on language and conceptual categories of totality; not directly perceptible without formal understanding.,T6,6,6,0.76
word,the command,V1,"Verbally-defined entity; depends on language and convention, not direct perception.",T6,6,6,0.76
courtesy,politeness,V1,Socially defined concept/state depending on convention and language; core test: does not exist without social agreement.,T6,6,6,0.77
pass,a free ticket,V1,Verbally/institutionally defined entity depending on social agreement and conventions (like a permit).,T6,6,6,0.77
debt,money owed,V1,"Abstract state depending on language, social agreement, and financial institutions.",T6,6,6,0.77
harmony,getting along together,V1,Abstract social state depending on language and social agreement; core V1 test: would not exist without social convention.,T6,6,6,0.77
paper,a document,V1,"Verbally/institutionally defined entity; requires language/symbols and social agreement, per V1 core test.",T6,6,6,0.77
standard,the usual,V1,Concept/state depending on social convention/language; core test: does not exist without social agreement.,T6,6,6,0.77
TB,an abbreviation for the disease tuberculosis,V1,Abbreviation depends on language and convention; not directly perceptible.,T6,6,6,0.77
wit,good sense,V1,Abstract concept/state depending on language and social agreement (V1 core test).,T6,6,6,0.77
wit,the ability to be clever and amusing,V1,Abstract concept depending on language and social convention for recognition.,T6,6,6,0.77
foe,an enemy,V1,"Verbally/institutionally defined entity/role; requires social agreement and relational opposition, not direct perception.",T6,6,6,0.78
patriot,a person who loves his or her country,V1,Verbally/institutionally defined role; depends on social agreement and concept of 'country'.,T6,6,6,0.78
economics,"science of dealing with goods, money, resources, services",V1,"Verbally/institutionally defined concept; depends on language, formal categories, and social agreement (V1 core test).",T6,6,6,0.78
firm,business company,V1,"Institutionally defined entity; depends on language, law, and social agreement.",T6,6,6,0.78
meter,about thirty-nine inches,V1,"Unit of measurement; depends on language, convention, and standards (V1 core test).",T6,6,6,0.78
power,the ability to act,V1,Abstract concept/state depending on language; core test: would not exist without verbal definition.,T6,6,6,0.78
testimony,a statement that gives evidence or proof,V1,"Verbally/institutionally defined entity; depends on language and convention for ""evidence or proof"".",T6,6,6,0.78
character,"an odd, eccentric, or amusing person",V1,"Concept of person type depends on language and social agreement for traits like ""eccentric""; not directly perceptible alone.",T6,6,6,0.79
mercy,special kindness,V1,Abstract concept/state depending on language and social agreement; not directly perceptible.,T6,6,6,0.79
candidate,a person who runs for office,V1,"Institutionally defined role; depends on language, law, and social agreement (V1 core test).",T6,6,6,0.79
blueprint,a building plan,V1,"Depends on language, symbols, and professional conventions; not recognizable without formal systems.",T6,6,6,0.79
federal,national government,V1,"Institutionally defined entity; depends on language, law, and social agreement (V1 core test).",T6,6,6,0.79
network,a system,V1,Abstract concept depending on language and conventional categorization; core test: would not exist without verbal definition.,T6,6,6,0.79
swindle,a dishonest scheme,V1,"Abstract concept depending on language, social conventions of honesty/deception; V1 core test.",T6,6,6,0.79
twist,an unexpected turn,V1,Concept depends on verbal/narrative convention; not directly perceptible without language.,T6,6,6,0.79
agent,a person who acts for another,V1,Social role depending on convention and agreement (V1 core test).,T6,6,6,0.8
stretch,a space of time,V1,Abstract time concept/state depending on language; not directly perceptible (V1 core test).,T6,6,6,0.8
theft,robbery,V1,"Institutionally defined concept depending on law, property rights, and social agreement.",T6,6,6,0.8
radiation,exposure to radioactivity,V1,Concept/state depends on scientific language/measurement; not directly perceptible without formal knowledge.,T6,6,6,0.81
application,a written request,V1,Verbally/institutionally defined entity; depends on language and social convention (Core test: requires symbols/language).,T6,6,6,0.81
session,a meeting period,V1,"Verbally/institutionally defined entity; depends on social convention and agreement, not direct perception.",T6,6,6,0.81
sign,proof,V1,Abstract concept/state depending on language and convention; core test: would not exist without symbolic systems.,T6,6,6,0.81
theme,the main subject or idea of something,V1,Abstract concept/state depending on language; core test: cannot be understood by direct perception alone.,T6,6,6,0.81
watt,a unit of mechanical or electric power,V1,"Verbally/institutionally defined unit; depends on language, symbols, and formal measurement conventions.",T6,6,6,0.81
structure,an arrangement of parts,V1,Abstract concept depending on language for relational understanding; core V1 test: not recognizable by direct perception alone.,T6,6,6,0.82
relay,a kind of race,V1,"Verbally/institutionally defined entity; depends on sports conventions and rules, not direct perception alone.",T6,6,6,0.82
SOS,a call for help,V1,Concept depends on language/symbolic convention; not directly perceptible without social agreement.,T6,6,6,0.82
Eurasia,Europe and Asia,V1,Verbally/institutionally defined entity; depends on language and conventional geographical categories.,T6,6,6,0.82
formula,a recipe for chemicals,V1,"Verbally defined entity; depends on symbolic notation and convention, not direct perception.",T6,6,6,0.82
relapse,to fall back to a previous situation or condition,V1,Concept of state transition depends on verbal definition of prior condition and recognition; core test: would not exist in same way without language/symbolic systems.,T6,6,6,0.82
rabbi,a teacher in the Jewish religion,V1,Institutional/religious role requiring social agreement and convention.,T6,6,6,0.82
scandal,harmful gossip that may or may not be true,V1,Concept depends on language and social agreement; would not exist without symbolic systems.,T6,6,6,0.82
term,a word or expression,V1,Verbally-defined linguistic entity; depends on language/symbols (V1 core test).,T6,6,6,0.82
transcript,a written record,V1,Verbally/institutionally defined entity; depends on language/symbols for recognition (V1 core test).,T6,6,6,0.82
wealth,much money,V1,Verbally/institutionally defined entity (money as social/economic unit requiring convention).,T6,6,6,0.82
idol,a worshipped object,V1,"Entity defined by social/religious convention; requires worship institution, not direct perception alone.",T6,6,6,0.83
majesty,royal manner,V1,Verbally/institutionally defined abstract state; depends on social convention and royal institutions.,T6,6,6,0.83
honor,deserved fame,V1,Abstract concept/state depending on social agreement/language; core V1 test: would not exist without symbols/convention.,T6,6,6,0.83
progress,an improvement,V1,Abstract concept depending on language and evaluative comparison; core test: would not exist without verbal/social agreement.,T6,6,6,0.83
interview,a kind of conference for a specific purpose,V1,"Verbally/institutionally defined entity; depends on social convention and specific purpose, not direct perception alone.",T6,6,6,0.83
sake,for the purpose of,V1,Abstract relational concept (purpose) depending on language; core V1 test.,T6,6,6,0.84
degree,a certificate or completion,V1,"Institutionally defined entity (academic certificate) dependent on social agreement, education systems, and formal conventions.",T6,6,6,0.84
degree,a unit for measurement of angles or art,V1,"Unit of measurement; requires language, convention, and formal systems (V1 core test).",T6,6,6,0.84
degree,a unit of measurement for heat,V1,"Unit of measurement; depends on language, symbols, and social agreement (V1 core test).",T6,6,6,0.84
theme,a short essay,V1,Verbally/institutionally defined entity; depends on language and writing conventions (V1 core test).,T6,6,6,0.84
gossip,a person who spreads rumors and unfriendly talk,V1,Social role defined by language-dependent behavior (spreading rumors); depends on social agreement and symbols.,T6,6,6,0.85
superintendent,manager,V1,Institutionally defined role; depends on social agreement (V1 core test).,T6,6,6,0.85
method,a plan for doing something,V1,Abstract concept/state depending on language; core test: cannot be understood by direct perception alone.,T6,6,6,0.85
alto,the lowest female singing voice,V1,"Verbally/institutionally defined entity; depends on musical conventions, symbols, and formal pitch range categories.",T6,6,6,0.86
helium,"a colorless, odorless gaseous element",V1,Verbally-defined entity; chemical element requires scientific classification and cannot be recognized by direct perception alone.,T6,6,6,0.86
product,the result of the multiplicand times the multiplier,V1,Verbally/institutionally defined entity in math; depends on symbolic rules/numbers (V1 core test).,T6,8,6,0.86
sponsor,a backer,V1,Role defined by social agreement (V1 core test).,T6,6,6,0.86
tip,special advice,V1,Abstract concept/state depending on language; core test: would not exist without verbal/symbolic systems.,T6,6,6,0.86
profit,to benefit from,V1,"Abstract concept/state; core test: depends on verbal categories of gain/advantage, not direct perception alone.",T6,6,6,0.87
council,a lawmaking group,V1,Institutionally defined entity/role depending on law and social agreement (V1 core test).,T6,6,6,0.87
committee,a group called together to perform certain duties,V1,Institutionally defined group/role; depends on social agreement and convention (V1 core test).,T6,6,6,0.87
custom,the usual way of doing something; habit,V1,Concept/state depending on social agreement and language; would not exist without convention.,T6,6,6,0.87
semester,half of the school year,V1,"Institutionally defined time unit; depends on school conventions, not direct perception.",T6,6,6,0.87
spirit,a godlike being,V1,"Verbally/institutionally defined entity; depends on language, symbols, and cultural/religious agreement (V1 core test).",T6,6,6,0.87
penitentiary,prison,V1,"Institutionally defined entity; depends on law, social agreement, and formal categories (not directly perceptible without conventions).",T6,6,6,0.88
volume,one of a set of books,V1,Depends on publishing conventions and social agreement; not recognizable without symbolic systems.,T6,6,6,0.88
due,payable,V1,"Abstract state depending on language, financial institutions, and social agreement (V1 core test).",T6,6,6,0.88
due,whatever is owed by right,V1,"Entity existing mainly because of language, social agreement, law, or formal categories.",T6,6,6,0.88
opinion,what one thinks,V1,Abstract concept/state depending on language; would not exist without symbolic systems.,T6,6,6,0.88
treaty,agreement between nations,V1,"Verbally/institutionally defined entity; depends on language, social agreement, and conventions between nations.",T6,6,6,0.88
vaccine,a substance that protects from a disease,V1,"Verbally/institutionally defined entity; requires scientific/medical knowledge and convention, not direct perception alone.",T6,6,6,0.89
engaged,having agreed to marry,V1,"Verbally/institutionally defined state; depends on social agreement, language, and marriage institution (V1 core test).",T6,6,6,0.89
motto,a saying that expresses an idea or principle,V1,Verbally defined entity; depends on language/symbols for expression of ideas/principles (V1 core test).,T6,6,6,0.89
oddball,a person who is unusual or eccentric,V1,"Concept depends on social agreement and language to define ""unusual/eccentric""; not directly perceptible.",T6,6,6,0.89
paradise,a place of great peace and beauty; heaven,V1,"Concept depends on language, cultural/religious convention; not directly perceptible physical place.",T6,6,6,0.89
power,control or authority,V1,"Verbally/institutionally defined concept/state; depends on social agreement, not direct perception.",T6,6,6,0.89
glossary,a list of defined words,V1,Verbally-defined entity; depends on language and symbolic conventions (list of words with definitions).,T6,6,6,0.91
script,the printed text of an actor’s lines,V1,"Verbally/institutionally defined entity; requires language, symbols, and cultural convention (theater/acting).",T6,6,6,0.92
case,a lawsuit,V1,Institutionally defined legal entity; requires law and social agreement (V1 core test).,T6,6,6,0.95
item,a piece of news,V1,"Verbally/institutionally defined entity; depends on language and social convention, not direct perception.",T6,6,6,0.95
crusade,support of a cause against something seen as wrong,V1,"Abstract concept of support for a cause; depends on language, social agreement, and moral categories (V1 core test).",T6,6,6,0.98
chuck,a cut of beef,V1,"Verbally/institutionally defined entity; specific butchery category requiring conventional knowledge, not direct perception alone.",D,8,8,0.67
monogram,initials in a design sewn or stamped on an item,V1,"Verbally-defined entity depending on language/symbols (initials); core test: requires symbolic systems, not direct perception alone.",D,8,8,0.67
nought,nothing,V1,"Abstract concept/state depending on language, not direct perception; V1 core test.",D,8,8,0.67
pshaw,"an interjection expressing impatience, scorn, or disapproval",V1,Verbally/institutionally defined entity; specific interjection depends on linguistic convention and would not exist without language/symbolic systems.,D,8,8,0.67
coy,pretending shyness,V1,Verbally-defined abstract state; requires language to define pretense and shyness.,D,8,8,0.67
friar,a member of a religious order,V1,Institutionally defined role; requires religious conventions and social agreement (V1 core test).,D,8,8,0.67
bigamy,the crime of marrying a person while already married,V1,Verbally/institutionally defined entity (crime via law/institutions); core test: depends on social agreement/law.,D,8,8,0.67
means,a way of doing,V1,Abstract concept/state depending on language; core test: would not exist without verbal/conceptual agreement.,D,8,8,0.67
merit,to deserve,V1,Concept/state dependent on social agreement/language; would not exist without symbolic systems.,D,8,8,0.67
oceanography,ocean science,V1,Verbally/institutionally defined academic field; depends on language and conventions (V1 core test).,D,8,8,0.67
cub,an inexperienced reporter,V1,Role defined by social/institutional convention and language.,D,8,8,0.67
immune,not affected by,V1,"Verbally-defined state; cannot be recognized by direct perception alone, depends on abstract concept of resistance/effect.",D,8,8,0.67
omission,something left out,V1,Concept dependent on language/convention to define absence or expectation (V1 core test).,D,8,8,0.67
preliminary,coming before,V1,"Verbally defined relational concept; depends on language/abstract categories, not direct perception.",D,8,8,0.67
residential,related or used for homes,V1,Abstract state/category depending on social convention and language for defining use/purpose related to homes.,D,8,8,0.67
returns,election results,V1,"Institutionally defined entity depending on language, elections, and social conventions.",D,8,8,0.67
sufficient,enough,V1,"Abstract state; depends on language/conceptual judgment of adequacy, not direct perception.",D,8,8,0.67
ties,connections,V1,Abstract relational concept depending on language and conceptual categories; not directly perceptible without symbolic systems.,D,8,8,0.67
typical,representative,V1,Abstract concept/state depending on language and social/conceptual agreement; core test: would not exist without verbal categories.,D,8,8,0.67
umpteen,a great number,V1,"Abstract quantity concept depending on language/symbols, not direct perception.",D,8,8,0.67
urban,related to a city or city life,V1,Verbally/institutionally defined concept; depends on social agreement and language for categorization of city-related environments/life.,D,8,8,0.67
vulture,a grasping person,V1,Abstract role/state depending on language and social/cultural agreement; not directly perceptible.,D,8,8,0.67
chance,a raffle ticket,V1,Depends on institutional convention (raffle); not recognizable without social rules/agreement.,D,8,8,0.68
overdrive,a fourth forward speed,V1,"Verbally/institutionally defined entity; requires knowledge of gear numbering system and conventions, not direct perception.",D,8,8,0.68
wings,parts of the stage of a theater,V1,"Verbally/institutionally defined entity; depends on theater conventions, not direct perception.",D,8,8,0.68
world,things forming a large whole,V1,Abstract concept of totality depending on language; not directly perceptible as a unified whole (V1 core test).,D,8,8,0.68
planetarium,a place for learning about planets and stars,V1,"Concept depends on language, convention, and institutions (educational place); not recognizable by direct perception alone.",D,8,8,0.68
photogenic,looking good in photographs,V1,Concept depends on technological convention (photography); would not exist without symbols/technology.,D,8,8,0.68
quaint,pleasingly odd or unusual,V1,Adjective for abstract quality depending on language/cultural norms; not directly perceptible.,D,8,8,0.68
rash,hasty; reckless,V1,Abstract state/quality depending on language for definition; not directly perceptible without conceptual understanding.,D,6,8,0.68
adolescent,a teenager,V1,Verbally-defined entity/role depending on age units and social conventions; not directly perceptible without symbolic systems.,D,8,8,0.68
orator,a skilled public speaker,V1,Role depending on language/symbolic conventions; not directly perceptible.,D,8,8,0.68
censor,one who checks for unsuitable material in books or movies,V1,"Institutionally defined role requiring social agreement and rules on ""unsuitable"" content.",D,8,8,0.68
critic,a judge of works of art,V1,Verbally/institutionally defined role (judge); depends on social agreement and conventions.,D,8,8,0.68
marker,scorekeeper,V1,Institutionally defined role; depends on game rules and social agreement (V1 core test).,D,8,8,0.68
millimeter,one one-thousandth of a meter,V1,"Unit of measurement; requires formal standards and language, per V1 core test.",D,8,8,0.68
underground,a secret resistance group,V1,"Verbally/institutionally defined entity/role; depends on social agreement, convention, and political context (V1 core test).",D,8,8,0.68
frequency,the numbers of sound waves passing a fixed point in a second,V1,"Defined by numerical measurement, units (second), and abstract categories (sound waves); requires formal scientific concepts, V1 core test.",D,8,8,0.68
import,importance,V1,Abstract concept/state depending on language and social agreement (V1 core test).,D,8,8,0.68
liable,legally responsible,V1,Abstract state depending on legal institutions and social agreement.,D,8,8,0.68
lingo,a special vocabulary,V1,Verbally-defined entity; depends on language and social agreement (V1 core test).,D,8,8,0.68
obituary,a death notice,V1,"Verbally/institutionally defined entity; depends on language, symbols, and social convention (V1 core test).",D,8,8,0.68
oceanographer,a scientist who studies the structure and life of the ocean,V1,"Verbally/institutionally defined role; depends on language, education, and scientific conventions.",D,8,8,0.68
practical,useful,V1,"Abstract evaluative state depending on language and conceptual agreement, not direct perception.",D,8,8,0.68
proposition,a plan or undertaking,V1,Abstract concept/state depending on language and social agreement (V1 core test).,D,8,8,0.68
regrets,a polite refusal or apology,V1,"Verbally/institutionally defined concept; requires social agreement and language, core V1 test.",D,8,8,0.68
sacred,worthy of great respect,V1,Abstract state depending on social agreement and convention; V1 core test.,D,8,8,0.68
shrine,a sacred or deeply respected place,V1,Defined by sacred/respected status requiring cultural/religious convention and social agreement (V1 core test).,D,8,8,0.68
significant,having special meaning,V1,"Abstract state depending on language/symbolic concepts of ""meaning""; fails P core tests.",D,8,8,0.68
status,a condition,V1,Abstract state/concept depending on verbal definition; core test: requires language for specific referent.,D,8,8,0.68
status,a position,V1,"Verbally/institutionally defined entity/role; depends on social agreement, not direct perception.",D,10,8,0.68
supplement,something added to complete,V1,"Concept defined relationally (""added to complete""); depends on language/abstract categories, not direct perception.",D,8,8,0.68
trait,a part of one’s character,V1,Abstract concept/state depending on language and social agreement; not directly perceptible.,D,8,8,0.68
unanimous,in complete agreement,V1,State of agreement depends on language and social convention; core test: requires symbolic/social agreement.,D,8,8,0.68
vocation,one’s job,V1,"Institutionally defined role; depends on social agreement, not direct perception.",D,8,8,0.68
petty,of small importance,V1,Abstract evaluative state depending on language and social agreement; not directly perceptible.,D,8,8,0.68
capacity,a position served in,V1,Entity as a role/position requiring social/institutional agreement (V1 core test).,D,10,8,0.69
modernist,one who follows current styles,V1,Verbally/institutionally defined role; depends on cultural conventions and social agreement.,D,8,8,0.69
materialize,to become real,V1,"Concept of ""become real"" depends on language/abstract categories of reality; core test: would not exist without symbolic systems.",D,8,8,0.69
contemporary,a person living at the same time as another,V1,Concept depends on symbolic time systems and social agreement; not directly perceptible.,D,10,8,0.69
import,meaning,V1,Abstract concept/state depending on language/symbols; V1 core test.,D,8,8,0.69
operable,can be used,V1,"Verbally/institutionally defined state; depends on convention of ""use"" and purpose, not direct perception alone.",D,8,8,0.69
poetic,expressing beauty,V1,"Concept of ""expressing beauty"" in stylistic sense depends on language/cultural conventions; not directly perceptible without symbolic systems.",D,8,8,0.69
proportion,a specific relation of parts to each other,V1,Abstract concept of relation depending on language and symbolic systems; core V1 test.,D,8,8,0.69
rebuttal,the argument against,V1,Abstract concept/state defined by language and social convention; core test: depends on verbal/symbolic systems.,D,8,8,0.69
revenue,income,V1,"Abstract financial concept depending on language, institutions, and social agreement (V1 core test).",D,8,8,0.69
righteous,coming from a sense of what is right,V1,"Abstract state depending on social/moral agreement and language-defined concepts of ""right"".",D,8,8,0.69
saturation,the maximum concentration of a solution,V1,Abstract scientific state defined by measurement units and chemical conventions; requires language/formal categories (V1 core test).,D,8,8,0.69
slander,a lie that hurts reputations,V1,"Entities existing mainly because of language, social agreement, or formal categories (reputation harm via lies).",D,8,8,0.69
treachery,a violation of allegiance or trust,V1,"Concept/state depends on language, social agreement, and conventions (allegiance/trust); not directly perceptible.",D,8,8,0.69
two-faced,deceiving,V1,Verbally-defined abstract state; depends on language and social conventions for recognition.,D,8,8,0.69
wager,a bet,V1,"Entities existing mainly because of language, social agreement, or convention; not directly perceptible.",D,8,8,0.69
contemporary,of the present time; current,V1,Abstract temporal state depends on language and conventional time concepts (V1 core test).,D,8,8,0.69
contrast,a marked difference,V1,"Abstract concept/state depending on language and comparison, not direct perception.",D,8,8,0.69
tuxedo,a man’s suit worn for a formal occasion,V1,Defined by social convention and formal occasions; depends on cultural/institutional agreement.,D,8,8,0.7
native,inborn,V1,Concept/state depends on language and abstract categories of development; not directly perceptible or available without symbolic distinction from acquired traits.,D,8,8,0.7
blunt,plain-spoken,V1,Concept/state depends on language and social conventions; not directly perceptible without verbal rules.,D,8,8,0.7
jive,special terms or way of speaking used by musicians,V1,"Verbally/institutionally defined concept; depends on language, convention, and social agreement (Core test: would not exist without symbols/language).",D,6,8,0.7
touchback,a football team gets possession of the ball in its own end zone,V1,"Institutionally defined event/state in football rules; requires knowledge of game conventions, not direct perception alone.",D,8,8,0.7
calamity,a great misfortune,V1,Abstract state/concept depending on language and social agreement; not directly perceptible.,D,8,8,0.7
colon,a punctuation mark,V1,Verbally/institutionally defined entity; requires language conventions/symbolic system (V1 core test).,D,8,8,0.7
nominee,a person named as a candidate for office or an award,V1,"Institutionally defined role; depends on social agreement, naming conventions, and formal processes (V1 core test).",D,8,8,0.7
notable,a person worthy of notice,V1,"Person defined by social judgment (""worthy of notice"") requiring convention/language, not direct perception. V1 core test.",D,8,8,0.7
one-time,in the past; former,V1,Verbally-defined state/role modifier; depends on language and convention for past status (V1 core test).,D,8,8,0.7
output,the amount produced,V1,"Depends on language, measurement, and abstract quantification; core test: would not exist without symbolic systems.",D,8,8,0.7
ratio,the relationship between two numbers,V1,Abstract mathematical concept depending on symbolic numbers and formal definition; would not exist without language/symbols.,D,8,8,0.7
universal,existing everywhere or affecting everything,V1,"Abstract concept/state depending on language; fails P core tests, meets V1: would not exist without verbal categories.",D,8,8,0.7
vice,a harmful habit,V1,"Abstract concept/state depending on language, moral judgment, and social agreement; core V1 test.",D,10,8,0.7
interval,time between,V1,Verbally defined time concept/unit; depends on language and symbolic systems for definition.,D,8,8,0.7
magnesium,a light metallic element,V1,"Verbally/institutionally defined entity; ""element"" requires scientific symbols, periodic table, and formal chemistry knowledge.",D,8,8,0.71
vitality,the power to live,V1,"Abstract state/concept depending on verbal definition; would not exist without language (""power to live"").",D,8,8,0.71
patron,a regular customer,V1,Verbally/institutionally defined role; depends on social agreement and convention of commerce.,D,8,8,0.71
saboteur,one who intentionally damages or destroys to hinder an activity,V1,Verbally/institutionally defined role; requires language to understand intention and purpose.,D,8,8,0.71
octave,a group of eight,V1,Verbally defined numerical grouping; depends on symbolic number system and language.,D,8,8,0.71
roulette,a gambling game,V1,"Verbally/institutionally defined entity; requires social agreement, rules, and conventions (Core test: depends on institutions/symbolic systems).",D,8,8,0.71
syllabic,related to or consisting of syllables,V1,Linguistic unit/concept depending on language and verbal conventions; core V1 test.,D,8,8,0.71
systematic,according to plan,V1,"Abstract state/concept depending on language-defined ""plan""; fails P4 core test (not directly perceptible physical property).",D,8,8,0.71
maternal,on the mother’s side,V1,Verbally/institutionally defined relational concept; depends on language and social kinship conventions.,D,8,8,0.71
negative,less than zero,V1,Verbally-defined abstract numerical concept; requires symbolic number system and language.,D,8,8,0.71
preparatory,serving to prepare or make ready,V1,Abstract relational state depending on language to define purpose; not directly perceptible.,D,8,8,0.71
refresher,a brush-up course,V1,Verbally/institutionally defined entity; depends on language and educational conventions.,D,8,8,0.71
revolt,a revolution,V1,"Verbally/institutionally defined event; depends on social agreement, law, and symbolic systems (V1 core test).",D,8,8,0.71
sarcasm,a cutting remark,V1,Verbally-defined concept requiring language and social convention to recognize; core V1 test: does not exist without symbolic systems.,D,8,8,0.71
unison,agreement,V1,Abstract state/concept depending on language and social convention (V1 core test).,D,8,8,0.71
choice,of high quality,V1,"Abstract evaluative quality depending on language/convention; core V1 test: requires social agreement, not direct perception.",D,8,8,0.71
hydrogen,a component of water,V1,Concept requires scientific/verbal definition (chemical element); not directly recognizable through perception alone.,D,8,8,0.72
world,the universe,V1,"Verbally/institutionally defined entity; concept of totality depends on language, not direct perception alone.",D,8,8,0.72
ballad,a story poem that is sung,V1,Verbally-defined entity (literary genre) depending on language and cultural convention; core test: requires symbolic categories.,D,8,8,0.72
photosynthesis,a chemical reaction in the presence of light,V1,Concept depends on scientific language/categories; not directly perceptible without formal knowledge (V1 core test).,D,8,8,0.72
reverent,feeling or showing deepest respect; veneration,V1,"Verbally/institutionally defined state; depends on social conventions and concepts like sacredness, not basic biological affect.",D,8,8,0.72
veteran,a person who has been in the armed forces,V1,"Verbally/institutionally defined role; depends on social agreement, law, and military institutions (V1 core test).",D,6,8,0.72
summons,a document that is an order to appear in court,V1,Institutionally defined entity depending on legal convention and court system.,D,8,8,0.72
geology,science of Earth’s composition and history,V1,Verbally/institutionally defined entity; science as formal category requiring language and convention.,D,6,8,0.72
cad,a man who is not a gentleman,V1,Entity defined by social convention and behavioral norms; requires language and cultural agreement (V1 core test).,D,8,8,0.72
case,example,V1,"Concept depending on language/categories; core V1 test: requires symbolic agreement, not direct perception.",D,8,8,0.72
hydrogen,an element,V1,"Verbally/institutionally defined entity; requires scientific knowledge and formal categories, not direct perception.",D,8,8,0.72
medicinal,valuable for health,V1,"Verbally/institutionally defined state; depends on medical convention, not direct perception.",D,8,8,0.72
minority,a smaller part of a group,V1,Verbally/institutionally defined entity/concept; depends on language for relational category of group parts (V1 core test).,D,8,8,0.72
nonprofit,not operated for profit,V1,Abstract state defined by institutional/legal conventions and social agreement; core V1 test.,D,8,8,0.72
notorious,well-known for something bad,V1,Abstract state depending on language and social agreement (V1 core test).,D,8,8,0.72
scalawag,a scamp; a rascal,V1,Verbally-defined role/type of person; depends on language and social agreement (V1 core test).,D,8,8,0.72
studious,given to diligent study,V1,"Abstract state depending on language and cultural concepts of ""study""; core V1 test: requires social agreement and symbolic systems.",D,8,8,0.72
technical,greatly specialized; detailed,V1,"Abstract quality depending on language, convention, and specialized knowledge; not directly perceptible.",D,8,8,0.72
tendency,a leaning or inclination toward,V1,Abstract concept/state depending on language; core test: would not exist without verbal categories.,D,8,8,0.72
ultraviolet,wave lengths of invisible light,V1,Verbally-defined entity requiring scientific knowledge of wavelengths and spectrum; not directly perceptible (invisible).,D,8,8,0.72
veteran,having long experience,V1,"Verbally-defined state; depends on language for concepts of ""experience"" and duration, not direct perception.",D,8,8,0.72
workmanship,quality of work,V1,"Abstract state/concept depending on language, convention, and social agreement (V1 core test).",D,8,8,0.72
bankrupt,without necessary funds to pay one’s bills,V1,"Abstract state depending on language, financial institutions, laws, and social agreement (V1 core test).",D,6,8,0.72
motherland,your native country,V1,"Verbally/institutionally defined entity; requires social agreement, laws, and symbols for 'country' and 'native' concepts.",D,8,8,0.73
pastime,an enjoyable thing to do,V1,"Abstract concept defined verbally; requires language for categorization, not directly perceptible without social agreement.",D,8,8,0.73
morale,the spirit of a person or group,V1,Abstract state depending on language and social agreement; not directly perceptible without verbal concepts.,D,8,8,0.73
sequence,one thing after another,V1,"Verbally defined abstract concept; cannot be fully understood by direct perception alone, depends on language for relational order.",D,8,8,0.73
photoplay,a screenplay,V1,"Verbally/institutionally defined entity; requires language, symbols, and cultural conventions (film production).",D,8,8,0.73
capital,money to invest,V1,Verbally/institutionally defined entity depending on economic conventions and social agreement.,D,8,8,0.73
Gospels,the first four books of the Bible’s New Testament,V1,Verbally/institutionally defined entity; requires knowledge of religious textual structure and convention.,D,8,8,0.73
nobility,"a person or class of people of high birth, rank, or title",V1,"Verbally/institutionally defined social class/role; depends on social agreement, titles, and conventions (V1 core test).",D,6,8,0.73
oversight,a failure to notice or tend to something,V1,Abstract state depending on social expectation/language; core test: would not exist without verbal concepts of duty/attention.,D,8,8,0.73
precision,accuracy,V1,"Abstract concept/state depending on language, convention, and measurement standards (V1 core test).",D,8,8,0.73
return,profit,V1,"Abstract financial state depending on language, conventions, and institutions (V1 core test).",D,8,8,0.73
so-called,"called thus, especially wrongly",V1,"Verbally/institutionally defined adjective; depends on language and convention to understand ""called thus.""",D,8,8,0.73
squatter,a person who settles on land without the legal right to do so,V1,Entity/role defined by law and institutional concepts; requires social/legal agreement.,D,8,8,0.73
ticklish,"delicate (tricky, difficult)",V1,"Abstract state (tricky, difficult) depending on language/conceptual categories; core V1 test: requires verbal understanding, not direct perception.",D,4,8,0.73
tidings,news,V1,Concept dependent on language and social agreement; core test: would not exist without symbols/language.,D,8,8,0.73
tuition,an amount of money for instruction at college,V1,Institutionally defined entity (educational fee/unit) requiring social agreement and formal systems.,D,8,8,0.73
roundhouse,a place for turning and repairing train engines,V1,"Verbally/institutionally defined entity; requires knowledge of railway systems, technology, and conventions (V1 core test).",D,8,8,0.74
selfless,not thinking of self,V1,"Abstract state depending on language and conceptual understanding of ""self""; not directly perceptible.",D,8,8,0.74
chancellor,the prime minister in certain European countries,V1,"Institutionally defined role; requires social agreement, law (V1 core test).",D,8,8,0.74
inferior,a person lower in rank than another person,V1,Role defined by institutional/social rank; requires convention and agreement (V1 core test).,D,8,8,0.74
mortician,an undertaker,V1,"Verbally/institutionally defined role (e.g., like doctor, judge).",D,8,8,0.74
physicist,a specialist in the science of physics,V1,Role/specialist defined by institution/science; requires language/convention (V1 core test).,D,8,8,0.74
one-ninetieth,a fraction expressed as 1/90,V1,"Verbally/institutionally defined unit; requires language, symbols, and mathematical conventions (V1 core test).",D,8,8,0.74
procedure,a specific way of doing something,V1,Abstract concept depending on language/convention to define; core test: would not exist without symbolic systems.,D,8,8,0.74
realm,a kingdom,V1,Verbally/institutionally defined entity; depends on social agreement/institutions (V1 core test).,D,8,8,0.74
windage,the distance something is blown off target,V1,Verbally-defined concept relying on conventions of targeting/shooting and symbolic systems (target); not directly perceptible without rules.,D,8,8,0.74
diplomat,one who conducts official business between nations,V1,"Institutionally defined role; depends on language, conventions, and social agreement (V1 core test).",D,8,8,0.74
era,a period of history,V1,"Verbally/institutionally defined entity; depends on language, historical convention; core test: would not exist without social agreement.",D,8,8,0.74
humane,kind,V1,"Abstract state/concept depending on language and social agreement, not direct perception.",D,8,8,0.74
hurdle,"a difficulty, obstacle, or problem",V1,Abstract concept depending on language and conceptual categories; not directly perceptible without verbal understanding.,D,8,8,0.74
inferior,of poor quality,V1,Abstract evaluative state depending on language and social agreement (V1 core test).,D,8,8,0.74
markup,an increase in price,V1,Verbally/institutionally defined economic state/unit depending on social agreement and conventions.,D,8,8,0.74
mecca,a place visited by many for a specific reason,V1,Concept depends on social agreement/institutions; not recognizable by perception alone (V1 core test).,D,8,8,0.74
monarchy,a nation ruled by a king or queen,V1,"Institutionally defined entity requiring social agreement, laws, and roles (king/queen).",D,8,8,0.74
portrayal,a description,V1,"Verbally/institutionally defined entity; depends on language, not direct perception.",D,8,8,0.74
spendthrift,a person who wastes money,V1,Role defined by institutional concept (money); requires social agreement and economic categories.,D,8,8,0.74
tragedy,a drama ending unhappily,V1,Verbally/institutionally defined literary genre; depends on language and cultural convention.,D,8,8,0.74
hydraulic,operated by water or other fluid,V1,Concept requires technical/scientific understanding of fluid pressure; not directly perceptible without formal categories.,D,8,8,0.75
imp,an imaginary mischievous spirit,V1,Imaginary entity depending on language and cultural convention; not directly perceptible (V1 core test).,D,8,8,0.75
ringer,a goal in horseshoes,V1,"Verbally/institutionally defined entity in game; requires rules/conventions of horseshoes, per V1 core test.",D,8,8,0.75
fore,a warning cry in golf to alert others to the ball’s path,V1,Institutionally defined entity specific to golf rules and conventions.,D,8,8,0.75
meek,humble; gentle,V1,Abstract state/role depending on language and social agreement; not directly perceptible.,D,8,8,0.75
greenhorn,a newcomer,V1,Social role defined by convention and social agreement; not directly perceptible without language/context.,D,8,8,0.75
salutation,a greeting,V1,Verbally/institutionally defined entity depending on language and social convention (V1 core test).,D,8,8,0.75
salutation,opening words of a letter,V1,"Concept depends on language, conventions, and formal structure of written letters (V1 core test).",D,10,8,0.75
uprising,a rebellion,V1,"Verbally/institutionally defined entity; depends on social agreement, law, and authority structures (V1 core test).",D,8,8,0.75
astrology,study of the supposed influence of stars and planets on people,V1,"Concept depends on language, symbols, and social/cultural agreement; would not exist without them.",D,8,8,0.75
readjustment,a rearrangement of the financial structure of a corporation,V1,"Verbally/institutionally defined entity relying on financial laws, conventions, and corporate structures.",D,8,8,0.75
horoscope,a prediction about one’s fortune,V1,"Concept depends on language, symbols, and cultural conventions; would not exist without social agreement (V1 core test).",D,8,8,0.75
preface,the introduction to a book,V1,Verbally/institutionally defined entity; depends on language and publishing conventions (V1 core test).,D,8,8,0.75
psalmist,a writer or composer of sacred poems and songs,V1,"Verbally/institutionally defined role; depends on language, symbols, and religious convention (sacred poems/songs).",D,8,8,0.75
rap,the blame,V1,Abstract state/concept depending on language and social agreement (V1 core test).,D,8,8,0.75
ribbon,a war decoration,V1,"Institutionally defined entity/role; requires social agreement, conventions, and language to recognize as war decoration.",D,8,8,0.75
specification,a detailed plan,V1,"Verbally-defined entity; depends on language and convention, not direct perception.",D,8,8,0.75
utility,a convenience,V1,Abstract concept/state depending on language and social agreement; not directly perceptible.,D,8,8,0.75
vacuum,a negative pressure,V1,Concept depends on scientific measurement and language; not directly perceptible without formal physics knowledge.,D,8,8,0.75
vacuum,a space from which almost all matter is removed,V1,"Concept depends on abstract scientific category of ""matter"" and cannot be recognized by direct perception alone.",D,2,8,0.75
course,a series,V1,Abstract concept/state depending on language and convention; core V1 test: requires verbal categories.,D,8,8,0.75
silicon,a nonmetallic element,V1,Verbally/institutionally defined entity; chemical elements require scientific classification and symbolic systems (periodic table).,D,8,8,0.76
nitrate,a component of fertilizer,V1,"Verbally-defined chemical entity; requires scientific categories/language, not directly perceptible (V1 core test).",D,8,8,0.76
yea,a word used in cheers,V1,"Verbally/institutionally defined entity; depends on language and social convention for recognition as ""a word used in cheers"".",D,6,8,0.76
primary,first,V1,Verbally/institutionally defined ordinal concept requiring sequence/order rules.,D,2,8,0.76
lead,a clue,V1,Concept/state depending on language and abstract categories; not directly perceptible without symbolic understanding.,D,8,8,0.76
legislator,a lawmaker,V1,Institutional role (lawmaker) requiring social agreement and laws; V1 core test.,D,8,8,0.76
matrimony,married life,V1,Verbally/institutionally defined state; relies on social agreement and marriage institution (V1 core test).,D,8,8,0.76
primitive,of early times,V1,Abstract temporal/historical category depending on language and cultural concepts of time progression.,D,8,8,0.76
producer,"one who is in charge of making plays, movies, etc.",V1,Verbally/institutionally defined role; depends on social agreement and cultural institutions.,D,8,8,0.76
psychology,"the study of the mind, emotions, and behavior",V1,Verbally/institutionally defined entity (academic discipline); depends on language and social conventions.,D,8,8,0.76
pun,a joke that is a play on words,V1,Verbally-defined concept depending on language and wordplay; V1 core test.,D,8,8,0.76
securities,stocks and bonds,V1,"Institutionally defined financial units; requires social agreement, law, and symbolic systems (V1 core test).",D,8,8,0.76
stuffy,dull or boring,V1,Abstract quality/state depending on language and conceptual evaluation; not directly perceptible (V1 core test).,D,8,8,0.76
mortuary,an undertaker’s place of business,V1,Institutionally defined place depending on social role (undertaker) and conventions.,D,8,8,0.77
pyorrhea,a disease of the gums,V1,Verbally/institutionally defined entity (medical disease concept depending on language and classification).,D,8,8,0.77
queen,a chess piece,V1,"Verbally/institutionally defined entity/role in chess; requires game rules/symbolic system, not direct perception alone.",D,8,8,0.77
ranchero,a rancher,V1,Verbally/institutionally defined role (like doctor).,D,8,8,0.77
conceit,a very high opinion of oneself,V1,"Abstract state/concept depending on language and social self-evaluation; core V1 test: requires symbolic categories, not direct perception or basic biology.",D,8,8,0.77
census,an official count of people living in a country,V1,"Institutionally defined entity depending on law, convention, and social agreement.",D,8,8,0.77
periodicity,the tendency to recur at regular intervals,V1,"Abstract concept/state defined verbally; depends on language for ""regular intervals"" and categorization, not direct perception.",D,8,8,0.77
rebellion,an armed uprising against a legal government,V1,"Verbally/institutionally defined entity; requires concepts of ""legal government"" and social agreement (V1 core test).",D,8,8,0.77
plot,the plan of a story,V1,Abstract concept/state depending on language and narrative convention (V1 core test).,D,8,8,0.77
anemic,having a low red blood cell count,V1,"State defined by medical measurement and scientific units, not directly perceptible.",D,8,8,0.77
setback,a reversal of progress,V1,Abstract concept/state depending on language and social agreement on 'progress'; core V1 test.,D,8,8,0.77
sophisticated,having worldly knowledge and experience,V1,"Abstract state depending on language, social agreement, and conceptual knowledge; fails P core tests.",D,8,8,0.77
splendor,magnificence,V1,Abstract quality/concept requiring language and cultural agreement; not directly perceptible.,D,8,8,0.77
stable,likely to last,V1,Abstract state depending on language for concepts of likelihood and duration; fails P4 core test as not directly perceptible physical property.,D,8,8,0.77
tonnage,the weight in tons of cargo a ship can hold,V1,Verbally/institutionally defined unit depending on measurement conventions (tons).,D,8,8,0.77
intrigue,a secret scheme or plot,V1,Abstract concept/state depending on language and social agreement (V1 core test).,D,8,8,0.77
yearling,a one-year-old animal,V1,Defined using time unit 'year'; requires verbal knowledge of measurement systems (V1 core test).,D,8,8,0.78
bacillus,another name for bacterium,V1,Verbally-defined biological entity; not directly recognizable through ordinary perception (requires microscope/scientific knowledge).,D,8,8,0.78
tenthly,in tenth place,V1,"Verbally-defined ordinal position; requires language, symbols, and numerical conventions (V1 core test).",D,8,8,0.78
apprentice,one who works with a skilled worker to learn a trade,V1,Institutionally defined role; depends on social agreement and convention (V1 core test).,D,8,8,0.78
esquire,a man belonging to the British gentry,V1,Verbally/institutionally defined role; depends on social agreement and convention (V1 core test).,D,8,8,0.78
pallbearer,one of several persons who carry a coffin to burial,V1,Role defined by social/institutional funeral conventions; depends on cultural agreement (V1 core test).,D,8,8,0.78
receptionist,an office employee who receives people and calls,V1,Role defined by social/institutional agreement; not recognizable without cultural knowledge of office jobs.,D,8,8,0.78
warden,a hunting or game official,V1,"Institutional role (official) defined by law, convention; not recognizable without social agreement.",D,8,8,0.78
ayes,votes in favor of something,V1,"Institutionally defined entity; depends on social conventions, rules, and language for voting context.",D,8,8,0.78
reception,a social gathering at which guests are formally received,V1,Defined by social convention and formal rules; not recognizable without cultural/institutional agreement (V1 core test).,D,8,8,0.78
bid,a statement of price,V1,"Verbally/institutionally defined entity; requires language and social convention (e.g., auctions).",D,4,8,0.78
logic,reasoning,V1,"Verbally-defined concept/state; cannot be understood by direct perception alone, depends on language/abstract categories.",D,8,8,0.78
modifier,an adjective,V1,"Grammatical concept defined by language conventions; requires linguistic rules, not direct perception.",D,8,8,0.78
complement,the completing or contrasting part of something,V1,Abstract relational concept depending on language and conceptual categories; V1 core test.,D,8,8,0.78
ignorant,lacking in knowledge or information,V1,Abstract state depending on language-defined concepts of knowledge/information.,D,8,8,0.78
merit,value,V1,Abstract concept/state depending on language and social agreement (V1 core test).,D,8,8,0.78
predicament,a difficult situation,V1,Abstract state/concept depending on language and social agreement; V1 core test.,D,8,8,0.78
prominent,well-known; notable,V1,"Verbally/institutionally defined state; depends on social agreement and language, not direct perception.",D,8,8,0.78
ration,a definite amount,V1,"Verbally/institutionally defined entity; depends on social agreement or rules, not direct perception.",D,8,8,0.78
relative,by comparison,V1,"Abstract relational concept depending on language and comparison; core V1 test: requires verbal/conceptual agreement, not direct perception.",D,8,8,0.78
sane,good judgment; sensible,V1,Abstract state depending on language and social agreement for good judgment/sensibility.,D,8,8,0.78
sane,having a sound and healthy mind,V1,Abstract state depending on language and social agreement about mental norms; not directly perceptible.,D,8,8,0.78
significance,special meaning,V1,Concept depends on language/symbols; would not exist without verbal agreement (V1 core test).,D,8,8,0.78
steal,a big bargain,V1,"Abstract economic concept depending on language, social agreement, and monetary institutions.",D,8,8,0.78
traditional,customary,V1,"Abstract state depending on social convention, custom, and language; core V1 test: requires social agreement.",D,8,8,0.78
trapezoid,a figure in geometry,V1,Verbally/institutionally defined geometric entity; requires formal rules/language (V1 core test).,D,8,8,0.78
quadrilateral,having four sides and four angles,V1,Verbally-defined geometric entity requiring formal rules of counting sides/angles; V1 core test.,D,8,8,0.79
stratosphere,a layer of the atmosphere,V1,Defined by scientific measurement and atmospheric conventions; not directly perceptible without formal knowledge.,D,8,8,0.79
aviator,one who flies a plane,V1,"Role (one who flies a plane) depends on language, technology, training, and social convention; V1 core test.",D,8,8,0.79
nitrogen,"a colorless, odorless, tasteless gas",V1,"Verbally/scientifically defined entity; requires formal knowledge of chemistry/symbolic systems to recognize as distinct substance, not directly perceptible in ordinary experience.",D,8,8,0.79
maestro,"any noted conductor, composer, or teacher of music",V1,"Verbally/institutionally defined role (conductor, composer, teacher); depends on cultural conventions and symbols.",D,8,8,0.79
viewpoint,an attitude of the mind,V1,Abstract mental concept/state depending on language; core test: would not exist without verbal/symbolic definition.,D,8,8,0.79
leave,permission,V1,Verbally/institutionally defined entity/state; depends on social agreement and convention (V1 core test).,D,8,8,0.79
namesake,a person who is named after another person,V1,Entity defined by linguistic/social convention; requires language/symbols for naming relation (V1 core test).,D,8,8,0.79
origin,the starting point,V1,"Verbally defined concept; depends on language to identify as ""starting point"" beyond direct perception.",D,8,8,0.79
poverty,the state of being poor,V1,"Abstract state depending on language, social agreement, and economic institutions (V1 core test).",D,8,8,0.79
reliability,dependability; trustworthiness,V1,Abstract state depending on language and social agreement; core V1 test.,D,8,8,0.79
smart,very fashionable,V1,Concept depends on social/cultural convention and agreement; not directly perceptible without symbolic systems.,D,2,8,0.79
stake,a share,V1,"Verbally/institutionally defined entity; depends on social agreement, law, and financial systems (V1 core test).",D,8,8,0.79
surplus,an extra quantity; an excess,V1,Abstract concept/state depending on verbal definition of quantity and excess; core test: requires language for normative comparison.,D,8,8,0.79
enzyme,one of various complex proteins produced by living cells,V1,Scientific entity defined by biological categories and language; not directly perceptible without formal knowledge (V1 core test).,D,8,8,0.8
propaganda,plan for spreading possibly biased or distorted ideas and beliefs,V1,Abstract concept depending on language and social convention; core test: would not exist without symbolic systems.,D,8,8,0.8
statistics,the science of collecting and interpreting data,V1,"Verbally/institutionally defined entity; science as a formal discipline requires language, conventions, and symbolic systems.",D,8,8,0.8
wedlock,marriage,V1,"Institutionally defined entity/state, depends on social agreement and law (V1 core test).",D,8,8,0.8
platoon,a military unit forming part of a company,V1,"Institutionally defined military unit; depends on formal organization, rules, and social agreement (V1 core test).",D,8,8,0.8
amp,abbreviation for ampere; unit for measuring electrical current,V1,"Unit of measurement; depends on language, symbols, and scientific convention (V1 core test).",D,8,8,0.8
prime,the peak of life,V1,Abstract state/concept depending on language and cultural agreement; not directly perceptible.,D,8,8,0.8
Protestant,a branch of Christianity,V1,"Verbally/institutionally defined entity; depends on language, convention, and religious institutions (V1 core test).",D,8,8,0.8
realist,a person who tends to view things as they really are,V1,Verbally/institutionally defined role; depends on language and abstract philosophical convention (Core test: requires symbolic categories).,D,8,8,0.8
sigma,the eighteenth letter of the Greek alphabet,V1,Verbally/institutionally defined entity; concept depends on linguistic conventions and symbolic system (alphabet order).,D,8,8,0.8
timeless,not limited or affected by time,V1,Abstract state/concept depending on verbal definition of time; would not exist without language/symbols.,D,8,8,0.8
upright,honest; moral,V1,"Abstract state depending on language, social convention; fails P core tests.",D,8,8,0.8
protoplasm,the living matter in the cells of all organisms,V1,"Verbally/institutionally defined entity; requires scientific language/biology knowledge, not directly perceptible in ordinary experience.",D,8,8,0.81
courier,a special messenger,V1,Verbally/institutionally defined role (special messenger).,D,8,8,0.81
trick,a knack,V1,Abstract concept/state depending on language; not directly perceptible without verbal description.,D,8,8,0.81
predicate,a part of a sentence,V1,Verbally/institutionally defined grammatical concept; depends on language conventions (V1 core test).,D,8,8,0.81
stanza,a verse of a poem,V1,Verbally-defined literary structure; depends on language and convention (V1 core test).,D,8,8,0.81
monotony,a tiresome sameness; a lack of variety,V1,"Abstract state/concept depending on language for definition of ""sameness"" and ""variety""; core test: not understandable by direct perception alone.",D,8,8,0.81
purse,a sum of money,V1,"Verbally/institutionally defined entity; requires language, symbols, and social agreement for currency units.",D,8,8,0.81
tribute,a compliment; praise,V1,Concept depends on language and social agreement; not directly perceptible.,D,8,8,0.81
trickster,a cheat,V1,Verbally/institutionally defined role; depends on social agreement and rules for recognition.,D,8,8,0.81
eccentric,one who acts strangely,V1,"Verbally-defined role/type; requires social agreement on ""strange"" behavior (V1 core test).",D,8,8,0.82
milepost,a highway sign to measure off the distance in miles,V1,Defined by measurement unit 'miles'; requires formal units and convention (V1 core test).,D,8,8,0.82
obtuse,an angle greater than ninety degrees,V1,Defined using formal measurement unit (ninety degrees) and geometric conventions; not directly perceptible without symbolic system.,D,8,8,0.82
undergraduate,a person who has not yet graduated,V1,Institutionally defined role; depends on educational conventions and symbols.,D,8,8,0.82
knight,a chess piece,V1,Chess piece entity defined by game rules/conventions; requires symbolic system (V1 core test).,D,8,8,0.82
name,reputation,V1,"Abstract state depending on social agreement, language, and convention (V1 core test).",D,8,8,0.82
proprietor,owner,V1,Verbally/institutionally defined role; depends on social agreement and property laws (V1 core test).,D,8,8,0.82
prospect,a possible customer,V1,Institutionally defined role; depends on commercial conventions and social agreement.,D,8,8,0.82
prospect,the thought of something looked forward to,V1,"Abstract concept/state of thought; depends on language, not direct perception (V1 core test).",D,8,8,0.82
crack,a cutting remark,V1,Verbally-defined entity; concept depends on language and social convention (V1 core test).,D,8,8,0.82
leukemia,cancer of the blood,V1,"Verbally/institutionally defined medical condition; requires scientific classification, not direct perception.",D,8,8,0.83
monastery,a residence of monks,V1,Institutionally defined entity; depends on social/religious conventions and roles (monks).,D,8,8,0.83
shorthorn,a breed of beef cattle,V1,"Verbally/institutionally defined entity; breed category depends on human conventions, naming, and agricultural institutions (V1 core test).",D,8,8,0.83
transcontinental,extending or going across a continent,V1,"Relies on verbally-defined geographical unit ""continent""; not directly perceptible without symbolic categories.",D,8,8,0.83
philharmonic,devoted to music,V1,"Verbally-defined state; depends on language for category ""music"" and concept of devotion.",D,8,8,0.83
executive,branch of government that manages a nation’s affairs,V1,Institutionally defined entity/role depending on law and social agreement (V1 core test).,D,8,8,0.83
executive,a person in charge of a business,V1,"Institutionally defined role; depends on language, social agreement, and business institutions (V1 core test).",D,8,8,0.83
pharmacology,the science of drugs especially related to medicines,V1,"Verbally/institutionally defined entity; science as abstract concept depends on language, conventions, and formal categories.",D,8,8,0.83
reserves,military groups not on active duty but available for an emergency,V1,"Institutionally defined entity/role; requires military rules, laws, and social agreement (V1 core test).",D,8,8,0.83
Mafia,a secret criminal organization,V1,"Verbally/institutionally defined entity; concept depends on social agreement, secrecy, and criminal laws.",D,8,8,0.83
matters,subjects or interests of consequence,V1,Abstract concepts/states depending on language and social agreement (V1 core test).,D,8,8,0.83
obligation,a personal duty,V1,"Abstract state/role depending on language, social agreement, and conventions (V1 core test).",D,8,8,0.83
spitball,an illegal baseball curve,V1,Verbally/institutionally defined entity; requires knowledge of baseball rules and conventions.,D,8,8,0.83
phosphorus,a nonmetallic chemical element,V1,Verbally/institutionally defined entity; chemical element requires scientific language and formal categorization (V1 core test).,D,8,8,0.84
mason,a skilled worker who builds with stone or brick,V1,Role of skilled worker defined by social convention and trade agreement (V1 core test).,D,8,8,0.84
urinalysis,a chemical analysis of urine,V1,Verbally/institutionally defined entity/concept; depends on medical/scientific convention and language.,D,8,8,0.84
passable,just good enough; tolerable,V1,Abstract state depending on language and social convention; core V1 test: requires cultural agreement.,D,8,8,0.84
style,class,V1,"Entities existing mainly because of language, social agreement, or formal categories.",D,8,8,0.84
casual,informal,V1,"Abstract state defined by social convention, not direct perception.",D,8,8,0.84
serenade,"open air singing concert, especially to a woman",V1,Concept depends on cultural convention and social agreement; not recognizable by direct perception alone.,D,8,8,0.85
semicolon,a punctuation mark (;),V1,Verbally/institutionally defined entity; punctuation symbol depends on linguistic conventions and cannot be understood by direct perception alone.,D,8,8,0.85
circumference,the distance around a circle,V1,Verbally/institutionally defined unit/concept depending on mathematical measurement and symbols.,D,6,8,0.85
sorority,a women’s social organization,V1,"Entity defined by social agreement, institutions, and conventions; core V1 test.",D,8,8,0.85
metropolitan,related to a large city and surrounding area,V1,"Verbally/institutionally defined concept; depends on social/administrative agreement, not direct perception.",D,8,8,0.85
misapplied,used badly or wrongly,V1,"Abstract state depending on language/convention for ""wrong"" usage (V1 core test).",D,8,8,0.85
monopoly,total control of something,V1,Abstract state depending on social/economic conventions/institutions; V1 core test.,D,8,8,0.85
nucleus,a central source,V1,Abstract concept depending on language; not directly perceptible without symbolic categories.,D,10,8,0.85
ritzy,stylish,V1,Adjective state depending on cultural fashion conventions and social agreement; core test: requires language/symbols for definition.,D,8,8,0.85
suburban,close to a city,V1,Verbally/institutionally defined location relative to social construct 'city'; requires cultural agreement on what constitutes a city.,D,8,8,0.86
patience,the ability to endure without complaint,V1,Abstract state/ability depending on language and social agreement (V1 core test).,D,8,8,0.87
pawnbroker,a person who loans money on goods pledged,V1,"Institutionally defined role; depends on social agreement, language, and conventions (V1 core test).",D,8,8,0.87
offhand,without preparation,V1,"Concept/state depending on language and abstract category of ""preparation""; not directly perceptible.",D,8,8,0.87
probation,a testing or trial period,V1,"Verbally/institutionally defined concept/state; depends on social agreement, not direct perception.",D,8,8,0.87
sarcastic,mocking or scornful,V1,"Abstract state depending on language, convention, and social agreement; core test: requires symbolic understanding of irony/mockery.",D,8,8,0.87
stand,the witness box,V1,"Institutionally defined entity (court fixture); depends on legal conventions, not direct perception alone.",D,8,8,0.88
zoology,a study of animals,V1,Verbally/institutionally defined abstract concept/field of study; depends on language and convention.,D,8,8,0.88
modest,not boastful,V1,Abstract state depending on social convention/language; not directly perceptible (V1 core test).,D,8,8,0.89
ones,units,V1,Verbally/institutionally defined units; requires language/symbols (V1 core test).,D,8,8,0.89
rejection,a refusal to accept,V1,Abstract concept/state depending on language and social agreement (V1 core test).,D,8,8,0.89
subtotal,a partial sum,V1,Verbally/institutionally defined entity/unit; depends on numerical symbols and convention.,D,8,8,0.89
wits,mental powers,V1,Abstract concept/state depending on language/categories; not directly perceptible.,D,8,8,0.89
parallelogram,a four-sided geometric figure with opposite sides equal and parallel,V1,"Verbally defined geometric concept; requires formal mathematical rules/language, not direct perception (V1 core test).",D,8,8,0.91
put-on,something meant to deceive,V1,"Concept of ""something meant to deceive"" depends on language, convention, and social understanding of intent; not directly perceptible.",D,8,8,0.91
motive,a reason for,V1,Abstract concept/state depending on language; core test: would not exist without verbal/conceptual categories.,D,8,8,0.93
protractor,an instrument for drawing and measuring angles,V1,Verbally/institutionally defined entity; depends on geometric concepts and measurement conventions (V1 core test).,D,8,8,0.96
exile,a person sent away from his or her country or home,V1,"Verbally/institutionally defined role/state; depends on social agreement/law, not direct perception.",D ,8,8,0.67
fate,one’s future or destiny,V1,Abstract concept/state depending on language and social agreement; core V1 test.,D ,8,8,0.67
fugitive,a runaway or escapee,V1,Role defined by legal/social convention; requires knowledge of laws/institutions (V1 core test).,D ,8,8,0.68
denial,a refusal,V1,Concept depends on language and social agreement; not directly perceptible.,D ,8,8,0.68
domestic,made in one’s own country,V1,"Entities existing mainly because of language, social agreement, law, or formal categories (national borders).",D ,8,8,0.68
franc,a former French unit of money,V1,"Verbally/institutionally defined unit; depends on language, convention, law.",D ,8,8,0.68
franc,a unit of money,V1,Verbally/institutionally defined unit; depends on social agreement and symbols (V1 core test).,D ,8,8,0.68
fantasy,"a fanciful poem, play, or story",V1,Entity defined by language and literary convention; cannot be understood without symbolic systems.,D ,8,8,0.68
esteem,high respect,V1,Abstract state depending on social agreement/language; core test: would not exist without symbols or convention.,D ,8,8,0.69
demotion,a reduction to a lower grade or rank,V1,"Institutionally defined state; depends on social agreement, ranks, and conventions (V1 core test).",D ,8,8,0.7
dermatology,the study and treatment of skin and skin diseases,V1,"Verbally/institutionally defined entity (field of study); depends on language, convention, and academic institutions.",D ,8,8,0.7
distinct,different in kind from another,V1,Verbally-defined abstract relational concept; depends on language for categorical distinction of kinds.,D ,10,8,0.71
fiend,a very wicked person,V1,"Verbally/institutionally defined entity/role; depends on language, moral concepts, and social agreement (V1 core test).",D ,8,8,0.72
deceit,dishonesty; trick,V1,"Concept/state relies on social agreement, language, and moral conventions; core V1 test.",D ,8,8,0.73
flaw,a mistake,V1,Abstract concept/state depending on language/convention; core V1 test: requires symbolic rules to identify.,D ,8,8,0.74
embassy,the residence and place of work of an ambassador,V1,Institutionally defined entity depending on diplomatic roles and social conventions; not directly perceptible without formal systems.,D ,8,8,0.76
function,proper work,V1,"Abstract state depending on convention for what constitutes ""proper""; core test: requires social agreement, not direct perception alone.",D ,8,8,0.76
forward,very bold,V1,"Abstract behavioral state relying on social conventions/norms, not direct perception alone.",D ,2,8,0.76
furlough,a vacation from a branch of the armed services,V1,Institutionally defined entity depending on armed services conventions and rules.,D ,8,8,0.76
concession,a right to something given up,V1,"Verbally/institutionally defined entity; depends on social agreement, law, and concepts of rights.",D ,10,8,0.76
exotic,not native; foreign,V1,"Quality defined by relational category (origin/native place) requiring conceptual/geographic knowledge, not direct perception.",D ,8,8,0.76
deuce,a two-spot card in a deck of cards,V1,Concept depends on symbolic conventions of card ranks; not directly perceptible without rules.,D ,8,8,0.77
detail,troops on a special duty,V1,Institutionally defined entity/role depending on military convention and social agreement.,D ,8,8,0.78
extinct,no longer active,V1,"Abstract state; requires conceptual understanding of existence/persistence over time, not direct perception.",D ,8,8,0.78
felony,a serious crime,V1,Institutionally defined legal entity; requires law and social agreement (V1 core test).,D ,8,8,0.78
petition,a request to an authority with signatures,V1,"Verbally/institutionally defined entity; requires language, authority, signatures, and social agreement.",D ,8,8,0.79
essential,necessary,V1,Abstract state/concept depending on language and reasoning; core V1 test: does not exist without symbolic systems.,D ,6,8,0.79
dude,a city-born person visiting a ranch,V1,"Verbally/institutionally defined role; depends on cultural convention and social agreement, not direct perception.",D ,8,8,0.8
dude,a man very concerned with his clothes,V1,Socially-defined role/person type depending on language and cultural agreement (V1 core test).,D ,8,8,0.8
corporate,relating to a large-scale business or company,V1,Verbally/institutionally defined concept; depends on social/legal agreement for businesses/companies.,D ,10,8,0.8
economic,related to money,V1,"Depends on language, social agreement, and institutional concepts like money.",D ,8,8,0.81
executive,the president of the United States,V1,"Institutionally defined role; depends on language, law, and social agreement (V1 core test).",D ,8,8,0.83
critic,a faultfinder,V1,Role defined by verbal/social agreement; not directly perceptible without language.,D ,8,8,0.87
dean,a member of the clergy in charge of a cathedral,V1,Institutionally defined role; depends on church conventions and social agreement (V1 core test).,D ,10,8,0.89
dean,an officer of a college,V1,Institutionally defined role; depends on social agreement and formal categories.,D ,8,8,0.89
sidekick,a partner,V1,Social role depending on language and social agreement; not directly perceptible.,E,8,8,0.68
vegetarian,a person who does not eat meat,V1,"Role defined by social convention and language, not directly perceptible.",E,8,8,0.69
parlor,a place of business,V1,"Verbally/institutionally defined entity; depends on social agreement and institutions for ""business"".",E,8,8,0.7
poor,having little money,V1,State defined by institutional unit (money); requires social/economic conventions.,E,2,8,0.7
poor,unwise,V1,Abstract state/concept dependent on language and cultural understanding of wisdom.,E,2,8,0.7
venomous,poisonous,V1,Concept/state depending on verbal/conceptual knowledge of poison effects; not directly perceptible without language or experience.,E,8,8,0.72
gourmet,a lover of good food,V1,Role depending on language and social/cultural agreement.,E,8,8,0.73
genie,an imaginary good or evil spirit,V1,Imaginary entity depending on language/cultural convention; core V1 test: would not exist without symbols/stories.,E,8,8,0.74
lottery,a drawing for a prize,V1,"Depends on social agreement, rules, and institutions; core V1 test: would not exist without language/convention/law.",E,8,8,0.75
trucker,a person who drives a truck,V1,"Role (person who drives a truck) defined by social agreement, job convention, and institutions (e.g., licensing).",E,8,8,0.77
top,the greatest,V1,"Abstract superlative concept/state depending on verbal comparison/categories, not direct perception.",E,8,8,0.77
offer,something that is presented,V1,"Verbally-defined entity; depends on language/social agreement, not direct perception (V1 core test).",E,8,8,0.78
dry,not interesting,V1,"Abstract evaluative state dependent on language and cognitive judgment; core test: requires symbolic categories, not direct perception.",E,8,8,0.78
asthma,a disease that affects breathing,V1,Medically defined condition requiring language and institutional knowledge; not directly perceptible without symbolic categories.,E,8,8,0.79
doom,an unhappy fate,V1,Abstract concept/state depending on language and social agreement; not directly perceptible.,E,8,8,0.79
epilepsy,a disease of the brain,V1,"Verbally/institutionally defined entity; medical disease category requires language and formal knowledge, not direct perception.",E,8,8,0.81
minute,a unit of time equal to sixty seconds,V1,Unit of time; verbally/institutionally defined entity requiring language and convention.,E,2,8,0.87
rock,a style of music,V1,"Concept of a music style depends on language, cultural convention, and social agreement; core V1 test.",E,8,8,0.87
tutor,a private teacher,V1,"Verbally/institutionally defined role (e.g., doctor, judge).",E,8,8,0.89
set,definite,V1,Abstract state/concept depending on language and convention; not directly perceptible.,E,8,8,0.96
ballerina,a female ballet dancer,V1,Verbally/institutionally defined role; requires cultural knowledge of ballet institution (V1 core test).,E ,8,8,0.77
cone,a geometrical figure,V1,Abstract geometrical concept depending on formal mathematical language and rules; not directly perceptible without symbolic systems.,L2,8,8,0.82
tetherball,a playground game,V1,Verbally/institutionally defined entity; depends on social agreement and rules (V1 core test).,L6,8,8,0.68
thirtieth,the number after twenty-ninth,V1,"Verbally defined numerical unit/concept; requires language, symbols, and counting system (V1 core test).",L6,8,8,0.71
supremacy,having the highest rank or authority,V1,"Verbally/institutionally defined state; depends on social agreement, ranks, and authority conventions.",L6,8,8,0.72
pennant,a flag symbolizing championship,V1,Defined by symbolic/institutional role (championship); requires convention beyond direct perception.,L6,8,8,0.73
testee,a person being tested,V1,Verbally/institutionally defined role; depends on social agreement and formal testing context.,L6,8,8,0.74
merman,imaginary fish-like man believed to live in the sea,V1,Verbally-defined entity depending on language and cultural convention; not directly perceptible in physical experience.,L6,8,8,0.76
lunatic,an insane person,V1,Verbally/institutionally defined entity/role; depends on language and social/medical convention (Core test: requires symbolic categories).,L6,8,8,0.77
billiards,game played on a table with cue sticks and balls,V1,"Game as entity requires social rules, conventions; core V1 test: depends on language/institutions.",L6,8,8,0.79
outfit,a military unit,V1,"Institutionally defined entity/unit; requires military rules, law, and social agreement (V1 core test).",L6,8,8,0.79
troupe,a group of actors,V1,Verbally/institutionally defined entity; depends on social roles/institutions (actors); core test: requires cultural agreement.,L6,8,8,0.79
memento,a keepsake or souvenir,V1,Concept depends on language and social agreement for sentimental/remembrance purpose; not directly perceptible alone.,L6,8,8,0.8
numeral,number,V1,"Verbally/institutionally defined entity; depends on symbolic systems, not direct perception.",L6,8,8,0.81
quadruplet,a group of four,V1,Abstract numerical grouping; depends on language/symbolic number system (V1 core test).,L6,8,8,0.82
gram,a unit of weight in the metric system,V1,Unit depending on formal measurement system and language; V1 core test.,L6,8,8,0.84
Orient,the countries of Asia,V1,"Verbally/institutionally defined region; depends on language, cultural convention, and geopolitical categories (V1 core test).",L6,8,8,0.85
tally,a way of keeping score,V1,Verbally/institutionally defined concept; depends on rules/conventions of scoring systems.,T2,10,8,0.67
chance,a possibility,V1,Abstract concept depending on language; would not exist without symbolic categories (V1 core test).,T2,4,8,0.68
optional,not required,V1,Abstract state depending on convention/rules; would not exist without language/social agreement (V1 core test).,T2,8,8,0.68
fantasy,an imaginary happening,V1,Abstract concept/state depending on language; not directly perceptible (V1 core test).,T2,8,8,0.68
absolute,certain; positive,V1,Abstract mental/cognitive state (certainty) requiring language for definition; core V1 test: depends on verbal concepts.,T2,8,8,0.7
extinct,no longer living,V1,"State depends on language, biological concepts, and historical/scientific knowledge; not directly perceptible.",T2,8,8,0.7
fit,suitable,V1,"Abstract state depending on language, convention, or purpose; not directly perceptible.",T2,2,8,0.7
reality,"an actual fact, thing, or event",V1,Concept depends on language and abstract categories; not directly perceptible (V1 core test).,T2,8,8,0.7
resolution,a firm vow,V1,Abstract state depending on language and social convention; not directly perceptible.,T2,8,8,0.7
appropriate,proper,V1,"Abstract state depending on social convention/language; core test: relies on cultural agreement, not direct perception.",T2,8,8,0.71
properly,suitably; correctly,V1,"Concept of 'suitably/correctly' depends on language, social convention, or rules; core test: would not exist without social agreement.",T2,8,8,0.71
mammal,a milk-giving animal,V1,Verbally-defined abstract category; requires conceptual/biological knowledge beyond direct perception.,T2,8,8,0.73
ban,a law which prohibits something,V1,"Institutionally defined entity (law); depends on social agreement and language, per V1 core test.",T2,8,8,0.74
positive,constructive,V1,Abstract evaluative state depending on language and social convention; not directly perceptible.,T2,8,8,0.75
precise,exact,V1,Abstract state; depends on language/convention for standards of exactness (V1 core test).,T2,8,8,0.75
marathon,a very long race or competition,V1,"Verbally/institutionally defined entity; requires social agreement on rules, distance units, and event type.",T2,8,8,0.76
position,a job,V1,Institutionally defined role; depends on social agreement and language.,T2,8,8,0.78
exact,particular,V1,Abstract concept/state depending on language/categories; not directly perceptible.,T2,4,8,0.8
regular,real or permanent,V1,Abstract state (permanent) depending on language/conceptual categories; core test: requires verbal definition beyond direct perception.,T2,4,8,0.8
toxic,poisonous,V1,Verbally-defined state/concept; not directly perceptible without language or scientific knowledge (V1 core test).,T2,8,8,0.82
elect,chosen,V1,State depending on social agreement or institutional selection; core V1 test.,T2,8,8,0.83
certain,fixed and settled,V1,Abstract state depending on language/convention; not directly perceptible.,T2,8,8,0.88
privilege,a special right,V1,"Exists mainly due to social agreement, law, or convention; V1 core test.",T2,8,8,0.89
technician,a person who has special skills,V1,"Role defined by social agreement, training, and institutional skills (V1 core test).",T2,8,8,0.89
gallery,a building to display paintings or other artwork,V1,"Verbally/institutionally defined entity; depends on cultural convention for art display, not direct perception alone.",T6,6,8,0.67
hitch,unexpected delay,V1,Abstract state/concept depending on verbal notions of expectation and time; core test: requires language/abstract categories.,T6,8,8,0.67
backward,toward a worse state,V1,"Abstract state/comparative judgment (""worse state"") depends on language/concepts; V1 core test.",T6,8,8,0.67
minor,a person who is under age,V1,Verbally/institutionally defined role/state; depends on legal age conventions and cannot be recognized by perception alone.,T6,6,8,0.67
vandal,a person who willfully destroys property,V1,Role defined by social agreement on property and willful destruction; depends on language/institutions.,T6,8,8,0.67
etiquette,rules of behavior,V1,Verbally/institutionally defined concept; depends on social agreement and convention (V1 core test).,T6,8,8,0.67
feel,to believe,V1,Concept/state depends on language for propositional content; fails P3 core test (not basic biological/affective state without formal language).,T6,8,8,0.67
help,hired workers,V1,Role defined by institutional employment conventions and social agreement.,T6,8,8,0.67
exist,to be,V1,"Abstract state/concept depending on language; core test: requires verbal definition, not direct perception.",T6,8,8,0.67
fate,a power that is believed by some to control the future,V1,"Abstract concept depending on language, belief, and social agreement; core V1 test.",T6,8,8,0.67
honest,genuine,V1,Abstract state depending on language and social agreement about truth/authenticity.,T6,8,8,0.67
minor,"inferior in importance, size, or degree",V1,"Verbally/institutionally defined state; depends on abstract categories like importance, not direct perception.",T6,6,8,0.67
myth,an imaginary tale,V1,Abstract concept depending on language and cultural agreement; core V1 test: does not exist without symbols/language.,T6,8,8,0.67
occasion,opportunity,V1,Abstract concept/state depending on language and social agreement; core V1 test.,T6,8,8,0.67
pat,just right,V1,"Abstract evaluative concept/state depending on language and judgment, not direct perception.",T6,2,8,0.67
random,by chance; without a pattern,V1,Abstract concept depending on verbal definition of chance/pattern; core test: requires language/conceptual categories.,T6,8,8,0.67
sense,the meaning,V1,"Concept of ""meaning"" depends on language/symbols; would not exist without verbal systems (V1 core test).",T6,8,8,0.67
underhanded,crooked; done in secret,V1,Abstract evaluative concept relying on social agreement and language; not directly perceptible.,T6,8,8,0.67
warranty,a guarantee,V1,"Exists due to language, social agreement, and legal convention; V1 core test.",T6,8,8,0.67
wide,includes much,V1,"Abstract scope/state depending on language; core test: requires verbal/conceptual agreement, not direct perception.",T6,8,8,0.67
slogan,catchwords; a motto,V1,Verbally/institutionally defined entity; depends on language and social convention (Core test: would not exist without language/symbols).,T6,8,8,0.67
supersonic,faster than sound,V1,Depends on formal measurement of speed of sound (V1 core test: requires symbolic/scientific system).,T6,8,8,0.68
convent,a home for a community of nuns,V1,Institutionally defined entity; depends on religious convention and social agreement (V1 core test).,T6,8,8,0.68
bold,rude or forward,V1,"Adjective state depending on social conventions and language, not direct perception.",T6,8,8,0.68
censor,person who evaluates materials for inappropriateness,V1,Verbally/institutionally defined role; depends on social agreement/language (V1 core test).,T6,8,8,0.68
questionnaire,a list of questions,V1,Verbally/institutionally defined entity; depends on language and symbolic conventions (list of questions).,T6,8,8,0.68
vengeance,revenge,V1,"Verbally/institutionally defined concept/state; depends on social agreement, not direct perception.",T6,8,8,0.68
drab,uninteresting,V1,Abstract evaluative quality depending on language and subjective judgment; not directly perceptible physical property (P4 core test).,T6,8,8,0.68
flat,exactly,V1,"Verbally defined abstract concept of precision; depends on language and conceptual categories, not direct perception.",T6,4,8,0.68
happy,fortunate,V1,"Abstract state depending on language, convention, and social agreement (Core test: Would not exist without symbolic systems).",T6,8,8,0.68
heathen,uncivilized,V1,"Verbally/institutionally defined state; depends on social/cultural conventions, not direct perception.",T6,8,8,0.68
liable,likely,V1,Abstract state/concept of probability; depends on language and cannot be directly perceived.,T6,8,8,0.68
passing,meeting required standards,V1,Verbally/institutionally defined state; depends on formal standards/rules (V1 core test).,T6,8,8,0.68
payable,"due, as a bill",V1,"Abstract state defined by financial institutions, laws, and social agreement on bills/money.",T6,8,8,0.68
prosper,to be successful,V1,Abstract state depending on language and social agreement (V1 core test).,T6,8,8,0.68
round,a series,V1,"Verbally-defined entity/concept; depends on social convention/language, not direct perception (V1 core test).",T6,8,8,0.68
timetable,a schedule that tells comings and goings,V1,"Verbally/institutionally defined entity; depends on language, time systems, and social conventions (V1 core test).",T6,8,8,0.68
while,a period of time,V1,"Verbally/institutionally defined entity (time concept); requires language for conceptualization, per V1 core test.",T6,8,8,0.68
while,a period of time,V1,"Verbally/institutionally defined time concept; depends on language (cf. time systems like annual, decade).",T6,8,8,0.68
while,a period of time,V1,Verbally/institutionally defined time unit/concept; depends on language for definition.,T6,8,8,0.68
while,a period of time,V1,Verbally/institutionally defined time concept/unit; requires language for recognition.,T6,8,8,0.68
edible,fit to eat,V1,"Concept of suitability depends on verbal/biological categorization, not direct perception alone.",T6,8,8,0.69
pen,(abbreviation for penitentiary) prison,V1,"Institutionally defined entity (prison); depends on law, social agreement, and formal categories.",T6,2,8,0.69
self-centered,selfish,V1,Abstract state/trait depending on language and social agreement; not directly perceptible or basic affective.,T6,8,8,0.69
participant,one who shares in an experience,V1,"Role/concept depending on language and social agreement to define ""sharing an experience""; fails P1 core test (not directly perceptual without symbols).",T6,8,8,0.69
township,a unit of land containing thirty-six sections of one square mile each,V1,Verbally/institutionally defined unit; requires formal measurement systems and rules (V1 core test).,T6,8,8,0.69
absurd,foolish,V1,Abstract evaluative state depending on language/social norms (V1 core test).,T6,8,8,0.69
Amtrak,a U.S. government-run railroad,V1,"Verbally/institutionally defined entity; depends on government institution, law, and naming (V1 core test).",T6,8,8,0.69
province,a division of a country,V1,"Verbally/institutionally defined entity; depends on social agreement, law, political boundaries (V1 core test).",T6,8,8,0.69
step,a stage or grade,V1,Abstract concept/state depending on language/conceptual categories; V1 core test.,T6,8,8,0.69
utility,usefulness,V1,Abstract state/concept depending on language and social evaluation; core test: would not exist without conceptual categories.,T6,8,8,0.69
persuasive,convincing,V1,"Abstract state depending on language, communication, and social agreement (V1 core test).",T6,8,8,0.69
head,the starting point,V1,Abstract concept/state depending on language/convention; core test: would not exist without symbolic systems.,T6,8,8,0.7
source,a point of origin; beginning,V1,"Abstract concept of origin/beginning depends on language and conceptual categories, not direct perception (V1 core test).",T6,8,8,0.7
hygiene,practices that aid good health,V1,"Verbally/institutionally defined concept; depends on language and medical/social conventions for ""practices that aid good health"".",T6,8,8,0.7
siege,a continued attack,V1,"Institutionally defined event/concept; requires social/military conventions and rules, not direct perception alone.",T6,8,8,0.7
menace,a threat,V1,Abstract concept/state depending on language and social agreement; core V1 test.,T6,8,8,0.7
militia,a group of citizen soldiers,V1,"Verbally/institutionally defined entity/role; depends on social agreement and convention, not direct perception alone.",T6,8,8,0.7
superior,boss; chief,V1,Role defined by social/institutional agreement; not directly perceptible without conventions.,T6,8,8,0.7
suspension,removing for a while,V1,Institutionally defined state requiring social convention and rules.,T6,8,8,0.7
transit,public transportation,V1,"Verbally/institutionally defined entity; depends on social agreement, laws, and institutions (core V1 test).",T6,8,8,0.7
aim,purpose,V1,Abstract concept/state depending on language and social agreement; core V1 test: would not exist without symbols/language.,T6,8,8,0.7
gain,improvement,V1,Abstract state/concept depending on language and social/conceptual agreement (V1 core test).,T6,8,8,0.7
memorable,important,V1,Abstract evaluative state; depends on language and social agreement (V1 core test).,T6,8,8,0.7
notable,outstanding,V1,"Abstract quality/state depending on language and social convention, not direct perception.",T6,8,8,0.7
outcome,what happens as a result of an earlier event or action,V1,"Abstract concept/state depending on language for causal relation; core V1 test: requires symbolic understanding of ""result"".",T6,8,8,0.7
prophecy,a statement that purports to tell the future,V1,Verbally defined entity; requires language and abstract concept of future prediction (V1 core test).,T6,8,8,0.7
reinforcements,extra help,V1,"Verbally/institutionally defined entity/role; depends on social convention and organization, not direct perception.",T6,8,8,0.7
scholastic,related to school,V1,Verbally/institutionally defined (related to school as social institution); V1 core test.,T6,8,8,0.7
superior,better,V1,"Abstract comparative quality; depends on verbal definition and judgment, not direct perception (V1 core test).",T6,8,8,0.7
thread,the connecting idea,V1,Abstract concept/state depending on language; V1 core test.,T6,8,8,0.7
threshold,the beginning point,V1,"Abstract concept/state defined verbally; core test: depends on language, not direct perception.",T6,8,8,0.7
visionary,a person whose ideas and plans are impractical,V1,"Role/person type defined by abstract concepts (ideas, impracticality) requiring language and social agreement; V1 core test.",T6,8,8,0.7
organic,relating to living things,V1,"Verbally-defined concept; depends on abstract category of living things, not direct perception alone.",T6,8,8,0.71
poll,an election,V1,"Institutionally defined entity; requires social agreement, laws, and conventions (V1 core test).",T6,8,8,0.71
watchword,password,V1,"Concept depending on language, symbols, and social agreement; would not exist without them.",T6,8,8,0.71
decent,morally proper,V1,"Abstract moral state depending on language, social agreement, and conventions.",T6,8,8,0.71
potential,possible,V1,Abstract concept/state depending on language; core test: would not exist without symbolic systems.,T6,8,8,0.71
slur,an unkind remark,V1,Verbally-defined concept depending on language and social agreement.,T6,10,8,0.71
theory,a guess based on some evidence but not proved,V1,"Abstract concept/state depending on language, evidence, and reasoning; fails P1 core test (not directly perceptible).",T6,8,8,0.71
polar,near one of the poles,V1,"Verbally/institutionally defined location relative to conceptually-defined geographic poles; requires formal geographic knowledge, not direct perception.",T6,8,8,0.72
mascot,"a person, object, or animal that brings good luck",V1,Concept depends on social convention/symbolic belief (brings good luck); not directly perceptible without agreement.,T6,8,8,0.72
statesmanship,skill in conducting national affairs,V1,"Depends on institutions (nations, government) and social agreement; core V1 test.",T6,8,8,0.72
model,ideal,V1,Abstract concept/state depending on language and social agreement; V1 core test.,T6,8,8,0.72
occasion,the reason or cause,V1,Abstract concept/state depending on language/conceptual categories; core V1 test: not understandable by direct perception alone.,T6,8,8,0.72
overall,including everything,V1,"Abstract conceptual state of totality; depends on language for definition, not direct perception.",T6,8,8,0.72
probable,likely,V1,"Abstract state of likelihood; depends on language and conceptual reasoning, not direct perception (V1 core test).",T6,8,8,0.72
reputation,the opinion of others,V1,Abstract social state depending on language and convention; core test: does not exist without social agreement.,T6,8,8,0.72
sold,convinced,V1,"Abstract state depending on language, symbols, and social reasoning; core test: requires verbal persuasion, not direct perception.",T6,8,8,0.72
prompt,on time,V1,"State depending on time systems, schedules, and social convention (V1 core test).",T6,8,8,0.73
hypnosis,a sleep caused by suggestion,V1,"State defined by verbal/psychological induction ('caused by suggestion'); depends on convention/language, not direct perception.",T6,8,8,0.73
self-discipline,a strong control of oneself,V1,"Abstract state depending on language, self-concept, and social convention; core V1 test: requires symbolic/cultural agreement.",T6,8,8,0.73
decent,fair; good enough,V1,Abstract evaluative concept/state depending on language and social agreement (V1 core test).,T6,8,8,0.73
donor,a giver,V1,Role defined by social agreement and verbal categorization; not directly perceptible without conceptual understanding.,T6,8,8,0.73
negligent,the tendency to ignore what should be done,V1,"State defined by social conventions on obligations; requires language/norms for ""what should be done"".",T6,8,8,0.73
obliging,helpful,V1,Abstract social state depending on language and social convention; core test: requires cultural agreement to define.,T6,8,8,0.73
principle,an important rule,V1,"Abstract concept/state depending on language, convention; V1 core test.",T6,8,8,0.73
specific,definite,V1,"Verbally-defined abstract quality; depends on language/conceptual categories, not direct perception.",T6,8,8,0.73
guard,a sentry,V1,Institutionally defined role (like doctor); depends on social/military convention.,T6,8,8,0.74
class,a division,V1,Verbally-defined abstract concept; depends on language/convention (V1 core test).,T6,8,8,0.74
prissy,to be precise and fussy,V1,Abstract state/manner depending on verbal/cultural definition of precision and fussiness; core V1 test: requires language for concept.,T6,8,8,0.74
reform,an improvement,V1,Abstract concept/state depending on language and evaluative judgment; core V1 test: requires social/conceptual agreement.,T6,8,8,0.74
technique,skill,V1,Abstract concept/state depending on language and convention; not directly perceptible.,T6,8,8,0.74
undying,eternal,V1,Abstract concept/state depending on language; not directly perceptible.,T6,8,8,0.74
intellect,the power of knowing and understanding,V1,Abstract concept/state depending on language and conceptual categories; not directly perceptible (V1 core test).,T6,8,8,0.74
nailbiter,a tension-producing situation,V1,Abstract concept/state depending on verbal convention; not directly perceptible without language.,T6,8,8,0.75
ecology,how living things relate to the environment and each other,V1,Concept depends on language and abstract categories; not directly perceptible without symbolic systems.,T6,8,8,0.75
participle,an adjective form of a verb,V1,Verbally-defined linguistic concept depending on grammatical rules and conventions.,T6,8,8,0.75
synagogue,a building used for Jewish instruction and worship,V1,Institutionally defined entity depending on religious convention and social agreement.,T6,8,8,0.75
common,often found,V1,"Abstract frequency category depending on language and conceptual comparison, not direct perception.",T6,8,8,0.75
conservative,member of a political group opposed to change,V1,Verbally/institutionally defined role; depends on social agreement and political conventions (V1 core test).,T6,8,8,0.75
dig,a slighting remark,V1,"Verbally-defined concept; requires language and social agreement, not direct perception.",T6,10,8,0.75
favor,approval,V1,Abstract state depending on social agreement/language; core V1 test: would not exist without symbols or convention.,T6,8,8,0.75
gross,the total of money earned before deductions,V1,"Verbally/institutionally defined financial unit/state; depends on conventions, laws, and deductions (V1 core test).",T6,10,8,0.75
key,important,V1,Abstract state depending on language and social agreement (V1 core test).,T6,2,8,0.75
Martian,related to the planet of Mars,V1,Verbally/institutionally defined concept; depends on language/convention to identify specific named planet Mars (V1 core test).,T6,8,8,0.75
publisher,"a person or company that prints books, newspapers, etc.",V1,Institutionally defined role/company depending on social conventions and commercial systems.,T6,8,8,0.75
shifty,tricky,V1,Abstract state/role depending on language and social agreement (V1 core test).,T6,8,8,0.75
supplementary,additional,V1,Concept depends on abstract categories and language; not directly perceptible without symbolic understanding.,T6,8,8,0.75
washout,a failure,V1,Abstract concept/state depending on language and social agreement; core test: does not exist without verbal/conceptual categories.,T6,8,8,0.75
interval,the space of time between two events,V1,"Verbally/institutionally defined concept of time; requires language and abstract categories, not direct perception.",T6,8,8,0.75
phase,a stage in growth,V1,"Verbally-defined abstract concept; depends on language/categories for stages, not direct perception (V1 core test).",T6,8,8,0.75
picnic,an easy task,V1,"Concept of ""easy task"" depends on language and abstract categories; not directly perceptible without symbolic understanding.",T6,8,8,0.75
flaw,an imperfection,V1,Abstract concept/state depending on language/conceptual standards; core V1 test.,T6,8,8,0.76
fund,a supply,V1,"Verbally/institutionally defined entity; concept of reserved/available stock depends on language and abstract categories, not direct perception.",T6,8,8,0.76
mission,a task,V1,Verbally/institutionally defined entity; depends on language and social agreement (V1 core test).,T6,8,8,0.76
producer,a grower or maker of something,V1,"Role defined by verbal/conceptual function (grower/maker); requires language/social agreement, not direct perception (V1 core test).",T6,8,8,0.76
ahead,into the future,V1,"Concept of ""future"" depends on language and abstract temporal categories; not directly perceptible without symbolic systems.",T6,8,8,0.76
hyphen,a spelling sign,V1,Verbally-defined entity; depends on language/symbolic system for spelling function (V1 core test).,T6,8,8,0.76
hex,a magic spell,V1,"Depends on language, cultural convention, and symbolic systems; not directly perceptible.",T6,8,8,0.76
verbal,in words,V1,"Verbally-defined state; depends on language/symbols (""in words"" requires linguistic system).",T6,8,8,0.76
chance,accidental,V1,"Abstract state requiring language to define lack of intent; core test: depends on verbal categories, not direct perception.",T6,8,8,0.76
complex,not simple,V1,Abstract state/concept depending on language and conceptual categories; would not exist without symbolic systems (V1 core test).,T6,8,8,0.76
ideal,a perfect model,V1,"Abstract concept/state depending on language and convention, not direct perception (V1 core test).",T6,8,8,0.76
naturalist,a person who studies natural science,V1,"Role depending on language, convention, and institutional knowledge (studies natural science).",T6,8,8,0.76
racism,a form of discrimination,V1,"Abstract concept/state depending on language, social agreement, and institutions (V1 core test).",T6,8,8,0.76
rival,a competitor,V1,Role defined by social agreement and competition context; requires language/convention (V1 core test).,T6,8,8,0.76
short-handed,lacking enough workers to do a job,V1,"Abstract state depending on social/institutional concepts (workers, job); core test: requires language and convention.",T6,8,8,0.76
unlimited,without restriction,V1,"Abstract state depending on language/conceptual categories; core test: requires symbolic understanding of ""restriction.""",T6,8,8,0.76
version,a translation,V1,"Verbally defined entity; depends on language and convention, not direct perception.",T6,8,8,0.76
version,an account told from a particular point of view,V1,Concept depends on language and symbolic narrative; core test: would not exist without language/symbols.,T6,6,8,0.76
executioner,one who kills,V1,"Role that depends on institutional/legal context and social agreement, per V1 core test.",T6,8,8,0.77
station,a place of duty,V1,Defined by social/institutional roles and duties; depends on convention and agreement (V1 core test).,T6,8,8,0.77
premier,the head of a government,V1,"Institutionally defined role; depends on language, law, and social agreement.",T6,8,8,0.77
plot,a secret plan,V1,Abstract concept/state depending on language and social agreement; core V1 test: does not exist without symbols/convention.,T6,6,8,0.77
tariff,a tax on imports and exports,V1,"Institutionally defined entity depending on law, convention, and social agreement.",T6,8,8,0.77
deep,hard to understand,V1,"Abstract state depending on language and cognition; core test: requires symbolic systems, not direct perception.",T6,8,8,0.77
illustrious,outstanding,V1,Abstract evaluative state depending on language and social agreement (V1 core test).,T6,8,8,0.77
premiere,a first public performance,V1,"Event defined by social/institutional convention; requires language and agreement to identify as ""first public performance"".",T6,8,8,0.77
quality,a special characteristic,V1,Abstract concept/state depending on language/categories; V1 core test.,T6,6,8,0.77
reformation,a change for the better,V1,"Abstract concept/state depending on verbal evaluation; core test: requires language for ""better"" judgment.",T6,8,8,0.77
telltale,revealing what was not intended to be known,V1,"Concept/state relies on abstract notions of intention/knowledge, requiring language/social agreement (V1 core test).",T6,8,8,0.77
thriftless,wasteful,V1,Abstract evaluative state depending on language and social conventions of value/efficiency.,T6,8,8,0.77
supervision,management,V1,Verbally/institutionally defined entity/role; depends on social agreement and cannot exist without language/institutions.,T6,8,8,0.78
chair,an official position,V1,Institutionally defined role; depends on social agreement and convention (V1 core test).,T6,8,8,0.78
clean,legally innocent,V1,"Abstract legal state depending on law, institutions, and social agreement.",T6,2,8,0.78
climax,the high point of something,V1,"Abstract concept/state depending on language and conceptual structure, not direct perception.",T6,8,8,0.78
flash,a sudden idea,V1,Abstract concept/state depending on language; core test: would not exist without symbolic systems.,T6,8,8,0.78
newsletter,an informal report,V1,Concept depends on language and social convention for recognition as a type of informational publication.,T6,8,8,0.78
outlook,a view of the future,V1,"Abstract concept/state depending on language; core V1 test: requires symbolic categories, not direct perception.",T6,8,8,0.78
proclamation,an official announcement,V1,"Institutionally defined entity; depends on language, convention, and social agreement (V1 core test).",T6,8,8,0.78
sane,mentally competent,V1,"Verbally/institutionally defined state; depends on language, psychological conventions, and social agreement (V1 core test).",T6,8,8,0.78
sane,sensible,V1,Abstract state depending on language and social agreement for definition (V1 core test).,T6,8,8,0.78
supposedly,believed to be true,V1,"Verbally-defined state/concept of belief; depends on language, not direct perception (V1 core test).",T6,8,8,0.79
petition,a formal request,V1,Verbally/institutionally defined entity; requires language and social convention (V1 core test).,T6,10,8,0.79
conflict,a lack of agreement,V1,Abstract state depending on language and social agreement (V1 core test).,T6,8,8,0.79
decimal,a number based on a multiple of ten,V1,Verbally-defined numerical concept/unit depending on symbolic/mathematical convention (V1 core test).,T6,6,8,0.79
efficient,very able,V1,Abstract state/quality depending on language and conceptual evaluation; core test: not directly perceptible without symbolic categories.,T6,8,8,0.79
excess,too big a supply of something,V1,Abstract state depending on language for relational judgment of quantity vs. need (V1 core test).,T6,8,8,0.79
officially,with authority,V1,Verbally/institutionally defined manner; requires social agreement on authority.,T6,8,8,0.79
paramount,supreme,V1,Abstract state of highest rank/importance; depends on social agreement/convention (V1 core test).,T6,8,8,0.79
rusty,out of practice,V1,Abstract state depending on language and concepts of skill/practice; not directly perceptible.,T6,8,8,0.79
word,information,V1,Abstract concept depending on language/symbols; V1 core test.,T6,8,8,0.79
invalid,of no value,V1,Abstract state depending on language/convention; core test: does not exist without social agreement.,T6,8,8,0.79
affair,a brief romance,V1,Concept/state depending on social agreement and language; not directly perceptible without cultural conventions.,T6,8,8,0.8
emigrant,a person who leaves one’s own country to live elsewhere,V1,"Verbally/institutionally defined role; requires social agreement on countries, borders, nationality.",T6,8,8,0.8
lack,to be without,V1,"Abstract state of absence/deficiency; depends on language/conceptual categories, not direct perception.",T6,8,8,0.8
outline,a plan,V1,Abstract concept/state depending on language and social agreement (V1 core test).,T6,8,8,0.8
pass,a permit,V1,"Verbally/institutionally defined entity; depends on social agreement, law, or formal categories (V1 core test).",T6,8,8,0.8
category,a broad division within a system of classification,V1,Abstract concept/state depending on language and conventional systems; fails P1 core test (not directly perceptible).,T6,8,8,0.8
category,a class of objects,V1,Abstract concept/state depending on language and symbolic categorization; V1 core test.,T6,8,8,0.8
overproduction,more than needed,V1,Abstract state; depends on language-defined concepts of 'need' and excess (V1 core test: requires social/conceptual agreement).,T6,8,8,0.8
preference,first choice,V1,Abstract state/concept depending on language and social agreement; core test: requires symbolic evaluation of choices.,T6,8,8,0.8
republic,representative government,V1,"Institutionally defined entity; depends on social agreement, law, and convention (V1 core test).",T6,8,8,0.8
walkover,an easy victory,V1,Concept/state depending on social agreement and rules of competition; would not exist without language/institutions.,T6,8,8,0.8
mite,a small amount,V1,"Abstract quantity concept depending on language/categories, not direct perception.",T6,8,8,0.81
majestic,impressive,V1,Abstract evaluative quality depending on language and cultural convention; not directly perceptible without symbolic categories.,T6,8,8,0.81
matchless,unequaled,V1,Abstract state depending on language and conceptual comparison; core V1 test: requires verbal/symbolic understanding of equality.,T6,8,8,0.81
Celsius,name of the centigrade scale measuring temperature,V1,"Unit defined by language, convention, and measurement system; V1 core test.",T6,8,8,0.81
consequence,a result,V1,"Abstract relational concept; cannot be understood by direct perception alone, depends on language.",T6,8,8,0.81
economic,concerning the use of resources,V1,Verbally/institutionally defined concept; depends on social agreement and abstract categories of resource use.,T6,8,8,0.81
general,usual,V1,"Abstract state/concept depending on language and social convention for ""typicality""; not directly perceptible.",T6,2,8,0.81
misdeed,a wrongful act,V1,Depends on social/moral/legal conventions; not directly perceptible without rules.,T6,8,8,0.81
modesty,a sense of what is decent or proper,V1,Abstract state depending on social convention/language; V1 core test.,T6,8,8,0.81
modesty,the quality of being humble,V1,Abstract state depending on social agreement and language; would not exist without cultural norms.,T6,8,8,0.81
presentation,a formal introduction,V1,"Verbally/institutionally defined entity; depends on social convention/language, not direct perception (V1 core test).",T6,8,8,0.81
psalm,a sacred song,V1,Verbally/institutionally defined entity; depends on religious conventions and language.,T6,8,8,0.81
reservoir,a supply,V1,"Concept of stock/availability depends on language and abstract categories, not direct perception (V1 core test).",T6,8,8,0.81
state,government,V1,Institutionally defined entity; depends on social agreement and conventions (V1 core test).,T6,8,8,0.81
ruthless,without mercy,V1,Abstract state/concept depending on language and social/moral agreement (V1 core test).,T6,8,8,0.82
pesky,troublesome,V1,Abstract evaluative state depending on language and social concepts; not directly perceptible physical quality (P4 test).,T6,8,8,0.82
terrorism,use of violence to force people to submit,V1,"Verbally/institutionally defined concept; requires language, social agreement, and understanding of political/legal coercion.",T6,8,8,0.82
biology,the science of living things,V1,Verbally/institutionally defined entity; science as a formal category depends on language and convention.,T6,8,8,0.82
elegant,showing refined beauty,V1,"Adjective state depending on cultural/aesthetic convention, not direct perception alone (V1 core test).",T6,8,8,0.82
extent,"space, amount, or limit to which something reaches",V1,Abstract concept of degree/limit depending on language and conceptual categories; V1 core test.,T6,8,8,0.82
stage,a step in a project,V1,"Abstract concept/step defined by language and convention; core test: depends on verbal categorization, not direct perception.",T6,8,8,0.82
dorm,a college residence,V1,Verbally/institutionally defined entity; depends on 'college' as an institution.,T6,8,8,0.83
manual,a book of instruction,V1,"Verbally/institutionally defined entity; concept depends on language and convention for ""instructions"".",T6,8,8,0.83
presently,soon,V1,"Verbally-defined time concept; depends on language, not direct perception (V1 core test).",T6,8,8,0.83
equivalent,something that means the same,V1,Abstract concept of sameness in meaning depends on language/symbols; fails P1 core test (not directly perceptible).,T6,8,8,0.83
offense,an insult,V1,"Entities existing mainly because of language, social agreement, or convention; not directly perceptible without symbolic systems.",T6,10,8,0.83
policy,a established plan for doing something,V1,"Entities existing mainly because of language, social agreement, or institutions; depends on convention, not direct perception.",T6,6,8,0.83
practiced,skilled,V1,Abstract state depending on language/convention; not directly perceptible without social agreement on proficiency.,T6,8,8,0.83
symbolic,standing for something else,V1,Concept depends on language/symbolic convention; core test: does not exist without symbols/language.,T6,8,8,0.83
base,headquarters,V1,Verbally/institutionally defined entity; core test: depends on social agreement/institutions.,T6,8,8,0.84
reformatory,a prison for youth,V1,Institutionally defined entity; depends on law and social agreement (V1 core test).,T6,8,8,0.84
wanting,lacking,V1,Abstract state that cannot be understood by direct perception alone; depends on verbal comparison or conceptual categories (V1 core test).,T6,8,8,0.84
measure,a basis for judgment,V1,Verbally/institutionally defined abstract concept; depends on language and social agreement (V1 core test).,T6,8,8,0.84
resource,a stock or supply of something,V1,"Concept of useful stock/supply depends on language, abstract categories, and social agreement (V1 core test).",T6,8,8,0.84
seasonal,happening at a certain time of the year,V1,"Verbally/institutionally defined; depends on time systems (seasons/year) and social/conceptual agreement, like 'annual'.",T6,8,8,0.84
sum,an amount of money,V1,"Verbally/institutionally defined entity (monetary unit/quantity); requires social agreement and symbols, per V1 core test.",T6,8,8,0.84
nucleus,the positively charged central part of an atom,V1,Scientific entity requiring formal knowledge/language; not recognizable without symbolic systems (V1 core test).,T6,8,8,0.85
close,fairly accurate,V1,"Abstract state of approximation; requires verbal/conceptual standards, not direct perception.",T6,2,8,0.85
stardom,the state of being a star performer,V1,"State depending on social agreement, institutions, and cultural conventions (V1 core test).",T6,8,8,0.85
memo,an informal written note,V1,Verbally-defined entity requiring language/symbols (writing) and convention; not directly perceptible without symbolic systems.,T6,8,8,0.86
ordinance,rule or law,V1,"Verbally/institutionally defined entity; depends on language, convention, law, or social agreement.",T6,8,8,0.86
option,choice,V1,Abstract concept/state depending on language; core test: would not exist without verbal/symbolic categories.,T6,8,8,0.87
style,a manner of writing,V1,Concept depends on language and convention; not directly perceptible without symbolic systems.,T6,8,8,0.87
probability,likely to happen,V1,Abstract state/concept depending on language; core test: not directly perceptible without verbal/conceptual categories.,T6,8,8,0.87
vital,very important,V1,Abstract state depending on language and social agreement (V1 core test).,T6,8,8,0.87
regiment,an army unit,V1,"Institutionally defined unit; depends on military organization, rules, and social agreement (V1 core test).",T6,8,8,0.88
position,social standing,V1,"Social standing depends on language, social agreement, and institutions (V1 core test).",T6,8,8,0.88
occurrence,a happening,V1,Verbally defined abstract entity/concept; depends on language to categorize general events (V1 core test).,T6,8,8,0.89
superb,very fine; excellent,V1,Abstract evaluative quality depending on language and convention; not directly perceptible physical property (P4 core test).,T6,8,8,0.89
terms,conditions for agreement,V1,Verbally/institutionally defined entity; depends on language and social agreement (V1 core test).,T6,8,8,0.9
physics,a science subject,V1,"Verbally/institutionally defined concept; depends on language, formal categories, and academic institutions.",T6,8,8,0.91
put-on,pretended,V1,"Verbally defined state; depends on language and abstract concept of simulation, not direct perception.",T6,8,8,0.91
arable,land that can be farmed,V1,"Concept depends on language and cultural/agricultural convention (""can be farmed""); not directly perceptible without symbolic understanding of farming.",D,10,10,0.67
glaucoma,a serious eye disease,V1,"Verbally/institutionally defined entity; medical disease concept requires formal knowledge, not direct perception.",D,10,10,0.67
intramural,within a school,V1,Verbally/institutionally defined; relies on social institution of 'school'.,D,10,10,0.67
vain,conceited,V1,Abstract state depending on language and social agreement; not available without symbolic/cultural concepts.,D,10,10,0.67
intern,a student doctor,V1,Institutionally defined role (student doctor); requires social/educational conventions.,D,10,10,0.67
blend,a word made of parts of others,V1,Verbally-defined linguistic concept; depends on language conventions (V1 core test).,D,10,10,0.67
certitude,sureness; certainty,V1,"Abstract state depending on language and conceptual categories; core V1 test: requires verbal definition, not direct perception.",D,10,10,0.67
fiscal,"of, or relating to, financial matters",V1,Verbally/institutionally defined; depends on financial institutions and social agreement (V1 core test).,D,10,10,0.67
highbrow,an intellectual,V1,Verbally/institutionally defined role; depends on language and social agreement (V1 core test).,D,10,10,0.67
literate,able to read and write,V1,"State defined by linguistic/symbolic abilities; requires language and education, per V1 core test.",D,10,10,0.67
obstinate,stubborn,V1,"Abstract behavioral state/trait depending on language and social convention; core test: requires symbolic understanding of persistence and persuasion, not direct perception.",D,10,10,0.67
sheik,the leader of an Arabic clan or tribe,V1,Verbally/institutionally defined role; depends on social agreement and cultural convention.,D,10,10,0.67
tentative,not firmly decided; not definite or final,V1,"Abstract state depending on language and conceptual categories of decision-making; core V1 test: requires symbolic agreement, not direct perception.",D,10,10,0.67
tongue,a language,V1,Verbally/institutionally defined entity; depends on language/symbols/social agreement (V1 core test).,D,10,10,0.67
intensive,thorough,V1,Abstract quality/state depending on language and conceptual categories; not directly perceptible (V1 core test).,D,10,10,0.67
pica,"size of type, providing ten characters to an inch",V1,Verbally/institutionally defined unit; depends on measurement convention and symbols.,D,10,10,0.67
coronary,a heart attack,V1,"Verbally/institutionally defined entity; medical event concept depends on language and medical conventions, not direct perception.",D,10,10,0.68
escapade,a wild adventure,V1,"Verbally defined entity/concept; cannot be recognized by direct perception alone, depends on language for categorization.",D,10,10,0.68
grind,hard work,V1,"Abstract state/concept depending on language and social agreement to define ""hard work"" as a category; core test: not recognizable without verbal conventions.",D,10,10,0.68
affix,a prefix or a suffix,V1,"Verbally/institutionally defined entity; linguistic concept depending on language/symbols, not direct perception.",D,10,10,0.68
nil,nothing,V1,Abstract concept of absence/non-existence; requires language/symbolic systems (V1 core test).,D,10,10,0.68
intimate,closely or personally associated,V1,Verbally/institutionally defined relational state depending on social agreement and language.,D,10,10,0.68
magistrate,a judge having limited power,V1,Institutionally defined role; depends on law and social agreement (V1 core test).,D,10,10,0.68
larceny,stealing,V1,"Verbally/institutionally defined entity (legal crime); depends on law, property conventions, and social agreement.",D,10,10,0.68
partition,a division,V1,Abstract concept/state depending on language; core test: would not exist without verbal categories.,D,10,10,0.68
understudy,a possible substitute,V1,Institutionally defined role; depends on social agreement and performative institutions (V1 core test).,D,10,10,0.68
anthology,collection of writing by different authors in a single book,V1,"Verbally-defined entity; depends on language, symbols (writing), and social concepts (authors, collection). Core V1 test: requires cultural agreement.",D,10,10,0.68
ditty,a short poem in song,V1,Verbally/institutionally defined entity; depends on language and symbolic systems for recognition.,D,10,10,0.68
grace,divine favor,V1,"Abstract religious state depending on language, belief systems, and institutions; core V1 test: does not exist without symbolic/cultural agreement.",D,10,10,0.68
highbrow,of high culture,V1,"Concept of ""high culture"" depends on language, social agreement, and cultural conventions; core V1 test.",D,10,10,0.68
imperial,of or related to an empire,V1,"Verbally/institutionally defined; depends on social/political convention of ""empire"".",D,10,10,0.68
Lepidoptera,a group of insects including moths and butterflies,V1,"Verbally/institutionally defined entity; taxonomic category requiring scientific convention and language, not direct perception alone.",D,10,10,0.68
superfluous,more than needed; unnecessary,V1,"Abstract state depending on conceptual understanding of ""need""; core test: requires language/convention.",D,10,10,0.68
telepathy,the apparent thought transfer from one mind to another,V1,"Verbally/institutionally defined concept; depends on abstract categories of mind/thought, not direct perception.",D,10,10,0.68
wiseacre,a know-it-all,V1,Verbally-defined social role/personality type; depends on language and cultural agreement (V1 core test).,D,10,10,0.68
pious,religious,V1,"Verbally/institutionally defined state/role; depends on social agreement and religious conventions, not direct perception.",D,10,10,0.68
odometer,a device for measuring distance traveled in miles,V1,Defined by measurement in formal unit 'miles'; requires symbolic system per V1 core test.,D,10,10,0.69
attribute,a personal quality,V1,Abstract personal quality/concept depending on language and social agreement (V1 core test).,D,10,10,0.69
carpetbagger,a Northerner in the South seeking power after the Civil War,V1,"Verbally/institutionally defined role; depends on historical context, language, and social agreement (V1 core test).",D,10,10,0.69
chemist,one who works with and prepares chemical mixtures,V1,Role requiring verbal/institutional knowledge of chemistry; not recognizable by direct perception alone (V1 core test).,D,6,10,0.69
pauper,a poor person,V1,"Verbally/institutionally defined role/state; depends on social agreement about wealth/poverty, not direct perception.",D,10,10,0.69
homonym,a word with the same sound but different meaning than another word,V1,"Linguistic concept depending on language, symbols, and convention (V1 core test).",D,10,10,0.69
pi,the sixteenth letter of the Greek alphabet,V1,Verbally/institutionally defined entity; depends on language conventions and symbolic system.,D,10,10,0.69
default,a failure to do something required by duty or law,V1,State defined by duty/law; depends on institutions and social agreement (V1 core test).,D,10,10,0.69
shower,a large supply,V1,"Verbally defined entity/concept; ""large supply"" cannot be recognized by direct perception alone, depends on linguistic convention.",D,10,10,0.69
tetrameter,a rhythmic pattern of four feet in a line of poetry,V1,"Verbally-defined concept depending on language, poetic conventions, and symbolic metrical rules (V1 core test).",D,10,10,0.69
thesis,a long essay,V1,"Depends on language, convention, and academic institutions; not directly perceptible without symbolic systems.",D,10,10,0.69
up,well-informed,V1,"State depending on language, knowledge, and social agreement; fails P core tests, meets V1 core test.",D,10,10,0.69
corrupt,morally degenerate; bad,V1,"Abstract moral state depending on social agreement and language, not direct perception (V1 core test).",D,10,10,0.69
irony,an opposite meaning to the one stated,V1,Verbally-defined linguistic/rhetorical concept; depends on language and symbolic interpretation (V1 core test).,D,10,10,0.69
iodide,a chemical compound of iodine and another element,V1,Concept depends on chemical nomenclature and scientific conventions; not directly perceptible without formal knowledge (V1 core test).,D,10,10,0.7
taps,a bugle call that signals lights out in an army base or camp,V1,Institutionally defined entity; depends on military convention and social agreement (V1 core test).,D,10,10,0.7
craze,a passing interest,V1,"Abstract social concept/state depending on language and convention; core V1 test: requires symbolic categories, not direct perception.",D,10,10,0.7
bobby,a British police officer,V1,"Institutionally defined role; depends on law, institutions, and social agreement (V1 core test).",D,10,10,0.7
emcee,a master of ceremonies,V1,Role defined by social/institutional convention; requires cultural agreement (V1 core test).,D,10,10,0.7
inkling,a hint,V1,Abstract concept/state depending on language; not directly perceptible (V1 core test).,D,10,10,0.7
under,during the rule of,V1,"Verbally/institutionally defined relational concept; depends on social agreement about ""rule"" (law/institutions).",D,10,10,0.7
bibliography,a list of books on a particular subject or person,V1,"Verbally defined entity; depends on language, symbols, and academic convention (V1 core test).",D,10,10,0.7
quota,an amount of something due or required,V1,"Verbally/institutionally defined entity; depends on social agreement/rules, not direct perception.",D,10,10,0.7
rigmarole,nonsense; foolish talk,V1,"Verbally defined abstract concept of speech type; depends on language, not direct perception.",D,10,10,0.7
subject,liable,V1,Abstract state depending on legal institutions and social agreement (V1 core test).,D,6,10,0.7
upstanding,honorable; respectable,V1,"Verbally/institutionally defined abstract state; core test: depends on social agreement/language, not direct perception.",D,10,10,0.7
intelligence,getting and using secret information,V1,"Concept depends on language, symbols, secrecy conventions, and institutions; would not exist without social agreement.",D,10,10,0.7
calaboose,jail,V1,Institutionally defined entity depending on law and social agreement.,D,10,10,0.71
PX,a store on a military base,V1,Institutionally defined entity/role; depends on military institutions and conventions.,D,10,10,0.71
knack,a special skill,V1,Abstract concept/state depending on language and social agreement; core V1 test.,D,10,10,0.71
amity,friendship,V1,Abstract social state depending on language and social agreement (V1 core test).,D,10,10,0.71
beau,a boyfriend,V1,Social role depending on language and social agreement (V1 core test).,D,10,10,0.71
C.O.D.,Collect on Delivery; paid for when delivered,V1,Verbally/institutionally defined concept; depends on commercial conventions and social agreement (V1 core test).,D,10,10,0.71
excise,"an indirect tax on the manufacture, sale, or use of some things",V1,"Verbally/institutionally defined entity; depends on law, convention, and social agreement (V1 core test).",D,10,10,0.71
mitosis,a method of cell division,V1,"Verbally-defined biological concept/process; requires scientific knowledge, not direct perception (V1 core test).",D,10,10,0.71
octameter,a line of poetry with eight accented syllables,V1,Verbally/institutionally defined entity; depends on linguistic rules and conventions for syllables/accents.,D,10,10,0.71
raw,inexperienced,V1,Abstract state depending on language and social concepts of experience (V1 core test).,D,2,10,0.71
celestial,heavenly,V1,"Abstract quality depending on language/cultural concepts of ""heaven""; not directly perceptible.",D,10,10,0.71
concession,the right to conduct business,V1,Verbally/institutionally defined entity; depends on legal/social agreement (V1 core test).,D,10,10,0.71
concrete,real,V1,"Concept of ""real"" (vs. abstract/imaginary) depends on language and abstract categories; V1 core test.",D,4,10,0.71
misdemeanor,a crime less serious than a felony,V1,Institutionally defined legal concept; depends on law and social agreement (V1 core test).,D,10,10,0.71
obsolete,out of date,V1,"State depending on language, conventions, and social agreement on currency; core V1 test.",D,10,10,0.71
open,without police interference,V1,"State depending on institutional/law enforcement concept (police); requires social agreement on ""police interference"".",D,10,10,0.71
pedestal,a figurative position of admiration,V1,Abstract figurative state depending on language and social agreement (V1 core test).,D,10,10,0.71
synopsis,a brief summary or outline,V1,"Verbally defined abstract concept; depends on language, no direct perception (V1 core test).",D,10,10,0.71
theory,"principles, not practice",V1,Abstract concept depending on language and convention; V1 core test.,D,10,10,0.71
scaffold,a structure for hanging criminals,V1,Defined by institutional practice (hanging criminals); requires law/social agreement. V1 core test.,D,10,10,0.72
phosphate,a salt of phosphoric acid used in making fertilizer,V1,Verbally/institutionally defined entity depending on chemical/scientific categories; not directly perceptible without formal knowledge.,D,12,10,0.72
advent,a coming into being or use,V1,"Abstract event/concept requiring verbal definition; core test: depends on language, not direct perception.",D,10,10,0.72
narrow,lacking a broad view,V1,Abstract state depending on language/concepts; not directly perceptible.,D,10,10,0.72
omen,a sign that is supposed to foretell a future happening,V1,"Concept depends on language, symbols, and social agreement; core V1 test.",D,10,10,0.72
shrewd,clever,V1,Abstract mental state/concept requiring language and conceptual categories; not directly perceptible.,D,10,10,0.72
bebop,a style of jazz music,V1,"Verbally/institutionally defined entity; style as abstract category depends on cultural convention/language, not direct perception.",D,10,10,0.73
cardiovascular,related to the heart and blood vessels,V1,"Verbally/institutionally defined concept; requires anatomical/medical knowledge, not direct perception.",D,10,10,0.73
stenographer,a person skilled in shorthand,V1,"Role depending on language, symbols, and learned convention (shorthand); not directly perceptible.",D,10,10,0.73
osmosis,liquid moving through a membrane to mix with another,V1,Verbally/scientifically defined process; not directly recognizable through ordinary perception without formal knowledge.,D,10,10,0.73
perennial,continuing to live from year to year,V1,"State defined relative to formal time units (year), requiring verbal/conceptual categories.",D,10,10,0.73
clergy,persons ordained to religious service,V1,Institutionally defined role; depends on religious ordination and social convention (V1 core test).,D,10,10,0.73
herald,person or thing that makes announcements; messenger,V1,"Role/person defined by social agreement and language, not direct perception.",D,10,10,0.73
civic,of a city,V1,"Concept depends on social/institutional definition of ""city""; not directly perceptible without language/convention.",D,10,10,0.73
commune,a cooperative living unit,V1,"Verbally/institutionally defined entity; depends on social agreement and convention, not direct perception.",D,10,10,0.73
cynic,one who thinks all actions are selfish,V1,Verbally-defined role/concept; requires language and abstract categories (V1 core test).,D,10,10,0.73
decigram,a unit of mass or weight in the metric system,V1,Verbally/institutionally defined unit; requires formal measurement system and conventions.,D,10,10,0.73
hogwash,worthless or nonsensical talk,V1,"Concept depends on language and social agreement to define ""nonsensical talk""; core V1 test.",D,10,10,0.73
material,important,V1,Abstract state/concept depending on language and social agreement; core V1 test: does not exist without symbolic systems.,D,2,10,0.73
melodrama,a play with exaggerated emotional content,V1,Verbally/institutionally defined entity; genre concept depends on language and cultural convention (V1 core test).,D,10,10,0.73
parity,equality,V1,Abstract concept/state depending on language/convention; core V1 test.,D,10,10,0.73
posterity,future generations,V1,Abstract concept of future generations depending on language and social agreement; core test: would not exist without symbolic systems.,D,10,10,0.73
rajah,a ruler or prince in India,V1,Verbally/institutionally defined role; depends on social agreement and cultural institutions.,D,10,10,0.73
sonnet,a poem that has fourteen lines and a specific rhyme pattern,V1,"Verbally/institutionally defined entity; depends on language, literary conventions, and formal rules (14 lines, rhyme pattern).",D,10,10,0.73
taboo,forbidden,V1,Verbally/institutionally defined state; depends on social agreement or rules (V1 core test).,D,10,10,0.73
howl,something laughable,V1,Abstract evaluative entity/concept depending on language and social convention for humor; core test: not directly perceptible without symbolic understanding.,D,10,10,0.73
onset,the beginning; start,V1,Abstract concept/state that depends on language; core V1 test: not understandable by direct perception alone.,D,10,10,0.74
subjunctive,a form of a verb,V1,Verbally defined grammatical concept; depends on language conventions.,D,10,10,0.74
lark,something done for fun or adventure,V1,"Concept depends on language/social agreement to define as ""fun or adventure"" activity; not directly perceptual.",D,4,10,0.74
art,skill,V1,"Abstract concept/state depending on language and convention, not direct perception.",D,10,10,0.74
amends,payment for loss,V1,"Verbally/institutionally defined entity; depends on social agreement, law (payment as compensation).",D,10,10,0.74
amiss,wrong,V1,"Abstract evaluative state depending on language/convention; core test: requires symbolic rules/categories, not direct perception.",D,10,10,0.74
bug,a defect,V1,"Verbally/institutionally defined entity/concept; depends on language and convention, not direct perception.",D,10,10,0.74
haiku,an unrhymed Japanese poem form,V1,"Verbally/institutionally defined entity; depends on language, cultural convention, and formal poetic rules.",D,10,10,0.74
limelight,center of interest; prominent public position,V1,Abstract social state/role depending on language and social agreement (V1 core test).,D,10,10,0.74
lore,traditions and legends,V1,"Entities existing mainly because of language, social agreement, and cultural transmission.",D,10,10,0.74
precinct,district,V1,"Verbally/institutionally defined entity; depends on social agreement, law, or formal boundaries.",D,10,10,0.74
retail,a price above wholesale,V1,Defined by commercial institutions and social agreement; not perceptible without economic conventions.,D,10,10,0.74
sterile,unproductive,V1,Abstract state depending on language and conceptual categories of productivity; not directly perceptible.,D,6,10,0.74
triennial,done or taking place every third year,V1,"Verbally-defined time system (every third year); depends on calendar units and convention, like ""annual"" (V1 example).",D,10,10,0.74
inventory,a listing of property,V1,"Entities existing mainly because of language, symbols, or social agreement; depends on convention to understand as a ""listing.""",D,10,10,0.74
gallows,a device for hanging criminals,V1,"Verbally/institutionally defined entity; concept depends on law, criminals, and social agreement for execution.",D,10,10,0.75
proton,a part of an atom,V1,Not directly perceptible; depends on scientific language and abstract categories (V1 core test).,D,10,10,0.75
refrain,a repeated chorus after each verse of a song,V1,Concept depends on musical conventions and song structure rules; not directly perceptible without cultural agreement.,D,10,10,0.75
revue,a show with a variety of acts,V1,Verbally/institutionally defined entity; depends on cultural convention and language.,D,10,10,0.75
nominative,"the case in grammar that included the pronouns I, we, they, who",V1,Verbally/institutionally defined grammatical concept; requires language and linguistic rules (V1 core test).,D,10,10,0.75
kleptomania,a mental disorder producing the strong urge to steal,V1,Verbally/institutionally defined abstract state; requires medical/psychiatric classification and language.,D,10,10,0.75
ninny,a foolish person,V1,"Verbally-defined entity/role; ""foolish"" is an abstract category requiring language, not direct perception.",D,10,10,0.75
ghetto,a section of a city where a minority group lives,V1,"Verbally/institutionally defined entity; depends on social agreement, minority group categories, and urban convention.",D,10,10,0.75
heptagon,a seven-sided figure,V1,"Verbally/institutionally defined entity; requires language, numerical convention, and geometric rules to recognize as a distinct category.",D,10,10,0.75
aristocracy,the highest class of a monarchy determined by birth,V1,"Verbally/institutionally defined entity/role; depends on social agreement, birth convention, and monarchy institution (V1 core test).",D,10,10,0.75
level,a grade,V1,Verbally/institutionally defined entity/unit; requires social agreement or formal categories (V1 core test).,D,10,10,0.75
mandatory,compulsory,V1,"Abstract state depending on rules, law, or social agreement (V1 core test).",D,10,10,0.75
splurge,a wild spending spree,V1,"Concept depends on language, social convention, and economic institutions (currency, spending); not recognizable without symbolic systems.",D,10,10,0.75
instance,a stage in an action,V1,Verbally-defined concept; depends on language to categorize parts of actions.,D,10,10,0.75
vain,useless,V1,Abstract state not understandable by direct perception; depends on language and conceptual evaluation of purpose/utility.,D,10,10,0.75
centavo,a unit of coins used in certain Latin American countries,V1,Verbally/institutionally defined unit (currency); depends on social agreement and formal systems.,D,10,10,0.76
hemoglobin,iron-bearing protein matter in red blood cells,V1,"Verbally/institutionally defined entity; requires scientific/biological knowledge, not directly perceptible without formal categories.",D,10,10,0.76
toga,outer garment worn in public by Roman citizens,V1,Verbally/institutionally defined entity depending on cultural convention and Roman citizenship rules.,D,10,10,0.76
ion,a charged atom or group of atoms,V1,"Concept depends on scientific language, atomic theory, and abstract categories; not directly recognizable through ordinary perception (V1 core test).",D,10,10,0.76
back,overdue,V1,"Abstract state depending on language, time conventions, and social agreements (V1 core test).",D,2,10,0.76
rogue,a rascal,V1,"Role/type defined by verbal/social convention; core test: depends on language, not direct perception.",D,10,10,0.76
recession,a period of decline in business activity,V1,"Verbally/institutionally defined economic state; requires language, conventions, and measurement systems (V1 core test).",D,10,10,0.76
usage,a customary way in which language is used,V1,Verbally-defined concept depending on language conventions and social agreement; V1 core test.,D,8,10,0.76
applicable,suitable; relevant,V1,"Abstract state/concept depending on language, context, or social agreement (V1 core test).",D,10,10,0.76
clan,families claiming descent from the same ancestor,V1,"Social group defined by claimed descent; depends on language, convention, social agreement (V1 core test).",D,10,10,0.76
diversity,variety,V1,Abstract concept/state depending on language; core V1 test: requires verbal categorization beyond direct perception.,D,10,10,0.76
hypotenuse,the side of a right angle opposite the right angle,V1,Verbally/institutionally defined geometric entity; requires formal mathematical concepts and rules (V1 core test).,D,10,10,0.76
order,rank,V1,"Verbally/institutionally defined entity; depends on social agreement/hierarchy, not direct perception.",D,10,10,0.76
par,accepted standard; a normal condition,V1,Verbally/institutionally defined state; depends on social agreement/convention (V1 core test).,D,8,10,0.76
par,equality; a common level,V1,Abstract concept/state of equality; depends on language and convention (V1 core test).,D,8,10,0.76
punctual,on time,V1,Verbally/institutionally defined state depending on time conventions and social agreement.,D,10,10,0.76
radius,half the diameter of a circle,V1,Verbally/institutionally defined geometric concept/unit; requires formal mathematical rules.,D,10,10,0.76
tact,a keen sense of what to do or say to get along with others,V1,"Abstract social state depending on language, conventions, and social agreement; core V1 test.",D,10,10,0.76
titan,one of a family of giants in Greek mythology,V1,Verbally defined entity from mythology; requires language and cultural knowledge (V1 core test).,D,10,10,0.76
tithe,one-tenth of an income pledged to be paid,V1,Institutionally/religiously defined entity/unit depending on social convention and language.,D,13,10,0.76
invoice,a list of goods and their costs sent to a buyer,V1,"Depends on language, commercial conventions, institutions (buying/selling), and units (costs/money).",D,10,10,0.76
sanatorium,a health resort,V1,Verbally/institutionally defined entity; depends on social agreement and health institutions (V1 core test).,D,10,10,0.77
plight,a bad condition or situation,V1,"Abstract state depending on language/conceptual categories; core V1 test: requires verbal definition, not direct perception.",D,10,10,0.77
aerodynamics,the science of forces acting on bodies in motion in the air,V1,Verbally/institutionally defined concept; depends on language and formal scientific categories.,D,10,10,0.77
arson,the crime of deliberately setting a destructive fire,V1,Verbally/institutionally defined entity; crime depends on legal conventions and social agreement.,D,10,10,0.77
canny,shrewd,V1,Abstract state/concept depending on language and social agreement (V1 core test).,D,10,10,0.77
lavish,giving or spending wasteful amounts of money,V1,"Concept of ""wasteful amounts of money"" depends on social/economic conventions and value systems.",D,10,10,0.77
ordeal,a severe trial or experience,V1,"Abstract concept/state defined verbally; requires language for categorization, not direct perception.",D,10,10,0.77
seat,membership,V1,Verbally/institutionally defined entity/role; depends on social agreement (V1 core test).,D,10,10,0.77
stick-in-the-mud,an old-fashioned unprogressive person,V1,"Verbally-defined social role/concept; requires language and cultural agreement, not direct perception (V1 core test).",D,10,10,0.77
cardiac,having to do with the heart,V1,Adjective state depending on verbally-defined anatomical category (heart); not directly perceptible without language.,D,10,10,0.78
electrode,a part of an electric circuit,V1,"Verbally-defined entity; recognition as ""part of an electric circuit"" requires scientific concepts and language, not direct perception.",D,10,10,0.78
gene,a small section of a chromosome,V1,"Scientific concept/entity requiring language, biology knowledge, and formal categorization; not directly perceptible (V1 core test).",D,10,10,0.78
hepatitis,an inflammation of the liver,V1,Verbally/institutionally defined medical state; requires formal diagnosis beyond direct perception.,D,10,10,0.78
registry,a place where records are kept,V1,Verbally/institutionally defined entity; depends on social agreement and symbolic record-keeping systems.,D,10,10,0.78
scurvy,a disease caused by a lack of vitamin C,V1,Verbally/institutionally defined entity; requires scientific knowledge of vitamins and medical categories.,D,10,10,0.78
vacuole,a small cavity in a living cell,V1,Concept depends on scientific/biological language and categorization; not directly perceptible in ordinary experience.,D,10,10,0.78
caret,a mark used in editing to show something to be added,V1,Entity defined by linguistic/editing conventions; requires symbolic system per V1 core test.,D,10,10,0.78
bah,an exclamation that shows scorn or disbelief,V1,"Verbally/institutionally defined entity; depends on linguistic convention, would not exist without language/symbols.",D,10,10,0.78
academic,pertaining to school,V1,"Verbally/institutionally defined entity (pertains to school, a social institution requiring convention).",D,10,10,0.78
neurology,a study of the nervous system,V1,Verbally/institutionally defined entity; academic discipline depending on language and conventions.,D,10,10,0.78
phonetics,the study and classification of sounds used in speaking,V1,"Abstract concept/field of study depending on language, formal classification, and academic institutions.",D,10,10,0.78
clause,a part of a larger document,V1,"Verbally/institutionally defined entity; depends on language, convention, and formal document structure.",D,8,10,0.78
impertinent,rude,V1,"Socially-defined state requiring cultural conventions and language, not direct perception.",D,10,10,0.78
jurisdiction,authority,V1,"Verbally/institutionally defined entity/role; depends on law, institutions, social agreement (Core test: V1).",D,10,10,0.78
plush,luxurious,V1,"Abstract quality/state depending on language, social convention; not directly perceptible without cultural agreement.",D,10,10,0.78
polygon,a figure having at least three straight sides,V1,"Verbally-defined geometric concept; requires formal mathematical categories, not direct perception alone.",D,10,10,0.78
slant,a point of view,V1,Abstract concept/state depending on language and social agreement (V1 core test).,D,10,10,0.78
alas,(poetic term) exclamation of sorrow or regret,V1,"Verbally-defined concept; specific exclamation depends on linguistic convention, not direct perception (V1 core test).",D,10,10,0.79
maharaja,"formerly, a ruling prince in a state in India",V1,"Institutionally defined role; depends on language, social agreement, and historical convention (V1 core test).",D,10,10,0.79
intermediary,a go-between,V1,"Social role/entity defined by convention and language, not direct perception (V1 core test).",D,10,10,0.79
patron,a donor or supporter,V1,"Verbally/institutionally defined role; depends on social agreement, not direct perception.",D,10,10,0.79
root,the cause,V1,Abstract concept/state depending on language; core test: would not exist without verbal/conceptual agreement.,D,10,10,0.79
anonymous,without any name given,V1,State defined by absence of linguistic/social label (name); requires language/convention.,D,10,10,0.79
bilingual,able to speak two languages well,V1,State depending on language and symbolic systems; core test: requires formal linguistic conventions.,D,10,10,0.79
curriculum,a course of study,V1,Verbally/institutionally defined entity; depends on educational conventions and social agreement (V1 core test).,D,10,10,0.79
degree,the amount or extent,V1,"Abstract concept of amount/extent; depends on verbal/abstract categorization, not direct perception (V1 core test).",D,10,10,0.79
injunction,an order from court,V1,Institutionally defined entity depending on legal system and social agreement.,D,10,10,0.79
megaton,a measure of atomic power,V1,Unit defined by convention/measurement; V1 core test.,D,10,10,0.79
tetrachloride,a compound containing four atoms of chlorine,V1,Verbally-defined chemical entity depending on scientific nomenclature and symbolic systems (tetra- for four atoms).,D,10,10,0.79
integrity,honesty,V1,Abstract state depending on language and social agreement; core V1 test.,D,10,10,0.79
cerebrospinal,affecting the brain and spinal cord,V1,Verbally defined medical/anatomical state requiring language and specialized knowledge.,D,10,10,0.8
quadrangle,a four-sided four-angled figure,V1,Verbally/institutionally defined entity; requires language for numerical (four) and geometric categories.,D,10,10,0.8
wares,things for sale,V1,Concept depends on commercial institution and social agreement; not directly perceptible without convention.,D,10,10,0.8
affidavit,a sworn statement in writing,V1,Institutionally defined entity requiring legal convention and language.,D,10,10,0.8
mutual,a shared feeling,V1,Abstract relational state (shared feeling) depends on language/social agreement; core test: requires conceptualizing reciprocity beyond direct perception.,D,10,10,0.8
premonition,forewarning,V1,Abstract state/concept depending on language; core test: would not exist without verbal definition.,D,10,10,0.8
seminary,a private school at or beyond the high school level,V1,Institutionally defined entity; requires knowledge of educational systems and levels (V1 core test).,D,10,10,0.8
seminary,a school that trains ministers,V1,Verbally/institutionally defined entity; depends on social/religious conventions and roles (minister).,D,10,10,0.8
tyranny,the unjust use of power,V1,"Abstract concept/state depending on language, social agreement, and notions of justice/power.",D,10,10,0.8
desperado,"a bold, desperate, or reckless outlaw",V1,"Verbally/institutionally defined role (outlaw); depends on law, social agreement, and formal categories.",D,10,10,0.81
pedometer,a device that measures the distance one walks,V1,"Device whose concept depends on measurement units and formal procedures, not direct perception alone (V1 core test).",D,10,10,0.81
prime,first in rank,V1,"Abstract state/role depending on language, convention, and social agreement on hierarchy/rank.",D,10,10,0.81
plaintiff,one who brings a suit in a court of law,V1,Institutionally defined legal role; requires law and social agreement (V1 core test).,D,10,10,0.81
rickets,a bone disease,V1,"Verbally/institutionally defined entity; medical disease concept requires language and formal medical knowledge, not direct perception.",D,10,10,0.82
ionosphere,outer atmosphere,V1,"Scientific entity defined by formal atmospheric layers/categories, not recognizable without symbolic/scientific knowledge.",D,10,10,0.82
isotope,form of a chemical element,V1,"Concept depends on scientific language, atomic theory, and formal measurement; not directly perceptible without symbolic systems.",D,10,10,0.82
spontaneous,produced naturally,V1,Abstract concept/state depending on verbal definition of natural vs. induced production; not directly perceptible without conceptual categories.,D,10,10,0.82
condolence,words of comfort,V1,Verbally-defined entity depending on language and social convention; core test: requires symbols/language.,D,10,10,0.82
major,a mode in music,V1,Verbally-defined musical concept depending on symbolic rules and convention (V1 core test).,D,10,10,0.82
arrogant,too proud and disrespectful of others,V1,Abstract state depending on social conventions/language; core V1 test: requires social agreement.,D,10,10,0.83
monotype,a printing method,V1,"Verbally/institutionally defined concept; cannot be understood by direct perception alone, depends on language and convention.",D,10,10,0.83
pathology,the science of the essential nature of a disease,V1,Abstract concept/science defined by language and formal categories; core test: depends on verbal/institutional definition.,D,10,10,0.83
apt,quick to learn,V1,"Abstract cognitive state; cannot be understood by direct perception alone, depends on language and conceptual categories of learning.",D,10,10,0.83
Bolshevik,member of a Russian political party in the 1900s,V1,"Verbally/institutionally defined role; requires language, history, and social agreement.",D,10,10,0.83
spirit,a moving influence,V1,Abstract concept depending on language; not directly perceptible without symbolic definition (V1 core test).,D,10,10,0.83
colleague,a professional associate,V1,Verbally/institutionally defined role; depends on social agreement and professional context (V1 core test).,D,10,10,0.84
crusade,a reform campaign,V1,"Entities existing mainly because of language, social agreement, or formal categories (reform campaign requires convention).",D,10,10,0.85
lapse,an error or slip,V1,Abstract concept/state depending on language/convention; not directly perceptible without rules/expectations.,D,10,10,0.86
paramecium,a microscopic water animal,V1,"Verbally/institutionally defined entity; requires scientific/biological knowledge, not directly perceptible in ordinary experience (microscopic).",D,10,10,0.87
time,occasion,V1,"Verbally defined entity/concept; depends on language/convention, not direct perception (V1 core test).",D,10,10,0.87
adieu,farewell; good-bye,V1,Verbally/institutionally defined concept; requires language and social convention (V1 core test).,D,10,10,0.88
nitroglycerine,an explosive compound,V1,"Verbally/institutionally defined entity; specific chemical compound requires scientific knowledge/formal systems, not directly recognizable by perception alone.",D,10,10,0.89
abbot,the head of a monastery,V1,Institutionally defined role; depends on social/religious convention (V1 core test).,D,10,10,0.89
alias,a false name used to conceal one’s identity,V1,Verbally/institutionally defined entity; depends on language and social convention (V1 core test).,D,10,10,0.89
cholera,an infectious disease,V1,"Verbally/institutionally defined entity; requires medical/scientific knowledge and language, not direct perception alone.",D,10,10,0.9
calorie,a unit of heat,V1,Unit that depends on formal measurement conventions and language.,D,10,10,0.9
deficient,lacking,V1,Abstract state depending on language/convention to define sufficiency; core test: requires verbal standards.,D,10,10,0.9
amoeba,a microscopic one-celled organism,V1,"Verbally/institutionally defined entity; microscopic organism requires scientific classification and tools, not direct ordinary perception (P1 core test).",D,10,10,0.91
protozoan,one-celled animal,V1,"Verbally/institutionally defined entity; biological classification depending on scientific concepts (cells), not directly perceptible in ordinary experience.",D,10,10,0.92
adequate,what is needed,V1,"Abstract state defined relative to verbalized purpose/need; core test: requires language/convention, not direct perception.",D,10,10,0.94
cobalt,"a hard, silver-white metallic element",V1,"Verbally-defined entity; chemical element requires scientific classification and language, not direct perception alone.",D ,10,10,0.67
cricket,a team game popular in the United Kingdom,V1,"Entity defined by social convention, rules, and cultural agreement; requires symbolic systems (V1 core test).",D ,2,10,0.67
empress,woman ruler of an empire,V1,"Institutional role; depends on language, social agreement, and conventions (V1 core test).",D ,10,10,0.67
clique,an exclusive small group,V1,"Socially defined entity depending on convention and agreement, per V1 core test.",D ,10,10,0.67
elaborate,complicated,V1,"Abstract state/concept depending on language and conceptual understanding, not direct perception (V1 core test).",D ,10,10,0.67
fickle,tending to change in disposition or character,V1,"Abstract state depending on verbal concepts of ""disposition"" and ""character""; core test: requires language for recognition.",D ,10,10,0.67
flagrant,outrageous,V1,"Abstract evaluative state depending on language and social norms; core test: requires cultural agreement, not direct perception.",D ,10,10,0.67
demure,with pretended modesty or shyness,V1,Abstract behavioral state depending on language and social conventions for recognition.,D ,10,10,0.68
decathlon,a track-and-field event that has ten parts,V1,"Institutionally defined event; requires formal rules, conventions, and symbolic systems (ten specific parts).",D ,10,10,0.68
exempt,free from,V1,"Abstract state depending on language, law, or social agreement (V1 core test).",D ,10,10,0.68
charisma,a special charm or public appeal,V1,Abstract concept/state depending on language and social agreement; core test: would not exist without symbols or cultural convention.,D ,10,10,0.68
fallacy,an untrue idea,V1,Abstract concept/state depending on language and conceptual categories; core test: requires symbolic systems for 'truth' and 'idea'.,D ,10,10,0.68
defeatism,"an acceptance of, or resignation to, defeat",V1,Abstract state depending on language and social concepts; core test: requires verbal definition and cultural agreement.,D ,10,10,0.69
denomination,a name of a group,V1,Verbally/institutionally defined entity; depends on language and convention for naming groups.,D ,10,10,0.69
frill,a useless ornament or unwanted advantage,V1,"Depends on language and social agreement for concepts like ""useless"" or ""unwanted advantage""; not directly perceptible.",D ,10,10,0.69
deacon,a church officer,V1,Institutionally defined role in a church; depends on social/religious convention.,D ,10,10,0.7
ethnic,having to do with various cultures,V1,"Abstract state depending on language, social agreement, and cultural categories (V1 core test).",D ,10,10,0.71
five-spot,a five-dollar bill,V1,"Verbally/institutionally defined entity/unit (currency); depends on social agreement, symbols, and monetary system.",D ,10,10,0.71
fanatic,a person who has an unreasonable obsession,V1,"Verbally/institutionally defined role; depends on language/social agreement for ""unreasonable obsession"".",D ,10,10,0.73
devout,pious,V1,Verbally/institutionally defined state; depends on religious convention and social agreement (V1 core test).,D ,10,10,0.73
diligent,hard-working,V1,Abstract state/role quality depending on language and social concepts of work/effort; core test: requires cultural agreement.,D ,10,10,0.74
marital,in a married state,V1,Abstract state depending on social institution and agreement (marriage); fails P1/V1 core test without language/law.,D ,10,10,0.74
enterprise,an undertaking,V1,Abstract concept/state depending on language and social agreement (V1 core test).,D ,10,10,0.75
emissary,a person sent as an agent for another,V1,Role/entity defined by social agreement and language; V1 core test.,D ,10,10,0.75
distant,not directly related,V1,"Abstract relational state depending on language and conceptual categories, not direct perception.",D ,10,10,0.75
doubloon,an old Spanish coin,V1,"Verbally/institutionally defined entity/unit (currency); requires language, history, and social agreement (V1 core test).",D ,10,10,0.76
ethics,moral principles or practice,V1,"Abstract concepts/states depending on language, culture, and social agreement (V1 core test).",D ,10,10,0.76
excel,to be better than most,V1,Abstract comparative state depending on language and conceptual categories; core test: requires social/comparative agreement beyond direct perception.,D ,10,10,0.76
epic,a heroic poem,V1,Verbally/institutionally defined entity; literary genre requires language and cultural convention (V1 core test).,D ,10,10,0.77
depot,an army storage place,V1,"Verbally/institutionally defined entity; depends on army (military institution), core test: requires social agreement/institutions.",D ,10,10,0.79
Forum,the market and meeting place in ancient Rome,V1,"Verbally/institutionally defined entity; requires knowledge of ancient Roman culture/history, not direct perception alone.",D ,10,10,0.8
fraternal,brotherly,V1,Verbally-defined relational concept/state depending on social agreement and language.,D ,10,10,0.8
diction,the way you use words,V1,Verbally-defined concept; depends on language and symbolic conventions (V1 core test).,D ,10,10,0.83
embargo,a law closing ship ports,V1,Institutionally defined entity depending on law and social agreement.,D ,10,10,0.83
client,a customer,V1,Social role depending on commercial institutions and conventions; not directly perceptible without language/symbolic systems.,D ,10,10,0.84
electrometer,a device for measuring very low voltages,V1,Verbally-defined entity depending on scientific concepts and measurement units (voltage).,D ,10,10,0.86
facility,having a skill in doing something,V1,Abstract state/concept depending on language and social agreement to define proficiency/skill.,D ,10,10,0.87
soccer,a form of football,V1,"Verbally/institutionally defined entity; requires social rules/conventions, not direct perception alone.",E,10,10,0.67
nod,the “go-ahead” sign,V1,"Concept as ""go-ahead sign"" depends on social convention and symbolic agreement, per V1 core test.",E,2,10,0.67
cause,the reason something happens,V1,"Abstract concept/state depending on language; core test: not recognizable by direct perception alone, requires verbal reasoning.",E,2,10,0.72
fresh,without experience,V1,Abstract state depending on language and social concepts of experience.,E,10,10,0.73
prank,a trick,V1,Concept depends on language and social convention for recognition of playful deception; not directly perceptual.,E,10,10,0.76
nutritious,useful as food,V1,"Adjective state depending on abstract nutritional concepts/science, not direct perception (V1 core test).",E,10,10,0.77
bylaw,a law or rule made by a club,V1,Institutionally defined entity requiring social agreement and rules (V1 core test).,E,10,10,0.77
minister,a man or woman who is a pastor,V1,Verbally/institutionally defined role; requires social/religious convention and institutions.,E,2,10,0.82
leprechaun,a mischievous Irish elf,V1,"Verbally/institutionally defined entity; depends on language, folklore, and cultural convention; not directly perceptible.",L6,10,10,0.7
tab,the bill,V1,Verbally/institutionally defined entity; depends on commercial conventions and social agreement (V1 core test).,L6,10,10,0.74
reactor,a device for producing nuclear energy,V1,"Entity defined by function in scientific system (nuclear energy), requires formal knowledge beyond direct perception.",L6,10,10,0.78
star,an asterisk,V1,Verbally/institutionally defined entity; depends on language and symbolic writing conventions (V1 core test).,L6,10,10,0.79
agenda,things to be done,V1,Verbally/institutionally defined entity; depends on language and social convention (Core test: requires symbols/agreement).,T2,10,10,0.68
constructive,helpful,V1,Abstract evaluative state depending on language and social agreement (V1 core test).,T2,10,10,0.76
value,what something is worth,V1,Abstract state/unit depending on social/economic convention; V1 core test.,T2,4,10,0.78
antibiotic,a disease-killing drug,V1,"Verbally/institutionally defined entity; requires scientific knowledge to recognize, not direct perception alone.",T2,10,10,0.8
crisis,a hard or dangerous time,V1,Verbally-defined abstract state/concept; depends on language to define a 'time' period as hard/dangerous.,T2,6,10,0.81
medieval,the Middle Ages (eighth to twelfth centuries),V1,Verbally/institutionally defined time period relying on calendar systems and historical conventions.,T2,10,10,0.82
quantitative,able to be measured,V1,"Concept of measurability depends on formal units, symbols, and measurement conventions (V1 core test).",T6,10,10,0.67
renegade,a traitor,V1,"Socially/institutionally defined role; requires language, conventions, and agreement (V1 core test).",T6,10,10,0.67
base,of low quality,V1,"Abstract state depending on language and evaluative categories, not direct perception.",T6,10,10,0.67
grand,the main or most important one,V1,"Depends on language and social agreement for ""importance""; not directly perceptible.",T6,10,10,0.67
quality,excellence,V1,Abstract concept/state depending on language and social agreement (V1 core test).,T6,10,10,0.67
sanitarium,a place for care of the sick,V1,Institutionally defined entity; depends on social conventions and healthcare systems.,T6,10,10,0.68
spa,a place where health and beauty treatments are given,V1,"Verbally/institutionally defined entity; concept depends on social convention and purpose, not direct perception alone.",T6,10,10,0.68
comprise,to consist of,V1,"Verbally defined relational state; cannot be fully understood by direct perception alone, depends on language for part-whole concept.",T6,10,10,0.68
futile,useless,V1,Abstract evaluative state depending on language and conceptual understanding of purpose/utility.,T6,10,10,0.68
impudent,rudely bold; insolent,V1,"Adjective state depending on social conventions/language; core test: requires cultural agreement, not direct perception.",T6,10,10,0.68
prejudice,an unreasonable opinion,V1,Abstract concept/state depending on language and social agreement; core test: would not exist without verbal/symbolic systems.,T6,10,10,0.68
technology,applied science,V1,Verbally/institutionally defined concept; depends on language and social/academic conventions.,T6,10,10,0.68
genteel,polite; refined,V1,Socially defined state requiring cultural convention and language; core V1 test.,T6,10,10,0.68
insolence,insulting speech or action,V1,"Verbally/institutionally defined concept/state; depends on social agreement/language, not direct perception.",T6,10,10,0.68
exercise,a ceremony,V1,"Verbally/institutionally defined entity; depends on social convention and formal rules, not direct perception alone.",T6,10,10,0.69
blooper,a very foolish mistake,V1,Abstract concept/state depending on language and social agreement; not directly perceptible.,T6,10,10,0.69
conglomerate,a large corporation of companies,V1,"Institutionally defined entity depending on language, law, and social agreement.",T6,10,10,0.69
dispatch,a news item,V1,Verbally/institutionally defined entity; depends on language and media conventions (V1 core test).,T6,10,10,0.69
episode,a part of a continued story,V1,"Verbally-defined entity; depends on language and narrative convention, not direct perception.",T6,10,10,0.69
chant,a repetitious religious song,V1,"Verbally/institutionally defined entity; ""religious"" depends on social agreement and institutions, not direct perception alone.",T6,10,10,0.7
rabies,a disease that affects people and some animals,V1,"Verbally/institutionally defined entity; specific disease concept requires medical/scientific categorization, not direct perception alone.",T6,10,10,0.7
intransitive,a verb that has no direct object,V1,"Verbally-defined grammatical concept; requires language conventions and rules, per V1 core test.",T6,10,10,0.7
centimeter,one one-thousandth of a meter,V1,Unit defined by formal measurement system; requires language and convention (V1 core test).,T6,10,10,0.7
haul,distance traveled,V1,"Verbally defined concept/unit depending on measurement/language; core test: requires symbols/rules, not direct perception.",T6,10,10,0.7
test,a standard,V1,Verbally/institutionally defined entity/concept; depends on social agreement or convention (V1 core test).,T6,10,10,0.7
antidote,a medicine to counteract the effects of a poison,V1,Depends on verbal/scientific convention and knowledge of poisons/medicine; not recognizable by direct perception alone.,T6,10,10,0.71
effect,a result,V1,"Abstract concept of outcome/result; depends on language for definition, not direct perception.",T6,8,10,0.71
effect,the power or ability to influence,V1,Abstract concept/state depending on language and convention; not directly perceptible (V1 core test).,T6,8,10,0.71
literal,word for word,V1,Verbally-defined concept relying on linguistic convention; core test: does not exist without language/symbols.,T6,10,10,0.71
noble,a person of high birth; an aristocrat,V1,"Social role defined by institutions, birth rights, and convention; requires language/social agreement (V1 core test).",T6,10,10,0.71
prelude,something before,V1,"Verbally-defined concept; requires language/convention to identify as ""something before"" in sequence, not directly perceptible.",T6,10,10,0.71
syndicate,a group that works together for business purposes,V1,Verbally/institutionally defined entity; relies on social agreement and business conventions (V1 core test).,T6,10,10,0.71
milestone,an important event,V1,Verbally/institutionally defined entity; depends on language and social agreement for significance.,T6,10,10,0.72
tight,in short supply,V1,"Abstract state of scarcity depending on conceptual/quantitative assessment, not direct perception (V1 core test).",T6,10,10,0.72
wave,a steady increase,V1,Abstract concept/state depending on language and conceptual comparison over time (V1 core test).,T6,10,10,0.72
cause,a person or idea believed in and supported,V1,Abstract concept/idea depending on language and social agreement; fails P1 core test (not directly perceptible).,T6,2,10,0.72
contrary,opposite,V1,Abstract relational concept depending on language and conceptual categories; core test: would not exist without symbolic agreement.,T6,10,10,0.72
access,the right to use,V1,"Verbally/institutionally defined entity/state; depends on social agreement, law, or convention (V1 core test).",T6,10,10,0.73
chronicle,a record of something,V1,Concept depends on language and convention as a structured record; not directly perceptible without symbolic systems.,T6,10,10,0.73
trend,a general direction,V1,Abstract concept/state depending on verbal categorization; not directly perceptible without observation/pattern recognition beyond immediate perception.,T6,10,10,0.73
insight,understanding,V1,Abstract state depending on language/cognition; not directly perceptible (V1 core test).,T6,10,10,0.73
intricate,hard to understand,V1,Abstract state depending on language/cognitive concepts; not directly perceptible (V1 core test).,T6,10,10,0.73
caper,a prank,V1,Concept depends on language and social convention to define mischievous intent; not directly perceptible.,T6,10,10,0.74
draft,a plan or design,V1,Abstract concept depending on language/conceptual categories; V1 core test.,T6,10,10,0.74
insurrection,uprising; rebellion,V1,"Depends on language, convention, law, and institutions (e.g., constituted authority).",T6,10,10,0.74
artisan,a person skilled in a particular craft,V1,Role defined by social agreement on skill and craft; not recognizable by direct perception alone (V1 core test).,T6,10,10,0.75
debut,a first public appearance,V1,"Concept of ""first public appearance"" depends on social agreement and convention, not direct perception alone.",T6,10,10,0.75
form,a variation of a word,V1,Verbally-defined linguistic entity; depends on language conventions (V1 core test).,T6,10,10,0.75
cold,unfriendly,V1,"Socially defined state relying on convention and language, not direct perception.",T6,2,10,0.75
culprit,a guilty person,V1,"Entity/role defined by social/legal agreement on guilt, not direct perception (V1 core test).",T6,10,10,0.75
livelihood,means of support; making a living,V1,"Concept relying on social agreement, economic institutions, and language; core V1 test.",T6,10,10,0.75
sinister,threatening evil,V1,"Abstract concept/state of ""evil"" depending on language and cultural agreement; not directly perceptible without symbolic systems.",T6,10,10,0.75
craft,trickiness,V1,Abstract state/concept depending on language and social agreement; not directly perceptible.,T6,10,10,0.75
decade,ten years,V1,"Verbally/institutionally defined time unit; requires language, numbers, and convention (V1 core test).",T6,10,10,0.76
legitimate,lawful,V1,Abstract state defined by law/institutions; requires social agreement.,T6,10,10,0.76
touch,a personal style,V1,Abstract concept/state depending on language and social agreement (V1 core test).,T6,10,10,0.76
fungicide,a substance that kills fungi,V1,Concept depends on verbal definition of function (kills fungi); not directly perceptible without biological/chemical knowledge.,T6,10,10,0.77
addict,a person who has a constant need for a drug,V1,Verbally-defined role/state; requires language/convention to recognize dependency on drugs.,T6,10,10,0.77
hemisphere,half the globe,V1,"Verbally-defined entity; depends on language and conceptual division, not direct perception.",T6,10,10,0.77
philosophy,a study of beliefs and the search for truth,V1,Abstract concept depending on language and social agreement; core V1 test: does not exist without symbolic systems.,T6,10,10,0.77
physiology,the study of how a living thing functions,V1,Verbally/institutionally defined entity (academic discipline); requires language and formal categories (V1 core test).,T6,10,10,0.77
general,indefinite,V1,Abstract concept depending on language for definition of specificity vs. generality; core V1 test: requires verbal categories.,T6,10,10,0.77
prime,best,V1,"Abstract superlative quality; depends on language, comparison, and social agreement (V1 core test).",T6,8,10,0.77
suave,smoothly agreeable,V1,"Verbally/institutionally defined concept/state; depends on social conventions, not direct perception.",T6,10,10,0.78
hoax,a practical joke,V1,"Abstract social concept depending on language and convention; core test: requires social agreement to recognize as ""hoax"".",T6,10,10,0.78
general,common or widespread,V1,"Abstract concept/state of commonality; depends on verbal/conceptual categories, not direct perception (V1 core test).",T6,2,10,0.78
ingenious,clever; creative,V1,Abstract concept/state depending on language and cultural agreement; not directly perceptible.,T6,10,10,0.78
preposterous,senseless; ridiculous,V1,Abstract evaluative concept depending on language and social agreement; core V1 test.,T6,10,10,0.78
priority,something that comes first in order or importance,V1,Abstract concept/state depending on language and social agreement (V1 core test).,T6,10,10,0.78
truant,one who plays hooky,V1,Institutionally defined role; requires knowledge of school rules and social conventions.,T6,10,10,0.78
target,an object of criticism,V1,Entity defined by social/language convention; requires social agreement (V1 core test).,T6,10,10,0.78
gladiator,a paid fighter in ancient Rome,V1,"Role defined by institution, history, and social agreement; not recognizable without cultural knowledge.",T6,10,10,0.79
insulin,a medicine for diabetes,V1,Verbally/institutionally defined entity; concept depends on medical language and conventions for diabetes.,T6,10,10,0.79
citation,a special honor,V1,Institutionally defined entity; requires social agreement and convention (V1 core test).,T6,10,10,0.79
dilemma,a difficult choice,V1,"Abstract concept/state defined by language; core V1 test: depends on verbal/conceptual understanding, not direct perception.",T6,10,10,0.79
eligible,qualified,V1,"Abstract state depending on language, rules, or social agreement (V1 core test).",T6,10,10,0.79
flood,a great supply,V1,"Concept of abundance as ""great supply"" depends on language and figurative convention; not directly perceptible without symbolic extension.",T6,10,10,0.79
function,purpose,V1,Abstract concept/state depending on language; would not exist without symbolic systems (V1 core test).,T6,10,10,0.79
median,a rank in the middle,V1,Abstract positional concept depending on language and conventional ordering systems.,T6,10,10,0.79
municipal,related to a city,V1,Verbally/institutionally defined; depends on social agreement and local government institutions (V1 core test).,T6,10,10,0.79
quorum,required number of members for voting,V1,"Institutionally defined entity requiring social agreement, rules, and convention (V1 core test).",T6,10,10,0.79
replica,a copy,V1,"Concept of ""copy"" depends on relational duplication and cannot be recognized by direct perception alone without language or conceptual comparison.",T6,10,10,0.79
slow,not mentally quick,V1,"Abstract cognitive state; requires language/conceptual categories, not direct perception (V1 core test).",T6,2,10,0.79
forum,a public discussion,V1,"Verbally/institutionally defined entity; concept of ""public discussion"" depends on language and social convention (V1 core test).",T6,10,10,0.8
profane,profoundly disrespectful,V1,"Abstract state depending on language, social agreement, and cultural conventions; core V1 test.",T6,10,10,0.8
subject,anyone under authority,V1,Verbally/institutionally defined role; depends on social agreement and authority structures (V1 core test).,T6,10,10,0.81
crisis,a turning point in a serious disease,V1,"Verbally/institutionally defined medical state; requires formal medical concepts, not direct perception.",T6,10,10,0.81
fluent,able to speak or write smoothly and effortlessly,V1,Concept of fluency in speaking/writing depends on language conventions and cannot be understood without symbolic systems.,T6,10,10,0.81
media,"press, film, broadcasting companies",V1,"Institutionally defined entities; requires social agreement, conventions, and symbolic systems (V1 core test).",T6,10,10,0.81
dialogue,a talk between people,V1,Concept depends on language and social convention; not recognizable by direct perception alone.,T6,10,10,0.82
digit,a number below ten,V1,Verbally/institutionally defined unit; depends on numerical symbols and convention.,T6,10,10,0.82
medieval,related to the Middle Ages (A.D. 500–1500),V1,Verbally/institutionally defined time period relying on calendar system and historical conventions.,T6,10,10,0.82
domain,land controlled by a person or family,V1,Entity defined by social/institutional control; requires law or agreement (V1 core test).,T6,10,10,0.83
relic,a valued thing from the past,V1,"Concept depends on language, cultural convention, and historical knowledge; not directly perceptible without symbolic systems (V1 core test).",T6,10,10,0.83
centimeter,.3937 inch,V1,"Unit of measurement; verbally/institutionally defined, requires formal system (V1 core test).",T6,10,10,0.84
renaissance,a new birth,V1,"Verbally/institutionally defined abstract concept; depends on language and cultural agreement, not direct perception.",T6,10,10,0.84
pact,an agreement,V1,"Entities existing mainly because of language, social agreement; V1 core test.",T6,10,10,0.86
scoop,exclusive news,V1,"Verbally/institutionally defined entity; depends on language, media conventions, and social agreement in journalism.",T6,10,10,0.87
genetics,science of heredity,V1,Verbally/institutionally defined entity; science as formal category depends on language and convention.,T6,10,10,0.89
unique,uncommon; unusual,V1,"Abstract relational quality (rarity/typicality) depending on conceptual categories and comparison; core V1 test: requires language/abstract agreement, not direct perception.",T6,10,10,0.89
fare,"the cost of a ride on a bus, train, or plane",V1,Verbally/institutionally defined entity (monetary unit/cost set by social agreement and rules).,D,4,12,0.36
solitaire,a card game played by one person,V1,"Verbally/institutionally defined entity; requires social convention and rules, not direct perception.",D,6,12,0.47
disposition,a person’s natural attitude to most things,V1,Abstract state/concept depending on language and abstract categorization; not directly perceptible.,D,6,12,0.57
radical,extreme; basic; fundamental,V1,"Abstract states/concepts (extreme, basic, fundamental) depending on verbal/abstract categories, not direct perception.",D,10,12,0.6
radical,a person who favors great changes in society,V1,"Verbally/institutionally defined role; depends on social agreement/language, not direct perception.",D,10,12,0.6
thrive,to be successful,V1,Abstract state depending on social agreement and verbal definition; core test: would not exist without language/convention.,D,8,12,0.61
marshal,a police officer with duties similar to a sheriff’s,V1,"Institutionally defined role; depends on law, institutions, and social agreement (V1 core test).",D,6,12,0.78
forward,player at the front of a team’s offensive formation,V1,Institutionally defined role; requires knowledge of game rules and team conventions (V1 core test).,D ,2,12,0.38
essence,the real meaning of something,V1,Abstract concept/state depending on language; V1 core test: does not exist without symbolic systems.,D ,10,12,0.44
career,one’s chosen work,V1,Verbally/institutionally defined role/concept; depends on language and social agreement (V1 core test).,T2,6,12,0.35
principal,the head of an elementary school,V1,Institutionally defined role; depends on social agreement and educational institutions.,T2,4,12,0.54
fund,a sum of money,V1,"Verbally/institutionally defined entity/unit; depends on social convention, law, and symbolic systems for money.",T6,6,12,0.26
sovereign,a supreme ruler,V1,"Verbally/institutionally defined role; depends on social agreement, law, institutions (V1 core test).",T6,10,12,0.4
module,a self-contained spacecraft unit,V1,Concept depends on institutional/technological conventions and language; not recognizable without formal knowledge (V1 core test).,T6,8,12,0.42
dupe,an easily fooled person,V1,"Verbally/institutionally defined entity/role; concept of ""easily fooled"" depends on social conventions and symbolic understanding of deception, not direct perception.",T6,10,12,0.57
salable,easy to sell,V1,Verbally/institutionally defined state; depends on social conventions of commerce/selling.,T6,12,12,0.71
rendezvous,a planned meeting at a specific place,V1,"Concept depends on language, convention, and social agreement for planning; core V1 test.",T6,8,12,0.77
outright,straightforwardly,V1,"Verbally-defined concept of manner; depends on linguistic and social conventions, not direct perception.",T6,8,12,0.78
super,great; outstanding,V1,"Abstract evaluative quality; depends on language/convention, not direct physical perception (V1 core test).",T6,8,12,0.83
bonanza,a profitable undertaking or enterprise,V1,Abstract entity defined by economic concepts and social agreement; core V1 test: depends on institutions/language.,D,10,13,0.71
legend,an old story passed down through the years,V1,Concept depends on language and cultural transmission; would not exist without social agreement.,T2,6,13,0.58
ward,under a guardian’s care,V1,Verbally/institutionally defined role/state; depends on legal guardianship and social agreement (V1 core test).,T6,10,13,0.71
collateral,a loan security,V1,Verbally/institutionally defined entity depending on financial law and social agreement.,D,10,16,0.49
gee,a word of joy or surprise,V1,Verbally defined entity (linguistic interjection) depending on language and convention; core test: requires symbolic system.,L2,14,16,0.6
apostrophe,a punctuation mark indicating possession or contraction,V1,Verbally/institutionally defined entity; depends on language conventions and grammatical rules (V1 core test).,T6,8,16,0.34
litmus(paper),paper stained with litmus; used to identify an acid or a base,V1,Verbally defined entity requiring scientific conventions and knowledge of acids/bases; not recognizable without formal categories.,D,,,
medullaoblongata,a part of the brain,V1,Cannot be recognized by direct perception in ordinary experience; requires formal anatomical/scientific knowledge (P1 core test).,D,,,
scarletfever,a contagious disease contracted by children,V1,Verbally/institutionally defined entity; specific disease recognition requires medical conventions and knowledge beyond direct perception.,D,,,
thyroid(gland),an endocrine gland that secretes thyroxin,V1,"Verbally/institutionally defined entity; concept depends on biological/scientific knowledge and terminology, not direct ordinary perception.",D,,,
wateringplace,a kind of resort,V1,"Verbally/institutionally defined entity; concept relies on social agreement and convention, not direct perception alone.",D,,,
piecesofeight,old Spanish silver coins,V1,Verbally/institutionally defined entity/unit; requires knowledge of historical currency conventions (V1 core test).,D,,,
bossanova,a modern dance done to music of Brazilian origin,V1,"Verbally/institutionally defined entity; specific cultural dance style depends on social agreement and convention, not direct perception alone.",D,,,
caddie,a person who assists a golfer by carrying the clubs,V1,Role defined by institutional game (golf); depends on social agreement and rules (V1 core test).,D,,,
rule(asa),usually; generally,V1,Verbally-defined abstract concept of frequency/generality; depends on language for conventional understanding.,D,,,
"tush,tush",an interjection expressing impatience,V1,"Verbally-defined linguistic entity/concept; depends on language convention, would not exist without symbolic systems.",D,,,
touché,a fencing term indicating a hit or a touch,V1,Verbally/institutionally defined concept; requires fencing conventions and rules.,D,,,
mother(superior),a woman who is the head of a convent,V1,"Institutional role requiring social/religious convention and agreement, not direct perception.",D,,,
thebrass,high-ranking officials or military officers,V1,"Institutionally defined roles; depends on social agreement, hierarchy, and conventions (V1 core test).",D,,,
señor,Spanish for mister,V1,Verbally/institutionally defined role/title; depends on language and social agreement (V1 core test).,D,,,
politicalscience,the study of government,V1,"Institutionally defined academic discipline; depends on language, conventions, and social institutions (V1 core test).",D,,,
waysandmeans,methods and resources,V1,Abstract concepts/states depending on language and social agreement (V1 core test).,D,,,
planegeometry,the areas of geometry that deal with flat-surface figures,V1,"Verbally/institutionally defined abstract concept; requires language, symbols, and mathematical conventions (V1 core test).",D,,,
deci-,one-tenth,V1,"Unit prefix; verbally/institutionally defined, depends on formal measurement conventions.",D,,,
lend(itself)to,to be suitable for,V1,"Verbally-defined relational state; depends on language, context, and conceptual agreement (V1 core test).",D,,,
mixednumber,a whole number and a fraction,V1,Verbally-defined mathematical unit/concept depending on symbolic numerical system.,D,,,
mumbojumbo,meaningless words or actions,V1,"Concept of ""meaningless words or actions"" depends on language and symbolic understanding of meaning; core test: would not exist without language.",D,,,
nitty-gritty,"basic facts, issues, or parts",V1,Abstract concept/states depending on language; core V1 test: not understandable without verbal categories.,D,,,
onthespot,in a troublesome or uncomfortable situation,V1,Abstract state/concept depending on language and social convention; not directly perceptible (V1 core test).,D,,,
primenumber,a number that cannot be factored,V1,Abstract mathematical concept depending on symbolic rules and formal definitions.,D,,,
soapopera,an emotional television drama,V1,"Verbally/institutionally defined entity; concept depends on cultural conventions, media institutions, and language (not directly perceptible without social agreement).",D,,,
stake(s),money risked in a gambling game,V1,Verbally/institutionally defined entity; depends on social convention and rules of gambling (V1 core test).,D,,,
toll,a tax,V1,"Verbally/institutionally defined entity (tax); requires law/social agreement, per V1 core test.",D,,,
upatree,in a difficult condition,V1,Abstract state depending on language and idiomatic convention; not directly perceptible.,D,,,
biracial,of two races,V1,"Concept depends on language and social agreement defining ""races""; not directly perceptible.",D,,,
bisulfide,(also disulfide) a compound of sulfur plus another element,V1,Chemical compound defined by scientific nomenclature and formal categories; not directly perceptible without symbolic systems.,D,,,
Führer,a German word meaning leader,V1,Role defined by social agreement and language (V1 core test).,D ,,,
nightwatch,a guard who worked at night,V1,Verbally/institutionally defined role; depends on social agreement and convention.,E,,,
strikeout,three missed pitches in baseball,V1,"Concept defined by formal rules of baseball institution; requires social agreement, not direct perception alone.",E,,,
tic-tac-toe,a paper and pencil game,V1,"Verbally/institutionally defined entity; requires social rules/convention, not recognizable by direct perception alone.",E,,,
UnitedStates,union of American states,V1,"Verbally/institutionally defined entity; depends on language, law, and social agreement (V1 core test).",E,,,
blueribbon,an award for first prize,V1,Verbally/institutionally defined entity; requires social agreement and competition rules (V1 core test).,E,,,
yourhighness,a formal title used to address royalty,V1,Verbally/institutionally defined entity/role; depends on language and social convention (V1 core test).,L6,,,
crown(the),a ruling monarch such as a king or queen,V1,"Verbally/institutionally defined role; depends on language, law, institutions, social agreement (V1 core test).",T2,,,
mysteriously,in a puzzling or unknown fashion,V1,Concept of 'puzzling or unknown' depends on language and abstract cognitive categories; not directly perceptible.,T2,,,
TRUE,correct; exact,V1,Verbally-defined abstract state; depends on language/conceptual agreement (V1 core test).,T2,4,,
mugshot,photographs of a suspect for police files,V1,"Institutionally defined entity tied to police/law enforcement procedures and roles (suspect, files); requires social/legal agreement.",T6,,,
strepthroat,infected sore throat caused by bacteria,V1,"Verbally/institutionally defined medical entity; depends on scientific/medical language and diagnosis, not direct perception alone.",T6,,,
tail(s),the reverse side of a coin,V1,"Verbally/institutionally defined entity; depends on coin minting convention and social agreement to identify as ""reverse side"" (opp. heads).",T6,,,
watertable,the underground water level,V1,Verbally-defined natural concept/level requiring scientific knowledge and language; not directly perceptible without measurement or conventions.,T6,,,
atomicbomb,a nuclear weapon,V1,"Verbally/institutionally defined entity depending on scientific concepts (nuclear physics); core test: requires language/abstract categories, not direct perception.",T6,,,
malfunction,a disorder,V1,Abstract state depending on language/convention to define normal function vs. disorder.,T6,,,
chaperone,one who supervises social gatherings of young people,V1,Social role depending on convention and institutions; V1 core test.,T6,,,
SocialSecurity,system of insurance making payment to retired people,V1,"Institutionally defined entity depending on law, social agreement, and formal systems.",T6,,,
socialstudies,any field of study dealing with society,V1,"Abstract concept/field depending on language, institutions, and social agreement (V1 core test).",T6,,,
trialanderror,a method of repeated trials to get a desired result,V1,"Verbally-defined concept/method; cannot be recognized by direct perception alone, depends on language for abstract categorization.",T6,,,
exposé,a revealing of facts,V1,"Verbally defined concept; cannot be understood by direct perception alone, depends on language and social convention.",T6,,,
identity,who it is,V1,"Verbally/institutionally defined concept; cannot be understood by direct perception alone, depends on language and social agreement.",T6,,,
nestegg,money saved for a purpose,V1,"Concept of savings/money for purpose depends on language, social agreement, and financial institutions; core V1 test.",T6,,,
noavail,of little use,V1,"Abstract evaluative state depending on language and conceptual categories of utility, not direct perception.",T6,,,
nomatter,of no importance,V1,Abstract evaluative state depending on language and social agreement (V1 core test).,T6,,,
primarycolor,a color that cannot be made from other colors,V1,"Verbally-defined abstract category; requires knowledge of color mixing conventions and rules, not direct perception.",T6,,,
primeminister,chief executive of a parliamentary government,V1,"Institutionally defined role; depends on language, law, and social agreement (V1 core test).",T6,,,
punchline,the point of a joke,V1,Concept depends on language/symbols/social agreement; not perceptible without linguistic convention.,T6,,,
rightangle,an angle of ninety degrees,V1,Defined by formal measurement unit (degrees) and mathematical convention; not directly perceptible without symbolic system.,T6,,,
run-of-the-mill,ordinary,V1,Abstract conceptual quality depending on verbal/social norms; core test: requires language/convention to define.,T6,,,
scoundrel,"a dishonest, wicked person",V1,"Verbally/institutionally defined entity/role; depends on social agreement for ""dishonest, wicked""; not directly perceptible.",T6,,,
sideeffect,secondary reaction,V1,Concept/state depending on language for primary/secondary causal distinctions; not directly perceptible without convention.,T6,,,
tightplace,a difficulty,V1,Abstract concept/state depending on language; V1 core test.,T6,,,
trendy,currently popular,V1,"Depends on social agreement and convention, not direct perception.",T6,,,
FarEast,the countries of East Asia,V1,"Entities existing mainly because of language, social agreement, law, or formal categories (countries/regions).",T6,,,
House(ofRepresentatives),a lawmaking body,V1,"Institutionally defined entity depending on law, convention, and social agreement.",T6,,,
IOU,an informal written promise to pay a debt,V1,"Verbally/institutionally defined entity; depends on language, symbols, and social agreement for debt promises.",T6,,,
ballet,"a formal, graceful type of dancing",V2,"Formal rule-governed procedure; requires cultural training/symbolic rules, not direct bodily action per P2 core test.",D,4,4,0.67
argue,to take sides in a heated discussion,V2,Symbolic/linguistic action requiring verbal rules and conventions (V2 core test; Tie-break 3).,D,4,4,0.67
bargain,to discuss prices with the goal of saving money,V2,"Requires language, symbols (prices/money), and social conventions (V2 core test).",D,4,4,0.67
exaggerate,to make something look bigger or more important,V2,Symbolic/linguistic action requiring representation and intention beyond direct physical change.,D,4,4,0.67
quotation,the repeating of one person’s words by another,V2,Linguistic action requiring symbols and language (V2 core test).,D,4,4,0.67
register,to show a reading on a scale,V2,"Meaning involves showing a reading on a measurement scale, requiring symbolic units and formal measurement conventions (V2 core test).",D,10,4,0.67
worship,to share in a religious service,V2,Rule-governed action in institutional religious context; requires symbolic conventions.,D,4,4,0.67
upset,to win by surprise,V2,"Requires symbolic rules of competition, scoring, and cultural conventions for 'surprise' outcome.",D,8,4,0.67
uncover,"to take off one’s hat, out of respect",V2,Rule-governed action; requires social convention/symbolic rules for meaning (respect).,D,4,4,0.68
pool,to put into a common fund or joint effort,V2,"Action requires symbolic rules, social agreement, and institutional concepts (common fund, joint effort).",D,2,4,0.68
stump,to perplex or baffle,V2,"Action causing cognitive perplexity, requiring symbolic/mental concepts beyond direct perception or basic procedures.",D,4,4,0.68
toast,to pay honor to,V2,"Symbolic, rule-governed social action requiring cultural convention (Tie-break 3).",D,6,4,0.68
try,to place on trial,V2,"Institutional legal action requiring rules, laws, and procedures (V2 core test).",D,10,4,0.68
advance,to give to beforehand,V2,"Action requires temporal convention, future obligation, and social/institutional rules (V2 core test).",D,6,4,0.69
level,to be frank and honest with,V2,Action requiring language and social conventions for honest communication (V2 core test).,D,8,4,0.69
police,to keep in order,V2,Action requires institutional rules and authority (Tie-Break 3).,D,4,4,0.71
square,to settle matters or an account,V2,"Action requires symbolic rules, calculation, and institutional procedures for accounts.",D,10,4,0.72
sweep,to gain immediate approval by someone,V2,"Action requires social agreement, language, and possibly institutional rules (V2 core test).",D,2,4,0.72
sweep,a play in football,V2,Rule-governed action/procedure in a game; requires symbolic rules and conventions of football.,D,10,4,0.72
check,to leave something with an attendant for a fee,V2,"Institutional action requiring social convention, payment (fee), and role (attendant).",D,6,4,0.73
charge,to formally accuse someone,V2,"Institutional action requiring formal rules, language, and legal procedures (V2 core test).",D,2,4,0.73
tick,to mark off,V2,"Action mainly symbolic/rule-governed (checkmark convention to indicate completion); requires cultural teaching, not direct animal/perceptual performance.",D,10,4,0.73
abbreviate,to shorten,V2,Linguistic action requiring symbolic rules and language conventions.,D,4,4,0.74
receive,to greet or welcome,V2,"Social action requiring cultural conventions, symbolic rules, and often language (V2 core test).",D,2,4,0.74
base,to establish,V2,"Action requires symbolic, formal, or rule-governed procedures (e.g., establishing rules, foundations via convention).",D,10,4,0.75
crash,to attend or enter without an invitation,V2,"Rule-governed action requiring social conventions, invitations, and cultural understanding (V2 core test).",D,2,4,0.76
second,to support a motion,V2,Institutional action requiring formal rules and convention (Tie-break 3).,D,8,4,0.76
invest,to put money into,V2,"Requires symbolic rules, institutions (financial systems), and culturally taught procedures with money units.",D,4,4,0.76
waltz,a ballroom dance in three-quarter time,V2,Rule-governed action requiring cultural/dance conventions and symbolic musical timing (three-quarter time).,D,4,4,0.78
govern,to rule,V2,"Requires institutional rules, authority, and social agreement (V2 core test).",D,4,4,0.78
back,to support financially,V2,Requires institutional financial rules and procedures.,D,8,4,0.79
plug,to favorably mention a product; advertise,V2,Symbolic linguistic action requiring language and cultural convention (V2 core test).,D,10,4,0.79
goof,to make a mistake,V2,Requires recognition of deviation from symbolic rules or expected correctness (V2 core test).,D,4,4,0.8
cross,to work against,V2,"Action of opposition requiring conceptual understanding of agency and intent, not direct bodily movement; core test for V2 applies (beyond basic animal-level procedures).",D,8,4,0.81
program,to prepare instruction for a computer,V2,"Requires symbolic rules, language, and formal procedures (V2 core test).",D,10,4,0.81
relax,to make less strict,V2,Rule-governed action requiring symbolic conventions or institutional standards (to make less strict).,D,6,4,0.82
sass,to talk back; to be disrespectful,V2,Language-based action requiring symbolic rules and cultural norms of respect/disrespect.,D,2,4,0.82
soak,to charge too much,V2,"Action requiring institutional rules of commerce, money symbols, and social conventions.",D,8,4,0.82
arrange,to adapt music to add elements not originally intended,V2,"Requires symbolic rules, musical notation, and culturally taught procedures (V2 core test).",D,2,4,0.83
bounce,to write a check for an account with insufficient funds,V2,"Institutional financial action requiring banking rules, accounts, and conventions (V2 core test).",D,2,4,0.83
address,to apply one’s self,V2,Abstract action of directing effort; not concrete motor action with observable bodily movement (P2 core test); requires conceptual/culturally taught procedure (V2 core test).,D,6,4,0.84
wire,to provide with a system of electricity,V2,"Requires symbolic rules, electrical codes, and culturally taught procedures (V2 core test).",D,2,4,0.84
slice,golf term for a stroke causing the ball to curve too much,V2,Golf term for rule-governed action/outcome in a game requiring institutional conventions.,D,2,4,0.85
bar,to refuse entry,V2,Action requires social/institutional rules or convention to deny access.,D,10,4,0.86
key,to adjust or regulate to suit a particular activity,V2,Action requires culturally taught procedures or rules to regulate suitably for an activity.,D,2,4,0.87
press,to insist,V2,Symbolic/linguistic action requiring verbal insistence; V2 core test.,D,10,4,0.88
hook,to catch by a trick; steal; pilfer,V2,Action requires institutional rules of property ownership and deception (trick).,D,8,4,0.9
book,to enter charges against someone on a police register,V2,"Institutional action requiring legal rules, symbols, and formal procedures (V2 core test).",D,10,4,0.92
steel,to cause oneself to become hard and strong like steel,V2,Requires linguistic metaphor and symbolic understanding; not direct bodily action.,D,2,4,0.97
design,to make a plan,V2,Action requires symbolic/linguistic planning procedures; not direct bodily movement (P2 core test).,D ,4,4,0.67
employ,to put to work,V2,"Requires institutional or rule-governed procedures (e.g., hiring, assigning roles); not direct bodily action.",D ,4,4,0.7
deposit,to put money in a bank,V2,"Institutional action requiring bank rules, money as V1 unit, and formal procedures.",D ,4,4,0.7
delay,to put off,V2,"Action requiring symbolic rules or culturally taught procedures for timing/postponing (e.g., schedules).",D ,4,4,0.78
fiddle,to waste time,V2,Requires language-defined concept of 'time' and cultural judgment of productivity; not direct bodily action.,D ,8,4,0.81
foot,to pay for,V2,"Institutional action requiring symbols, currency, and social convention (V2 core test).",D ,10,4,0.81
fox,to outsmart,V2,"Action requiring strategic cognition and culturally defined cleverness, not direct physical movement (P2 core test).",D ,6,4,0.86
dock,to bring together two or more orbiting objects,V2,"Requires symbolic rules, calculations, and formal procedures (V2 core test).",D ,2,4,0.91
cut,to divide a deck of cards,V2,Rule-governed action in card games requiring culturally taught procedures.,E,2,4,0.67
collect,to get money,V2,Requires symbolic/institutional understanding of money as currency; not direct bodily action without rules.,E,2,4,0.67
command,to give an order,V2,Action requires language/symbolic rules (Tie-break 3).,E,2,4,0.67
cut,to skip classes,V2,Action requiring institutional rules and social convention (school classes); V2 core test.,E,8,4,0.67
drop,to stop talking about a subject,V2,Symbolic linguistic action requiring language and conversational rules (V2 core test).,E,2,4,0.68
revenge,to get even,V2,"Requires symbolic rules, cultural concepts of reciprocity, and intent beyond direct physical action.",E,4,4,0.69
fail,not to succeed in doing something,V2,"Action outcome requires evaluation against goals/rules, which are symbolic or conventional (V2 core test).",E,4,4,0.7
sneak,to say or do something behind someone’s back,V2,"Requires social conventions of secrecy/deception and possibly language (""say""); not direct bodily action alone.",E,2,4,0.72
save,to keep money,V2,Requires institutional rules and symbolic understanding of currency/money (V2 core test; tie-break 3).,E,2,4,0.73
mind,to obey,V2,"Rule-governed action requiring language, symbols, or social conventions (V2 core test).",E,2,4,0.74
vote,to pick a person for office,V2,"Institutional action requiring rules, social agreement, and formal procedures (V2 core test; tie-break 3).",E,2,4,0.74
happen,to occur by chance,V2,"Requires conceptual understanding of ""chance"" (randomness), a symbolically-defined causal category beyond direct perception.",E,2,4,0.74
earn,to get pay for work,V2,"Requires institutional rules, social agreement, and monetary units (pay).",E,2,4,0.75
elect,to choose by vote,V2,"Institutional action requiring rules, voting procedures, and social agreement.",E,4,4,0.75
weigh,to find out how heavy something is,V2,Measurement procedure requiring units/symbols (V2 core test; tie-break 3).,E,2,4,0.75
tease,to make fun of,V2,Action requires language and social conventions (Tie-break 3).,E,4,4,0.76
remove,to dismiss from an office or position,V2,"Institutional action requiring rules, authority, and social conventions (V2 core test).",E,4,4,0.76
close,to bring to an end,V2,"Action of termination often requires symbolic, conventional, or rule-governed procedures; not direct bodily movement.",E,2,4,0.77
trespass,to enter a property unlawfully,V2,Action requires institutional rules and laws on property ownership.,E,2,4,0.77
beg,to ask for,V2,Linguistic action requiring language/symbols (Tie-break 3).,E,4,4,0.78
join,to become a member,V2,"Institutional action requiring social rules, conventions, and agreement (V2 core test).",E,2,4,0.78
trick,to try to fool,V2,"Action requires intentional deception involving social/mental rules and understanding of beliefs, not direct bodily movement.",E,4,4,0.78
sell,to get people to buy something,V2,"Requires institutional rules, social agreement, and symbolic exchange (money/commerce).",E,2,4,0.79
correct,to remove mistakes,V2,Requires symbolic rules or conventions to identify and remove mistakes (V2 core test; tie-break rule 3).,E,2,4,0.79
call,to announce,V2,Requires language/symbols to convey information; linguistic action per V2 core test.,E,2,4,0.8
call,to end a game early,V2,Rule-governed action in institutional game context requiring symbolic authority and procedures.,E,10,4,0.8
manage,to get along,V2,Requires culturally taught social conventions and procedures; not direct bodily motor action.,E,2,4,0.81
solve,to find the answer,V2,"Requires symbolic rules, reasoning, or culturally taught procedures to find the answer.",E,2,4,0.81
subtract,to take one number from another,V2,Requires symbolic numerical rules and arithmetic procedures (V2 core test).,E,2,4,0.81
tattle,to tell secrets,V2,Requires language and symbolic communication (telling secrets); V2 core test.,E,2,4,0.81
print,a way of writing that uses separated letters,V2,Symbolic linguistic procedure requiring knowledge of letters and writing conventions.,E,2,4,0.82
celebrate,to observe a holiday,V2,"Requires institutional rules, cultural conventions, and symbolic knowledge of holidays.",E,2,4,0.82
fly,to drive an airplane,V2,"Requires symbolic rules, formal training, and institutional procedures (aviation); not direct bodily action performable by pre-verbal child (V2 core test).",E,2,4,0.82
forward,to send on,V2,Requires institutional/communication rules and symbols (V2 core test).,E,2,4,0.82
allow,to permit,V2,"Action requiring symbolic rules, social agreement, or institutional authority.",E,2,4,0.82
amount,add up to,V2,Requires symbolic numerical rules (V2 core test).,E,2,4,0.82
gamble,to play games for money,V2,Rule-governed action requiring games rules and institutional money/currency.,E,2,4,0.82
gamble,to take big chances,V2,"Rule-governed action involving risk assessment, symbols (odds), and often institutions (betting).",E,2,4,0.82
jump,a move in the game of checkers,V2,Rule-governed action in a game; requires symbolic rules and culturally taught procedures (V2 core test).,E,2,4,0.82
number,to count,V2,"Requires symbolic rules, numbers, and culturally taught sequence (Tie-break 3).",E,2,4,0.82
sass,to talk back,V2,Linguistic action requiring language and social conventions (Tie-break 3).,E,2,4,0.82
tell,to say to someone,V2,Action requiring language/symbols (V2 core test); not direct bodily movement alone.,E,2,4,0.82
flunk,to fail,V2,"Institutional action requiring rules, evaluation standards, and social agreement.",E,2,4,0.82
bank,to save money,V2,"Institutional action requiring financial symbols, rules, and conventions.",E,2,4,0.83
play,to pretend,V2,"Symbolic action requiring mental representation, imagination, or pretense beyond direct physical procedure (V2 core test).",E,2,4,0.83
dare,to challenge,V2,Action requiring language and social convention (V2 core test).,E,2,4,0.83
read,having understood writing,V2,Language action requiring symbolic rules and understanding of writing.,E,2,4,0.83
read,to learn what printed words mean,V2,Requires language/symbols/formal rules (V2 core test); not direct bodily action.,E,2,4,0.83
risk,to take a chance,V2,"Action requiring conceptual awareness of uncertainty/chance, a symbolic category.",E,2,4,0.83
take,to steal,V2,Action requires institutional rules on property/ownership (Tie-break 3).,E,2,4,0.83
throw,"to give, as a party",V2,Action requiring cultural conventions and socially taught procedures (V2 core test).,E,8,4,0.83
bore,to make weary by dullness,V2,"Action causing internal affective state via abstract dullness, not direct physical/bodily movement or observable physical outcome (P2 core test fails); requires conceptual understanding.",E,2,4,0.83
hitchhike,to beg a ride,V2,"Requires social convention, symbolic gesture, and culturally taught procedure to beg a ride meaningfully.",E,,4,0.84
postpone,to put off,V2,"Requires symbolic rules, language, and culturally taught procedures for managing time and schedules.",E,2,4,0.84
brag,to praise yourself,V2,Linguistic/symbolic action requiring language and social convention (V2 core test).,E,2,4,0.84
decide,to make up your mind,V2,Symbolic mental process requiring deliberation and conceptual representation of options; core test: involves symbolic rules beyond direct perception or basic bodily action.,E,2,4,0.84
fool,to play a trick on,V2,Action requiring symbolic deception or culturally taught social procedures; not basic motor action.,E,2,4,0.84
quiz,to question,V2,Linguistic action requiring language/symbols (V2 core test).,E,2,4,0.84
record,to write down,V2,Symbolic/linguistic action requiring rules and symbols (Tie-break 3).,E,2,4,0.84
spend,to pay out money,V2,Requires symbolic/institutional rules for money transactions (V2 core test).,E,2,4,0.84
plan,to work out something ahead of time,V2,Requires symbolic mental representation and rule-governed cognitive procedures; not direct physical action.,E,2,4,0.84
total,to add up,V2,"Requires symbolic numerical rules (V2 core test); arithmetic action like ""calculate"".",E,2,4,0.84
bet,to gamble for money,V2,"Rule-governed action requiring symbols, money (institutional unit), and cultural conventions.",E,2,4,0.85
typewrite,to print letters using a machine with keys,V2,Requires symbolic rules and learned key-letter mapping for correct performance; not direct bodily action alone.,E,2,4,0.85
invent,to make something new,V2,Requires conceptual understanding of novelty and symbolic/creative processes beyond basic physical actions; core test for V2 applies.,E,2,4,0.85
sure,"yes, of course",V2,Linguistic affirmation requiring language and conventional rules.,E,2,4,0.85
afford,to be able to pay for,V2,Requires institutional rules and conventions of currency/payment (Tie-break 3).,E,2,4,0.85
answer,reply,V2,Linguistic action requiring symbolic language/rules (V2 core test).,E,2,4,0.85
describe,to give word pictures of something,V2,Linguistic action requiring language and symbols (V2 core test).,E,2,4,0.85
doctor,to try to cure,V2,Action requires culturally taught medical procedures and institutional rules (V2 core test).,E,2,4,0.85
list,to write down certain information in order,V2,"Action requiring language, symbols, and rule-governed ordering of information (V2 core test).",E,2,4,0.85
prove,to show to be true,V2,"Action requiring symbolic rules, language, and reasoning (V2 core test).",E,2,4,0.85
send,to mail off,V2,"Institutional action requiring postal rules, symbols (addresses), and conventions.",E,2,4,0.85
win,to get a prize,V2,Rule-governed action in contests requiring symbolic rules and procedures.,E,2,4,0.85
win,to get a victory,V2,Rule-governed action in competitions; requires symbolic rules (V2 core test).,E,2,4,0.85
remind,to cause someone to remember something,V2,Action requires symbolic/linguistic communication or culturally taught procedures to trigger memory (V2 core test).,E,2,4,0.85
think,to imagine,V2,Action requiring symbolic mental representation and conceptual processes; not direct physical/bodily (P2 test).,E,2,4,0.85
permit,to allow,V2,"Action requires symbolic rules, language, or institutional permission (V2 core test).",E,2,4,0.86
agree,to think the same way,V2,Action requires symbolic/linguistic alignment of thoughts; core test: depends on shared mental representation via language or convention.,E,2,4,0.86
multiply,to make a larger number,V2,Arithmetic action requiring symbolic numerical rules (V2 core test).,E,2,4,0.86
murder,to kill a human unlawfully,V2,Requires legal/institutional rules to define as unlawful (Tie-Break 3).,E,2,4,0.86
price,to set a value on,V2,"Requires symbolic rules, numbers, and institutional conventions for value assignment.",E,2,4,0.86
study,to try to learn,V2,"Action requires language, symbols, and culturally taught procedures (V2 core test).",E,2,4,0.86
understand,to know what something means,V2,Requires language/symbolic rules to know/comprehend meaning (V2 core test).,E,2,4,0.86
speak,to talk,V2,Linguistic/symbolic action requiring language rules (V2 core test; tie-break rule 3).,E,2,4,0.87
order,to command,V2,Action requiring language and symbolic rules; V2 core test.,E,2,4,0.87
repeat,to say again and again,V2,Linguistic action requiring symbolic language rules.,E,2,4,0.87
repeat,to say again,V2,Linguistic action requiring symbolic verbal content and rules (V2 core test).,E,2,4,0.87
tell,to let someone know,V2,Symbolic/linguistic action requiring language to convey information (V2 core test; tie-break 3).,E,2,4,0.87
dial,to use a telephone,V2,Requires symbolic numbers and institutional telephone rules (Tie-break 3).,E,2,4,0.88
hurt,to damage another’s feelings,V2,Boundary of P2: action mainly symbolic/linguistic (damaging feelings requires social/emotional concepts beyond direct physical perception).,E,2,4,0.88
greet,to say hello,V2,Requires language/symbolic rules; linguistic action per V2 core test.,E,2,4,0.88
honor,to show respect for,V2,"Requires symbolic rules, social conventions, and culturally taught procedures (V2 core test).",E,2,4,0.88
learn,to find out,V2,"Action requiring cognitive/symbolic processes to acquire knowledge/information; beyond pure perceptual/procedural (animal/pre-verbal test fails for propositional ""find out"").",E,2,4,0.88
rent,to pay for using,V2,"Institutional action requiring rules, money, and social agreement (V2 core test; tie-break 3).",E,2,4,0.88
shop,to buy things,V2,"Requires institutional rules, currency, and commercial conventions (V2 core test).",E,2,4,0.88
score,to make a point,V2,Action requires symbolic rules of games/competition (V2 core test; tie-break rule 3).,E,2,4,0.88
think,to remember,V2,Symbolic mental action; requires cognitive/symbolic processes beyond direct bodily perception (V2 core test).,E,2,4,0.88
obey,to do as one is told,V2,Requires following verbal/symbolic instructions (language/rules; Tie-break 3).,E,2,4,0.89
count,to say numbers in order,V2,"Requires symbolic rules, language, and culturally taught number sequence (V2 core test).",E,2,4,0.89
count,to tell how many,V2,Requires symbolic numerical rules to perform correctly.,E,2,4,0.89
drug,to give medicine (by a doctor),V2,Action requires institutional role (doctor) and rule-governed medical procedures.,E,2,4,0.9
motor,to travel by car,V2,Requires institutional rules (traffic laws) and culturally taught procedures to perform correctly.,E,2,4,0.9
write,to put words on paper,V2,Action requires language/symbols to form words (Tie-break 3).,E,2,4,0.9
ask,to question,V2,Linguistic action requiring language/symbols (V2 core test; tie-break rule 3).,E,2,4,0.9
add,to find the sum,V2,Requires symbolic numerical rules (arithmetic action).,E,2,4,0.9
talk,to speak,V2,Linguistic action requiring symbolic language rules.,E,2,4,0.9
wonder,to think about,V2,Symbolic/linguistic mental action requiring conceptual/symbolic processes.,E,2,4,0.9
fly,to travel by airplane,V2,"Action requires institutional rules, symbols (tickets), and conventions (airlines, aviation regulations).",E,2,4,0.91
control,to take charge of,V2,"Action requiring social convention, authority roles, or institutional rules (V2 core test).",E,2,4,0.91
remember,to keep in mind,V2,Requires symbolic mental representation and language-dependent cognitive processes.,E,2,4,0.91
enter,to take part in,V2,"Requires symbolic rules or social convention to ""take part in"" an activity (V2 core test).",E,8,4,0.92
book,to arrange for ahead of time,V2,"Requires language, communication, and institutional procedures (e.g., reservations).",E,10,4,0.92
fight,to go to war against,V2,"Institutional action requiring symbolic rules, language, and social agreement (V2 core test; tie-break rule 3).",E,2,4,0.92
promise,words said that bind you to do or not do something,V2,"Requires language, symbols, and social/institutional rules to bind obligatorily.",E,2,4,0.92
steal,to rob,V2,Action requiring institutional rules of ownership and law.,E,2,4,0.93
invite,to ask to come,V2,Requires language/symbolic communication (to ask).,E,2,4,0.93
deal,to buy and sell,V2,"Institutional action requiring social conventions, symbols (e.g., money), and rules.",E,2,4,0.93
explain,to make clear,V2,Symbolic/linguistic action requiring language to clarify concepts; V2 core test.,E,2,4,0.93
say,to tell or speak,V2,Linguistic action requiring symbolic language rules (V2 core test; tie-break rule 3).,E,2,4,0.94
call,to phone,V2,"Requires symbols (dialing), language, and institutional technology (telephone system); Tie-break rule 3.",E,2,4,0.95
pay,to give out money,V2,Action requiring institutional rules and symbolic understanding of money (V2 core test; tie-break rule 3).,E,2,4,0.95
sing,to say words with musical tones,V2,Requires language/symbols (say words); linguistic action per V2 core test and tie-break rule 3.,E,2,4,0.95
explain,to give the reason for,V2,Requires language/symbols to articulate reasons (V2 core test).,E,2,4,0.95
divide,to show how many times one number contains another number,V2,Requires formal numerical rules and symbols; arithmetic operation (V2 core test).,E,2,4,0.96
phone,to call by telephone,V2,"Action requires symbolic rules, language, numbers, and culturally taught procedures (telephone system).",E,2,4,0.97
film,to make a movie of,V2,"Requires culturally taught procedures, technology rules, and symbolic knowledge to perform correctly.",E,2,4,0.97
map,to plan in detail,V2,Requires symbolic rules or culturally taught cognitive procedures; not direct physical action (P2 core test).,E,2,4,0.98
blast,to launch a rocket,V2,"Requires symbolic rules, technology, and institutional procedures (V2 core test).",E,2,4,0.99
behave,to act well,V2,Rule-governed action requiring cultural/social conventions (Tie-break 3).,E ,4,4,0.77
boss,to order others around,V2,Action requiring language/symbols and social conventions (V2 core test).,E ,2,4,0.79
tag,to touch a base runner,V2,Action requires rules of baseball (institutional game procedure).,L2,6,4,0.67
serve,to put a tennis ball into play,V2,Rule-governed action requiring knowledge of tennis game rules and conventions.,L2,6,4,0.7
deal,to give out playing cards,V2,Rule-governed action in games; requires symbolic rules for correct performance (V2 core test).,L2,4,4,0.79
pardon,to excuse or overlook,V2,"Symbolic/institutional action requiring language, social rules, and convention (V2 core test).",L2,6,4,0.81
encourage,give hope to,V2,Action requires symbolic/linguistic communication to instill abstract internal state (hope).,T2,4,4,0.67
argue,to discuss for and against something,V2,Requires language/symbols for verbal discussion and reasoning.,T2,4,4,0.67
drill,to train thoroughly,V2,Requires culturally taught procedures and rules (V2 core test).,T2,4,4,0.67
loan,to lend,V2,"Action requiring social convention, language, and culturally taught procedures for temporary transfer with expectation of return.",T2,4,4,0.67
propose,to ask someone to marry,V2,Symbolic/institutional action requiring language and social convention (Tie-break 3).,T2,4,4,0.67
register,to make a record of,V2,"Action requires symbolic rules, language, or culturally taught procedures to create a record.",T2,6,4,0.67
strike,to stop work because demands are not met,V2,"Institutional action requiring social rules, demands, and labor conventions (V2 core test).",T2,2,4,0.67
disappoint,"to fail to fill a hope, desire, or expectation",V2,"Action requires symbolic/culturally defined concepts (hope, desire, expectation); not direct physical/bodily procedure.",T2,4,4,0.67
execute,to put to death,V2,"Requires institutional rules, law, and formal procedures (e.g., legal execution); core test for V2.",T2,4,4,0.68
warn,to tell of danger,V2,Requires language/symbols to communicate danger; V2 core test.,T2,4,4,0.68
achieve,to gain by effort,V2,"Action requiring symbolic goals, intention, and culturally defined success criteria (not direct bodily movement alone).",T2,4,4,0.68
dishonor,to cause shame,V2,"Requires social conventions, cultural rules, or symbolic norms to cause shame meaningfully.",T2,4,4,0.68
figure,to add up the cost,V2,Requires symbolic numerical rules and institutional concept of cost/money (V2 core test).,T2,4,4,0.68
fire,to dismiss from a job,V2,"Institutional action requiring social conventions, employment rules, and language.",T2,4,4,0.68
forbid,to refuse to allow,V2,"Requires language, symbols, or institutional rules to perform (Tie-Break 3).",T2,4,4,0.68
forgive,to pardon,V2,"Requires symbolic rules, language, and social/institutional conventions (V2 core test).",T2,4,4,0.68
grade,to give a mark,V2,"Requires symbolic rules, evaluation criteria, and institutional procedures (Tie-break 3).",T2,4,4,0.68
handle,to manage,V2,"Requires symbolic rules, planning, or culturally taught procedures (V2 core test); not direct bodily movement (tie-break 2).",T2,4,4,0.68
handle,to manage,V2,"Requires symbolic rules, culturally taught procedures for organization/control.",T2,4,4,0.68
handle,to manage,V2,"Requires symbolic rules, planning, and culturally taught procedures (V2 core test).",T2,4,4,0.68
handle,to manage,V2,"Requires symbolic rules, planning, or culturally taught procedures (V2 core test).",T2,4,4,0.68
satisfy,to fulfill the needs or wishes of,V2,"Action requires identifying and fulfilling potentially symbolic wishes/needs, involving social or linguistic understanding (V2 core test).",T2,4,4,0.68
squeal,to tell on,V2,Symbolic linguistic action requiring language and social rules (V2 core test).,T2,4,4,0.68
suggest,to bring to mind,V2,Symbolic/linguistic action requiring mental representation or language; core test: depends on symbolic cognitive processes.,T2,4,4,0.68
suggest,to furnish an idea,V2,Symbolic/linguistic action; requires language or symbols to convey ideas (V2 core test).,T2,4,4,0.68
surrender,to give up,V2,Action mainly symbolic/institutional/rule-governed (V2 core test; requires social agreement or convention).,T2,4,4,0.68
witness,to give evidence,V2,"Institutional action requiring language, rules, and formal procedures.",T2,4,4,0.68
lose,to fail to win,V2,Rule-governed action/outcome in competitions requiring symbolic rules (V2 core test).,T2,4,4,0.68
launch,to send a rocket or space shuttle up into space,V2,"Requires formal rules, procedures, calculations, and technology; not direct bodily action (V2 core test).",T2,4,4,0.69
manage,to control,V2,"Action typically requiring direction, decisions, or rule-governed procedures beyond direct bodily movement.",T2,4,4,0.69
communicate,get and send messages,V2,Requires language/symbols for sending/receiving messages (V2 core test).,T2,4,4,0.69
lend,to loan,V2,"Requires symbolic rules, social agreement, and institutional conventions of property/ownership.",T2,4,4,0.69
reply,to answer,V2,Linguistic/symbolic action requiring language and rules (V2 core test).,T2,4,4,0.69
teach,to educate,V2,"Requires language, symbols, and culturally taught procedures (V2 core test).",T2,4,4,0.69
fuss,to argue,V2,Requires language and symbolic rules to perform.,T2,4,4,0.7
sign,to write your name,V2,"Symbolic/linguistic action requiring knowledge of letters, spelling, and name (V2 core test; tie-break rule 3).",T2,4,4,0.7
discuss,to talk over,V2,Linguistic action requiring language/symbols (V2 core test; tie-break rule 3).,T2,4,4,0.7
serve,to wait on,V2,"Action requires social conventions, institutional roles (e.g., waiter), and often language/rules for proper performance.",T2,4,4,0.7
take,to accept,V2,"Action requires social convention, agreement, or symbolic understanding (V2 core test).",T2,4,4,0.7
convince,to make a person believe,V2,"Requires language, symbols, and culturally taught persuasion procedures (V2 core test).",T2,4,4,0.7
announce,to make known,V2,Requires language/symbols to make information known; V2 core test.,T2,4,4,0.71
bluff,to fool,V2,"Requires symbolic/linguistic deception and rules of pretense, not direct bodily action (V2 core test).",T2,4,4,0.71
note,to jot down,V2,Symbolic linguistic action requiring writing rules and symbols (V2 core test).,T2,6,4,0.72
arrest,to take prisoner,V2,"Institutional action requiring legal rules, authority, and conventions (Tie-Break 3).",T2,4,4,0.73
follow,to obey,V2,"Rule-governed action requiring symbolic rules, authority, or culturally taught procedures (V2 core test; tie-break 3).",T2,4,4,0.73
report,to tell what happened,V2,Language action requiring symbolic communication (V2 core test).,T2,4,4,0.73
report,to turn someone in,V2,"Institutional action requiring language, rules, and social conventions (Tie-break 3).",T2,6,4,0.73
research,to hunt for facts,V2,"Requires symbolic rules, language, and conceptual understanding of 'facts' (V2 core test).",T2,4,4,0.73
review,to examine the facts,V2,"Action requires symbolic/linguistic processing of abstract ""facts"" (V1 concepts); not direct bodily movement.",T2,8,4,0.73
please,to be so kind as to—used to express a request,V2,Symbolic linguistic action to express a polite request; requires language and social convention (V2 core test).,T2,2,4,0.74
learn,to memorize,V2,Requires symbolic/linguistic processes and culturally taught procedures (memorizing information).,T2,4,4,0.74
pretend,to make believe,V2,Symbolic action requiring understanding of make-believe and representation (V2 core test).,T2,4,4,0.74
receive,to get messages,V2,Action requires handling symbolic/linguistic content (messages); not direct physical without symbols.,T2,4,4,0.74
swear,to make a strong promise,V2,Action requires language and social convention (V2 core test).,T2,4,4,0.74
invite,to ask,V2,"Linguistic action requiring verbal symbols and convention (Tie-break 3, V2 core test).",T2,4,4,0.75
cheat,to act dishonestly,V2,Rule-governed action requiring social conventions and symbolic understanding of honesty.,T2,4,4,0.75
defeat,to cause to lose or prevent the success of,V2,"Requires symbolic rules or conventions to define ""success"" and ""loss"" in a contest.",T2,4,4,0.75
defeat,to win victory over,V2,"Requires context of competition, rules, or convention to define ""victory""; not direct bodily action alone (V2 core test).",T2,4,4,0.75
hint,to give a suggestion or sign of,V2,Symbolic/linguistic action requiring language and shared conventions (V2 core test).,T2,6,4,0.75
respect,to honor or be considerate of,V2,"Action requires symbolic social rules, conventions, and culturally taught procedures (V2 core test).",T2,4,4,0.75
ship,to send something,V2,"Requires symbolic rules, language (addresses), and institutional procedures (carriers/postal systems).",T2,4,4,0.75
spell,to write or say the letters in a word in order,V2,Language action requiring symbolic rules and knowledge of letter order in words.,T2,4,4,0.75
involve,to include,V2,Not direct bodily movement (P2 core test); requires conceptual/linguistic understanding of relational inclusion (V2 core test).,T2,6,4,0.75
introduce,to make known,V2,Requires language and social convention (V2 core test).,T2,4,4,0.76
tease,to annoy or playfully make fun of,V2,Requires symbolic/linguistic social rules and culturally taught playful intent (Tie-break 3).,T2,4,4,0.76
judge,to decide,V2,Symbolic or rule-governed action (mental deliberation); not direct physical/bodily (P2 core test fails); requires culturally taught procedures.,T2,4,4,0.77
measure,to find the size,V2,"Action requires culturally taught procedures, tools, or units (symbolic rules).",T2,4,4,0.77
mention,to talk about briefly,V2,Linguistic action requiring language and symbolic reference.,T2,4,4,0.77
pick,to choose,V2,Requires cognitive selection often involving symbolic or rule-based decision-making; not purely physical bodily movement like P2.,T2,4,4,0.77
alert,to give warning,V2,Symbolic communicative action requiring language or signals to convey warning effectively.,T2,4,4,0.78
clear,to make plain,V2,Requires linguistic/symbolic action to make understandable; not direct physical movement.,T2,6,4,0.78
mate,to join in marriage,V2,"Institutional action requiring social rules, language, and convention (marriage).",T2,2,4,0.78
refuse,to turn down,V2,"Action requiring language, symbols, or social convention (V2 core test).",T2,4,4,0.78
score,to grade papers,V2,"Rule-governed action requiring language, symbols, and institutional criteria (V2 core test).",T2,4,4,0.78
stall,to put off doing something,V2,"Action requiring intentional postponement of a task, involving symbolic representation of future obligation beyond direct physical movement (V2 core test).",T2,4,4,0.78
stall,to put off doing something,V2,Not direct bodily movement (P2 core test fails); intentional delay action involving cognitive/strategic procedures beyond basic physical (V2 core test).,T2,4,4,0.78
type,to write with a typewriting machine,V2,Action requires symbolic/linguistic rules to produce meaningful text.,T2,4,4,0.79
punish,to make to pay a penalty,V2,"Institutional action requiring rules, social agreement, and concept of penalty (Tie-break 3).",T2,4,4,0.79
reject,to turn down,V2,"Action requiring language, social convention, or symbolic refusal (V2 core test).",T2,4,4,0.79
sell,to give in return for money,V2,"Requires institutional rules, social agreement, and symbolic currency (money).",T2,4,4,0.79
thank,to express gratitude or appreciation,V2,Symbolic/linguistic action requiring language and social convention (V2 core test).,T2,4,4,0.79
call,to give a name to,V2,Symbolic/linguistic action requiring language (V2 core test).,T2,6,4,0.8
perfect,to make flawless or without error,V2,Action requires conceptual standards/rules to identify/eliminate errors (V2 core test).,T2,8,4,0.81
kid,to joke with,V2,"Action requires language, symbols, and social conventions (V2 core test).",T2,4,4,0.83
receipt,to sign for money paid,V2,"Institutional action requiring symbols, writing, and social rules for payment acknowledgment.",T2,6,4,0.83
address,to speak formally to,V2,"Requires language, symbolic rules, and formal conventions; V2 core test.",T2,6,4,0.84
defend,to argue in favor of something or someone,V2,Requires language and symbolic rules; linguistic action (V2 core test).,T2,2,4,0.85
think,to use your mind,V2,"Action defined via abstract/verbally-defined concept ""mind""; requires symbolic understanding beyond direct perception.",T2,4,4,0.85
skip,to leave out,V2,"Action of omission typically requires symbolic rules or sequence context (e.g., lists, counting).",T2,6,4,0.86
strike,to chime the hour,V2,Action requires rule-governed timing tied to institutional time unit (hour).,T6,6,4,0.67
cut,to snub someone,V2,Social action requiring symbolic rules and cultural conventions (V2 core test).,T6,4,4,0.67
propose,to suggest,V2,Requires language/symbols to perform (V2 core test).,T6,8,4,0.67
quotation,to repeat another’s words,V2,Linguistic action requiring symbols/language to repeat words accurately (V2 core test).,T6,4,4,0.67
register,to write one’s name,V2,Action requires symbolic/linguistic rules (writing name per orthographic conventions).,T6,6,4,0.67
slight,to pay little attention,V2,Social action requiring culturally taught conventions and rules (V2 core test).,T6,10,4,0.67
strike,to take from a list,V2,Requires symbolic/linguistic manipulation of a list (rule-governed action).,T6,8,4,0.67
track,to follow a satellite,V2,"Requires scientific instruments, symbolic rules, and calculations (V2 core test).",T6,8,4,0.67
track,to keep in touch,V2,"Requires symbolic communication, language, or social convention (Tie-Break 3).",T6,8,4,0.67
sterilize,to free from germs,V2,Requires knowledge of invisible germs (V1 concept) and rule-governed procedures to eliminate them; not direct observable action per P2 core test.,T6,4,4,0.68
appear,to come before public,V2,Action requires social/institutional rules or convention (presenting before a public audience).,T6,4,4,0.68
examine,to see what someone knows about a subject,V2,"Requires language, symbols, and formal rules to assessassess knowledge (V2 core test).",T6,4,4,0.68
rule,to decide officially,V2,"Institutional action requiring official rules, authority, and social convention.",T6,8,4,0.68
settle,to agree on,V2,Requires language and social convention; V2 core test.,T6,6,4,0.68
try,to examine; to judge,V2,"Action requiring symbolic rules, language, institutional rules, or culturally taught procedures (to judge).",T6,6,4,0.68
worship,to attend services,V2,Requires institutional rules and conventions of religious services.,T6,4,4,0.68
court,to date a girl with the intent to marry,V2,"Requires symbolic rules, language, social conventions, and institutional intent (marriage).",T6,4,4,0.69
flirt,to act romantic in a playful or coy way,V2,Socially conventional action requiring cultural rules/symbols (not direct bodily movement alone).,T6,4,4,0.69
grouch,to complain,V2,Symbolic/linguistic action requiring verbal expression and rules of communication.,T6,4,4,0.69
convict,to find guilty,V2,"Institutional action requiring legal rules, symbols, and formal procedures.",T6,6,4,0.69
waste,to spend foolishly,V2,"Requires culturally taught concepts of value, resources, and judgment of foolishness (V2 core test).",T6,4,4,0.7
serve,to do one’s job or duty,V2,"Action requires institutional roles, social agreement, or rule-governed duties (V2 core test).",T6,4,4,0.7
serve,to spend time,V2,"Institutional action requiring legal rules, conventions, or formal procedures (e.g., serve time in prison).",T6,6,4,0.7
serve,to work for,V2,"Action requiring social/institutional roles, conventions, or culturally taught procedures (employment/service relationship).",T6,4,4,0.7
shoulder,to accept responsibility,V2,"Action requiring symbolic rules, language, and social/institutional conventions (Core test: V2).",T6,10,4,0.7
tune,to adjust to a standard proper pitch,V2,Requires symbolic rules and musical conventions for standard pitch (V2 core test).,T6,4,4,0.71
blame,to find fault with,V2,"Requires language, social conventions, and symbolic judgment of fault (V2 core test).",T6,4,4,0.71
rotate,to take turns,V2,Rule-governed action requiring social convention and taught procedures (V2 core test).,T6,4,4,0.71
use,to take advantage of,V2,"Abstract strategic action depending on conceptual understanding, not direct bodily movement (P2 core test).",T6,8,4,0.71
will,to leave money or property to someone,V2,"Institutional action requiring legal rules, language, and social conventions.",T6,6,4,0.71
run,to be a candidate for office,V2,"Institutional action requiring rules, laws, and social conventions (Tie-break rule 3).",T6,6,4,0.72
run,to drive or manage,V2,"Requires institutional rules, conventions, or culturally taught procedures (V2 core test).",T6,8,4,0.72
state,to say or explain fully and clearly,V2,Linguistic action requiring symbolic language and rules (V2 core test).,T6,8,4,0.72
trade,to buy and sell,V2,"Requires institutional rules, symbols (e.g., money), and social conventions (Tie-break rule 3).",T6,4,4,0.72
borrow,to take as a loan,V2,Rule-governed action requiring social agreement and convention (V2 core test).,T6,4,4,0.73
challenge,to invite or call to take part in a contest or struggle,V2,"Action requires language (""invite or call"") and rule-governed contest/struggle; Tie-break rule 3.",T6,4,4,0.73
charge,to put off payment until a later time,V2,"Action requiring institutional financial rules, symbols, and conventions (V2 core test).",T6,2,4,0.73
draft,to draw up,V2,"Action requiring language, symbols, and formal procedures (V2 core test).",T6,8,4,0.73
elect,to decide,V2,"Requires symbolic rules, convention, or institutional procedures (e.g., selection by vote).",T6,4,4,0.73
reason,to figure something out,V2,Requires symbolic rules or cognitive procedures; core test for V2 (not performable as direct bodily action like P2).,T6,6,4,0.73
school,to instruct,V2,Symbolic/linguistic action requiring language and culturally taught procedures (V2 core test).,T6,4,4,0.73
tape,to record sounds,V2,"Requires symbolic rules, technology, and culturally taught procedures (not direct bodily action).",T6,4,4,0.73
accuse,to blame,V2,Action requiring language and social convention; V2 core test.,T6,4,4,0.74
confess,to admit as true,V2,Symbolic/linguistic action; requires language to admit as true (V2 core test).,T6,4,4,0.74
desert,to run away from duty,V2,Action requires understanding socially/institutionally defined duty and rules (V2 core test).,T6,6,4,0.74
forecast,to tell beforehand,V2,Requires language and symbolic prediction to perform (to tell beforehand).,T6,4,4,0.74
vote,to cast a ballot,V2,"Institutional action requiring rules, conventions, and symbolic procedures (Tie-break 3).",T6,4,4,0.74
fold,to fail in business; to close,V2,"Institutional action requiring business rules, laws, and conventions.",T6,10,4,0.74
lead,to influence to arrive at a particular opinion,V2,Action requires language/symbols to influence opinions (V2 core test).,T6,2,4,0.74
hedge,to avoid a straight answer,V2,Linguistic action requiring language and symbolic communication rules (V2 core test).,T6,10,4,0.75
mean,to intend to say,V2,Requires language and symbolic rules for intending linguistic communication.,T6,4,4,0.75
raise,to increase in pay,V2,"Institutional action requiring employment rules, monetary units, and social agreement.",T6,4,4,0.75
average,to add up and divide,V2,Requires symbolic numerical rules and calculation (V2 core test).,T6,4,4,0.75
hear,to learn through the ears,V2,"Meaning involves learning/comprehending information through auditory input, requiring language/symbolic processing (V2 core test).",T6,4,4,0.76
makeup,to catch up on,V2,Action requiring culturally taught procedures and abstract concepts of time/obligation (V2 core test).,T6,4,4,0.76
stoop,to lower or degrade oneself,V2,"Action requiring cultural/social norms, symbolic rules of status and degradation.",T6,6,4,0.76
preach,to give a sermon,V2,"Symbolic/linguistic/institutional action; requires language, formal religious convention, and rules (V2 core test).",T6,4,4,0.76
blow,to spend money freely,V2,Action requiring institutional rules and symbols (currency/money conventions).,T6,8,4,0.77
crack,to solve a mystery,V2,"Requires symbolic rules, language, and culturally taught procedures (deduction, interpretation).",T6,10,4,0.77
clear,to declare innocent,V2,"Institutional action requiring language, symbols, and legal rules (V2 core test).",T6,10,4,0.78
drift,to stray from a topic,V2,Action requiring symbolic/linguistic rules of discourse (V2 core test).,T6,8,4,0.78
ensure,to make sure,V2,Action requiring symbolic rules or culturally taught procedures for confirmation (V2 core test).,T6,4,4,0.78
spark,to get things started; to motivate,V2,Requires symbolic/cultural understanding of social influence; not direct physical action (V2 core test).,T6,6,4,0.78
take,to write down,V2,Symbolic linguistic action requiring rules and symbols (V2 core test; not direct bodily movement).,T6,4,4,0.78
touch,to influence someone’s feeling,V2,"Action requires conceptual understanding of internal feelings, beyond direct physical procedure or perception (V2 core test).",T6,10,4,0.78
land,to arrive at a destination by air,V2,"Requires aviation rules, procedures, symbols (instruments, navigation), and training; not performable by pre-verbal child or animal without convention.",T6,2,4,0.79
promote,to raise to the next grade or position,V2,"Institutional action requiring formal rules, hierarchy, and social agreement.",T6,4,4,0.79
quarrel,to dispute,V2,Action requires language/symbolic verbal interaction (V2 core test).,T6,4,4,0.79
catch,to find someone in the act of doing something,V2,"Requires recognizing an illicit or rule-violating ""act,"" depending on culturally taught rules or conventions (V2 core test).",T6,4,4,0.8
account,to make a report or evaluation,V2,"Requires language, symbolic rules, and culturally taught procedures (V2 core test).",T6,6,4,0.8
express,to put into words,V2,Symbolic linguistic action requiring language (V2 core test).,T6,6,4,0.8
object,to give reason against,V2,Symbolic/linguistic action requiring language and verbal expression; V2 core test.,T6,6,4,0.8
pickup,to learn,V2,"Action requires symbolic rules, language, or culturally taught procedures (V2 core test).",T6,13,4,0.8
mean,to signify or be of importance,V2,Symbolic/linguistic action; requires language/symbols to signify or convey importance.,T6,2,4,0.81
pardon,to free a criminal,V2,"Requires institutional rules, legal authority, and social convention.",T6,6,4,0.81
worm,to get a secret from,V2,Action requires language/symbols to extract secret (information); not direct physical action.,T6,6,4,0.84
charm,to attract or delight,V2,Action requiring culturally taught social conventions and procedures.,T6,4,4,0.87
buy,to accept as true,V2,Requires symbolic rules/language for concepts of truth/belief; not direct physical action (Tie-Break 3).,T6,8,4,0.88
adore,to worship,V2,Symbolic/institutional action requiring cultural/religious rules and conventions.,T6,8,4,0.89
best,to beat someone at a contest or game,V2,Action requires symbolic rules of contest/game (V2 core test).,T6,10,4,0.9
add,to go on to say,V2,Linguistic action requiring language and symbols (V2 core test).,T6,8,4,0.9
carry,to send or transmit,V2,"Action requires symbolic or institutional means (e.g., communication protocols, transport systems); not direct bodily movement alone.",T6,6,4,0.9
hit,to unexpectedly discover,V2,"Action requiring conceptual recognition of novelty, beyond basic perception; core V2 test.",T6,2,4,0.9
enter,to put in a record,V2,Action requires symbols and formal/institutional record-keeping (V2 core test; tie-break 3).,T6,8,4,0.92
deliver,to make a speech,V2,Symbolic linguistic action requiring language and convention (V2 core test).,T6,8,4,0.93
page,to call over a loudspeaker,V2,"Requires language, symbols, and institutional procedures to perform correctly.",T6,8,4,0.95
ground,to establish or base,V2,"Requires symbolic rules, language, or conceptual procedures to base/establish meaningfully.",T6,10,4,0.97
market,to make available to sell,V2,Action requiring institutional rules and social conventions of commerce/sale.,T6,6,4,0.97
accent,to say with more emphasis,V2,Linguistic action requiring symbolic rules for speech emphasis (Tie-break 3).,D,6,6,0.67
eavesdrop,to secretly listen in on a private conversation,V2,"Requires symbolic rules of privacy and understanding of linguistic ""conversation""; not direct bodily action alone.",D,6,6,0.67
reign,to rule,V2,Rule-governed institutional action requiring social agreement and authority structures.,D,6,6,0.67
squawk,to complain or protest loudly,V2,Symbolic/linguistic action; requires language or convention to complain/protest meaningfully (V2 core test).,D,6,6,0.67
stress,to emphasize,V2,Action requires linguistic/symbolic conventions to highlight importance.,D,6,6,0.67
survey,"to find the shape, area, and boundaries of a tract of land for measuring",V2,"Requires measurement units, geometry, and formal procedures (V2 core test).",D,6,6,0.67
avenge,to get revenge for something,V2,"Action requires cultural/social rules and intent for retaliation, not direct bodily movement alone.",D,6,6,0.68
hound,to nag,V2,Linguistic action requiring language and symbolic social rules.,D,6,6,0.68
deceive,to lie,V2,Requires language and symbolic rules to perform (V2 core test).,D,6,6,0.68
deny,to declare as false,V2,Linguistic action requiring symbolic language (V2 core test).,D,6,6,0.68
let,to rent,V2,"Institutional action requiring contracts, payment, and social rules (V2 core test).",D,6,6,0.68
raffle,to sell chances,V2,"Rule-governed institutional action requiring conventions, tickets, and drawing procedures.",D,6,6,0.68
subscribe,to order a publication,V2,"Requires symbolic rules, language, and institutional procedures (commerce, agreements).",D,6,6,0.68
court-martial,to try by a military court,V2,"Institutional action requiring formal military rules, language, and procedures (V2 core test).",D,6,6,0.68
inscribe,to write or carve on,V2,Requires symbolic/linguistic rules (writing/carving meaningful inscriptions).,D,6,6,0.69
enforce,to make to obey,V2,"Requires symbolic rules, authority, or institutional procedures to compel obedience (V2 core test).",D,6,6,0.69
resign,to quit a job,V2,"Institutional action requiring formal rules, language, and social conventions.",D,6,6,0.69
mortgage,to pledge property as security for paying a debt,V2,"Action requiring language, legal rules, institutions, and social agreement (V2 core test).",D,6,6,0.7
presume,to suppose,V2,"Symbolic/linguistic action requiring conceptual reasoning and language, not direct physical or perceptual.",D,6,6,0.7
relate,to tell,V2,Linguistic action requiring symbolic language/rules (V2 core test).,D,10,6,0.7
acquaint,to make familiar,V2,Action requires language/symbols to convey familiarity (V2 core test).,D,6,6,0.71
criticize,to find fault,V2,Requires language/symbols to express judgment; rule V2 core test.,D,6,6,0.71
benefit,to do good,V2,Action requiring culturally taught or symbolic understanding of what constitutes 'good'; not direct bodily procedure.,D,6,6,0.72
penalize,to punish,V2,"Requires symbolic rules, institutions, or social conventions (V2 core test).",D,6,6,0.72
warrant,to justify,V2,"Action requiring language, symbols, and reasoning rules (V2 core test).",D,8,6,0.72
associate,to connect in one’s mind,V2,Mental action of connecting ideas; requires symbolic/cognitive processing beyond direct physical/bodily procedure (P2 core test: not observable bodily movement performable by animal without symbols).,D,6,6,0.72
josh,to tease playfully,V2,Symbolic/linguistic action requiring language and social conventions.,D,6,6,0.73
abuse,to put to the wrong use,V2,"Action requiring knowledge of conventional rules for proper (""right"") use; tie-break rule 3.",D,6,6,0.73
legislate,to make laws,V2,"Institutional action requiring formal rules, language, and social agreement.",D,6,6,0.73
prescribe,to order as a remedy,V2,"Institutional action requiring professional authority, rules, and symbolic communication (e.g., medical prescription).",D,6,6,0.73
yack,to chatter,V2,Linguistic action requiring verbal symbols and rules.,D,6,6,0.74
bribe,to influence with money,V2,"Action requiring social conventions, intent, and institutional/legal rules (V2 core test).",D,6,6,0.74
justify,to give a good reason,V2,Requires language/symbols to give reasons; V2 core test.,D,6,6,0.74
praise,to speak well of someone,V2,Linguistic action requiring language and symbolic content (V2 core test).,D,6,6,0.74
betray,to reveal or disclose something,V2,"Action requiring symbolic rules of trust, loyalty, and disclosure (V2 core test).",D,6,6,0.75
occupy,to move into an enemy’s land,V2,"Requires symbolic/institutional concepts (enemy, land ownership) and rule-governed military action; Tie-break 3.",D,8,6,0.75
journalism,the gathering and presenting news and information,V2,"Requires language, symbols, and institutional rules for gathering/presenting news.",D,6,6,0.75
humble,to make ashamed or humiliated,V2,"Action requires social conventions and recognition of shame/humiliation, which depend on language and cultural rules; not direct bodily movement (P2 core test).",D,8,6,0.76
regard,to look upon or consider,V2,"Action requires symbolic/linguistic consideration, not direct bodily movement (P2 core test).",D,8,6,0.77
emigrate,to leave one’s own country to live elsewhere,V2,Requires institutional concepts (countries) and rule-governed residency/migration.,D,6,6,0.78
intrust,to leave in the care of,V2,"Action requires social convention, trust, and culturally taught procedures (V2 core test).",D,6,6,0.79
brief,to give important details and information,V2,Action requiring language and symbolic communication (Tie-break 3).,D,4,6,0.79
excuse,to pardon,V2,Rule-governed social/institutional action requiring language and convention.,D,6,6,0.79
fill,to prepare a prescription,V2,"Institutional action requiring language, medical symbols, and formal rules.",D,6,6,0.79
flatter,to praise too much,V2,Linguistic/symbolic action requiring language and social conventions (V2 core test).,D,6,6,0.79
swindle,to cheat,V2,"Action requires symbolic rules, social conventions, and intentional deception (V2 core test).",D,8,6,0.79
engage,to take part in,V2,"Symbolic or rule-governed action; performing correctly often requires understanding conventions or procedures of the activity, not just direct bodily movement (P2 core test).",D,6,6,0.8
consent,to agree,V2,Action requiring language/symbols or social convention (V2 core test).,D,6,6,0.8
counterfeit,to deceive,V2,Requires symbolic rules and culturally taught procedures for intentional misleading.,D,6,6,0.8
smuggle,to take goods secretly and unlawfully,V2,Requires knowledge of laws/institutions and rule-breaking; institutional action (Tie-break 3).,D,6,6,0.8
sponge,to live off someone else,V2,"Requires social conventions, reciprocity norms, and culturally taught understanding of freeloading.",D,8,6,0.8
enroll,to become a member,V2,"Institutional action requiring rules, social agreement, and formal procedures (Tie-break 3).",D,6,6,0.81
testify,to give evidence,V2,"Institutional action requiring language, formal rules, and convention (V2 core test).",D,6,6,0.82
bound,to form boundaries,V2,Action requires conceptual rules or symbolic definition of limits/boundaries.,D,8,6,0.82
gab,gossip,V2,Linguistic action requiring language and symbolic social conventions (V2 core test).,D,6,6,0.82
gab,small talk; chatter,V2,Linguistic action requiring symbolic language and conversational rules.,D,6,6,0.82
gab,small talk; chatter,V2,Linguistic/symbolic action requiring language and verbal rules (V2 core test).,D,6,6,0.82
adjourn,to end a meeting,V2,Institutional action requiring formal rules and procedures.,D,6,6,0.83
affect,to influence,V2,Not a direct physical/bodily action (P2); involves abstract causal effects often depending on social/conceptual understanding beyond basic perception.,D,6,6,0.85
quote,to repeat exactly,V2,Linguistic action requiring symbols/language for exact replication (V2 core test).,D,6,6,0.9
snap,to speak sharply,V2,Linguistic action; requires language/symbols (V2 core test).,D,6,6,0.9
snap,to speak sharply,V2,Linguistic action; requires symbolic verbal production and cannot be performed meaningfully without language.,D,6,6,0.9
snap,to speak sharply,V2,Linguistic action requiring symbolic language use (speak).,D,6,6,0.9
snap,to speak sharply,V2,Linguistic action requiring symbolic language use.,D,6,6,0.9
study,to consider carefully,V2,Mental action requiring symbolic/cognitive rules beyond basic perception (V2 core test).,D,6,6,0.92
crusade,to support a cause,V2,"Action requires language, symbols, and social agreement (V2 core test).",D,10,6,0.98
establish,to prove beyond doubt,V2,"Requires symbolic rules, language, and formal procedures (V2 core test).",D ,10,6,0.68
enlist,to enroll,V2,"Requires symbolic rules, language, and institutional procedures (V2 core test).",D ,6,6,0.69
elope,to run away to marry,V2,Requires institutional rules and social agreement on marriage; not mere physical running (Tie-Break 3).,D ,6,6,0.72
foul,an action that is against the rules,V2,Action defined as against rules; requires symbolic/institutional rules (V2 core test).,D ,6,6,0.72
estimate,to guess carefully,V2,Action requiring cognitive judgment akin to symbolic or culturally taught procedures (cf. calculate).,D ,6,6,0.75
convert,to change a belief,V2,"Action requires symbolic/linguistic processes to alter an abstract, verbally-defined concept (belief).",D ,8,6,0.77
entertain,to have guests,V2,"Requires language, social conventions, and culturally taught hosting procedures (V2 core test).",D ,6,6,0.79
depart,to change from one’s original plans,V2,"Meaning involves symbolic action on abstract ""plans,"" requiring language/concepts (V2 core test).",D ,10,6,0.81
bye,a short form of goodbye,V2,Symbolic linguistic expression requiring social/language convention (V2 core test).,E,2,6,0.71
whip,to defeat,V2,"Action requires symbolic rules, convention, or structured opposition (e.g., contests, games).",E,6,6,0.72
claim,to ask for as one’s own,V2,Action requiring language and social convention to assert ownership (V2 core test).,E,8,6,0.76
chit-chat,small talk or gossip,V2,Linguistic action requiring language and social conventions (V2 core test).,E,6,6,0.77
babble,to talk foolishly,V2,Linguistic/symbolic action requiring language (V2 core test; boundary with P2).,L2,6,6,0.67
knight,to give a noble title,V2,"Institutional action requiring social convention, language, and formal rules (Tie-break 3).",L2,6,6,0.72
forfeit,to give up as a penalty,V2,Action requiring rules/institutions for penalties (V2 core test).,L6,6,6,0.68
jitterbug,a dance popular during the ’40s and ’50s,V2,Rule-governed action requiring culturally taught procedures and conventions.,L6,6,6,0.78
initial,to mark with first letters of one’s name,V2,Requires language/symbols to identify and write first letters of name (V2 core test).,T2,6,6,0.67
boast,to brag,V2,Linguistic/symbolic action requiring language and social conventions (V2 core test).,T2,6,6,0.67
calculate,to figure out,V2,"Requires symbolic rules, reasoning, or culturally taught procedures (even with vague meaning, aligns with calculate's core computational nature).",T2,6,6,0.67
predict,to tell beforehand,V2,"Symbolic/linguistic action; requires language to ""tell"" (V2 core test).",T2,6,6,0.67
publication,the act of printing books,V2,"Requires symbolic rules, language (text reproduction), and culturally taught printing procedures.",T2,6,6,0.67
see,to understand,V2,"Meaning ""to understand"" is a symbolic/cognitive process requiring language/concepts; not direct physical action (P2 boundary rule).",T2,6,6,0.67
embarrass,to make uncomfortable or ashamed,V2,"Requires social conventions, culturally taught norms, and symbolic understanding to perform meaningfully (V2 core test).",T2,6,6,0.68
conduct,to manage or direct,V2,"Action requires institutional rules, social conventions, and culturally taught procedures (V2 core test).",T2,6,6,0.68
crab,to complain or find fault,V2,Linguistic action requiring language/symbols to complain or find fault (V2 core test).,T2,6,6,0.68
lick,to defeat,V2,Action outcome typically in rule-governed competitions or conflicts; requires symbolic rules or convention (V2 core test).,T2,6,6,0.68
publish,to print material for distribution or sale,V2,Requires institutional rules and conventions for distribution and sale (Tie-break 3).,T2,6,6,0.69
possess,to own,V2,"Requires institutional rules, laws, and social agreement (Tie-Break 3).",T2,6,6,0.7
reveal,to make known,V2,Requires language/symbols to make information known (V2 core test).,T2,6,6,0.7
swap,to trade,V2,"Requires social convention, mutual agreement, or culturally taught procedures for exchange.",T2,6,6,0.7
approve,to accept,V2,"Requires symbolic, social, or institutional rules/agreement (V2 core test).",T2,6,6,0.71
insure,to make certain,V2,"Abstract action requiring intentional procedures, rules, or symbolic understanding; not direct bodily movement (P2 core test).",T2,6,6,0.71
crow,to brag,V2,Symbolic linguistic action requiring language (V2 core test).,T2,6,6,0.72
noted,said or written down,V2,Requires language/symbols for recording (V2 core test: symbolic/linguistic action).,T2,8,6,0.72
challenge,to require your best,V2,"Requires language, social convention, or culturally taught procedures to demand best effort.",T2,6,6,0.73
assign,to give out as a task,V2,Action requiring language/symbols to distribute tasks per V2 core test.,T2,6,6,0.73
less,minus,V2,Requires symbolic numerical rules (arithmetic operation: subtraction).,T2,6,6,0.73
present,to introduce,V2,Symbolic/linguistic action requiring language and social convention; V2 core test.,T2,6,6,0.74
suspect,to imagine to be so,V2,"Symbolic mental action requiring linguistic/propositional representation (""to be so""); not basic bodily/perceptible.",T2,6,6,0.74
torment,to tease,V2,"Action requiring social conventions, symbolic intent, and often language; not direct physical bodily movement (P2 core test).",T2,6,6,0.74
exclaim,to speak out,V2,Linguistic/symbolic action requiring language; Tie-break 3.,T2,6,6,0.75
rebel,to turn against,V2,"Action implying opposition to authority, requiring social/institutional rules or conventions.",T2,6,6,0.75
certify,to guarantee,V2,"Requires symbolic, linguistic, or institutional rules to guarantee.",T2,6,6,0.75
complicate,to make difficult,V2,"Action requires conceptual/symbolic manipulation of complexity, not direct bodily movement (P2 core test).",T2,6,6,0.75
contact,to get in touch with,V2,Action requiring symbolic/linguistic communication (get in touch); tie-break rule 3.,T2,4,6,0.75
decode,to figure out a secret message,V2,"Requires symbolic rules, language, and culturally taught procedures to interpret a secret message.",T2,6,6,0.75
deduct,to subtract,V2,Requires numerical symbols and mathematical rules (arithmetic action).,T2,6,6,0.75
minus,decreased by,V2,"Requires symbolic rules, numbers, and mathematical procedures (Tie-Break 3).",T2,2,6,0.75
request,to ask,V2,Linguistic action requiring symbolic language (Tie-break 3).,T2,6,6,0.75
scribble,to write carelessly,V2,Symbolic/linguistic action requiring rules for writing.,T2,6,6,0.76
claim,state as a fact,V2,Symbolic/linguistic action requiring language and convention (V2 core test).,T2,6,6,0.76
clarify,to explain clearly,V2,Linguistic action requiring language and symbolic rules (V2 core test).,T2,6,6,0.76
expect,to suppose,V2,Symbolic mental procedure requiring linguistic or hypothetical reasoning; not direct bodily action (P2 test).,T2,6,6,0.76
spread,to make information widely known,V2,Requires language/symbols to disseminate abstract information (V2 core test).,T2,6,6,0.76
cancel,to destroy the force or effect of something,V2,"Abstract action nullifying force/effect; requires conventions/rules, not direct physical/bodily (V2 core test).",T2,6,6,0.77
recycle,to make waste material available for further use,V2,"Requires symbolic rules, cultural conventions, and institutional procedures (e.g., sorting waste types for reuse programs).",T2,6,6,0.77
respond,to reply,V2,Linguistic action requiring language and symbolic rules (V2 core test).,T2,6,6,0.77
trade,buying and selling,V2,"Requires symbolic rules, institutions, and social conventions (buying/selling).",T2,6,6,0.77
coach,to direct,V2,"Requires language, symbolic rules, and culturally taught procedures (V2 core test).",T2,6,6,0.78
instruct,to give information,V2,Requires language/symbols to give information (V2 core test; tie-break rule 3).,T2,6,6,0.78
conclude,to make up one’s mind,V2,Action requires symbolic reasoning or culturally taught mental procedures; not direct physical/bodily (P2 core test).,T2,6,6,0.78
hire,to give a job,V2,"Institutional action requiring social conventions, language, and rules (V2 core test).",T2,6,6,0.78
protest,to act against to show disapproval,V2,"Action requiring symbolic rules, social convention, and expression of disapproval.",T2,6,6,0.78
excuse,to free from duty,V2,"Action requiring institutional rules, authority, and social agreement (duty).",T2,6,6,0.79
realize,to understand,V2,Requires symbolic/linguistic processing and culturally taught conceptual procedures; V2 core test.,T2,6,6,0.79
plead,to argue a case in court,V2,"Institutional action requiring language, legal rules, and court procedures.",T2,6,6,0.79
trespass,to commit an offense or sin,V2,Action requiring institutional/moral rules or conventions (V2 core test; tie-break rule 3).,T2,6,6,0.79
recommend,to speak in favor of,V2,Requires language/symbols for advocacy (V2 core test; tie-break 3).,T2,6,6,0.8
swipe,to steal,V2,Action requires institutional rules of property ownership and social conventions.,T2,6,6,0.8
punctuate,"to use periods, commas, etc.",V2,Symbolic linguistic action requiring formal rules and conventions.,T2,6,6,0.81
settle,to bring to an end,V2,"Action requires rule-governed or conventional process (e.g., resolving disputes); not direct physical/bodily.",T2,6,6,0.81
impress,to have a strong effect on,V2,Requires symbolic/psychological understanding of mental impact; not direct physical action (P2 test: no observable bodily movement alone).,T2,6,6,0.82
rehearse,to practice for a performance,V2,"Requires symbolic rules, scripts, and culturally taught procedures for a performance.",T2,6,6,0.82
interrupt,to break in or stop someone from speaking,V2,Action requires linguistic/conversational rules to stop speaking meaningfully.,T2,6,6,0.82
congratulate,to express pleasure or appreciation,V2,Requires language/symbolic expression; V2 core test for linguistic actions.,T2,6,6,0.82
suppose,to consider as true,V2,Action requiring symbolic reasoning and language; not direct physical or perceptual.,T2,6,6,0.82
develop,to bring into being,V2,Abstract process requiring conceptual understanding beyond direct bodily movement or simple physical outcomes; core test for V2 applies (not performable meaningfully without culturally taught procedures in typical usage).,T2,6,6,0.83
develop,to bring into being,V2,Abstract action requiring intentional processes beyond direct bodily movement; core test: requires culturally taught procedures or symbolic planning.,T2,6,6,0.83
declare,to make known,V2,Linguistic action requiring language and symbols to make known (V2 core test).,T2,6,6,0.84
remark,to say,V2,Linguistic action requiring symbolic language rules (V2 core test).,T2,6,6,0.84
humiliate,to shame,V2,Requires symbolic social rules and cultural conventions to perform meaningfully.,T2,6,6,0.84
indicate,to give a sign of,V2,"Action of giving a sign requires symbolic representation or conventional interpretation, not mere direct bodily movement (P2 core test).",T2,6,6,0.85
direct,to control or manage,V2,"Action requiring symbolic rules, conventions, or institutional procedures to control or manage.",T2,6,6,0.85
inform,to tell,V2,Symbolic linguistic action requiring language (V2 core test; tie-break 3).,T2,6,6,0.86
investigate,to search into to uncover facts or information,V2,Requires symbolic/culturally taught procedures to uncover facts or information (V2 core test).,T2,6,6,0.86
inherit,to get from ancestors,V2,"Requires symbolic rules, cultural conventions, or institutional understanding of ancestry and transmission (legal or genealogical).",T2,6,6,0.87
demand,to ask firmly for,V2,Linguistic action requiring symbolic language and convention (V2 core test).,T2,6,6,0.87
export,to send out of a country,V2,"Requires institutional rules, laws, and knowledge of national boundaries (V2 core test; tie-break 3).",T2,6,6,0.87
purchase,to buy,V2,"Institutional action requiring symbolic rules, currency, and social convention.",T2,6,6,0.87
accomplish,to get something done,V2,"Requires symbolic goals, intention, or culturally taught procedures to define and achieve ""getting something done"" (V2 core test).",T2,6,6,0.92
forfeit,to give up,V2,"Action requiring rules, convention, or institutional context (e.g., games, rights).",T6,6,6,0.67
pronounce,to say the sound or a word,V2,Language action requiring symbolic phonological rules.,T6,6,6,0.67
rebel,to resist or refuse to obey authority,V2,Action requires understanding and defying institutional authority and social rules (V2 core test).,T6,6,6,0.67
consult,to talk together,V2,Linguistic action requiring symbolic language/rules (V2 core test).,T6,6,6,0.67
delegate,to appoint,V2,"Requires institutional rules, language, and social agreement.",T6,6,6,0.67
parole,to release from prison for good behavior,V2,"Institutional action requiring legal rules, conventions, and judgment of behavior.",T6,6,6,0.67
suggest,to hint,V2,Symbolic linguistic action requiring language and shared conventions.,T6,6,6,0.67
veto,to reject or refuse to consent,V2,"Institutional action requiring formal rules, consent, and symbolic procedures.",T6,6,6,0.67
relieve,to take someone’s place,V2,Rule-governed action involving social/institutional substitution (Tie-break 3).,T6,6,6,0.68
fascinate,to charm,V2,Action not direct physical/bodily with observable physical outcome (P2 core test); involves social/affective influence likely requiring culturally taught procedures (V2 core test).,T6,6,6,0.68
egg,to urge on to some action,V2,Action requiring language/symbolic encouragement; tie-break rule 3 (requires symbols/language).,T6,10,6,0.68
establish,to set up,V2,"Action typically requires formal, institutional, or rule-governed procedures (e.g., set up organization, system).",T6,6,6,0.68
forge,to sign another’s name,V2,Symbolic/linguistic action requiring imitation of written name and institutional rules (forgery); V2 core test.,T6,6,6,0.68
hold,to conduct a meeting,V2,"Requires symbolic rules, language, and institutional procedures (V2 core test).",T6,6,6,0.68
let,to allow,V2,Requires social/institutional rules or conventions for permission; V2 core test.,T6,4,6,0.68
observe,to follow or comply with,V2,"Action requires following symbolic, institutional, or rule-governed conventions.",T6,6,6,0.68
prove,to find out by experiment,V2,"Requires symbolic rules, planning, and culturally taught scientific procedures (V2 core test).",T6,6,6,0.68
telecast,to broadcast on television,V2,"Action requiring formal technological rules, equipment, and broadcasting procedures.",T6,6,6,0.68
plot,to plan,V2,"Action requiring symbolic rules, forethought, or culturally taught procedures (V2 core test).",T6,6,6,0.68
degrade,to lower in quality or estimation,V2,"Requires symbolic judgment of quality or estimation, beyond direct physical action.",T6,6,6,0.68
comment,to talk,V2,Linguistic/symbolic action requiring language.,T6,6,6,0.69
consult,to seek advice,V2,Requires language and social convention; V2 core test (symbolic/linguistic action).,T6,6,6,0.69
jump,to rise suddenly in price,V2,"Meaning describes change in institutionally-defined entity (price), requiring economic conventions and symbols.",T6,6,6,0.69
pawn,an exchange of an object for a loan of money,V2,"Requires institutional rules, financial conventions, and social agreement for loans/money.",T6,6,6,0.69
peddle,to sell,V2,"Institutional action requiring social conventions, symbols (e.g., money), and rules.",T6,6,6,0.69
resign,to give up,V2,"Action requires social convention, language, or institutional rules (e.g., quitting a position formally).",T6,10,6,0.69
treat,to pay for someone,V2,"Requires institutional rules (money, transaction) and social convention; not direct bodily action.",T6,10,6,0.69
treat,to think as,V2,Requires symbolic/linguistic categorization; not direct physical action.,T6,10,6,0.69
treat,to try to cure,V2,"Requires culturally taught procedures, medical knowledge, and rules to perform correctly.",T6,8,6,0.69
oblige,to do a favor,V2,Socially rule-governed action requiring cultural conventions (V2 core test).,T6,6,6,0.69
compliment,praise,V2,Symbolic/linguistic action requiring language for expression.,T6,6,6,0.7
distribute,to divide or classify,V2,Requires symbolic rules or categories for classification; not direct bodily action.,T6,6,6,0.7
gripe,to complain,V2,Linguistic/symbolic action requiring language to express dissatisfaction.,T6,6,6,0.7
meddle,to interfere,V2,Requires social rules/conventions to define inappropriate interference.,T6,6,6,0.7
nominate,to put up for election,V2,"Requires institutional rules, language, and social conventions (Tie-break 3).",T6,6,6,0.7
prohibit,to forbid,V2,"Rule-governed action requiring language, symbols, or institutional authority (V2 core test).",T6,6,6,0.7
introduce,to bring into use,V2,"Requires symbolic rules, language, or culturally taught procedures to bring something into use meaningfully.",T6,6,6,0.71
discipline,to punish,V2,Rule-governed action requiring social/institutional rules (Tie-break 3).,T6,6,6,0.71
recite,to repeat from memory,V2,Symbolic/linguistic action requiring memory of verbal/symbolic content (V2 core test).,T6,6,6,0.71
restrict,to limit,V2,"Requires symbolic rules, convention, or culturally taught procedures to impose limits (V2 core test).",T6,6,6,0.71
specify,to state in detail,V2,Linguistic action requiring language/symbols (V2 core test).,T6,6,6,0.71
uphold,"to support, approve, or agree with",V2,Symbolic/institutional action requiring social agreement or rules (V2 core test); not direct bodily movement.,T6,6,6,0.71
associate,to connect in thought,V2,Mental action requiring symbolic/cognitive processes to connect thoughts; not direct physical/bodily (P2 test).,T6,6,6,0.72
qualify,to meet the required demands,V2,Requires meeting symbolic/institutional rules or demands (V2 core test).,T6,8,6,0.72
register,to sign up,V2,"Requires symbolic rules, language, and institutional convention to perform (enroll/sign up).",T6,6,6,0.73
scheme,to plan or plot in secret,V2,"Requires symbolic mental representation and social understanding, not direct bodily movement (P2 core test); culturally/cognitively defined procedure (V2 core test).",T6,6,6,0.73
indent,to set in from the margin,V2,Rule-governed action in text formatting requiring symbolic conventions and understanding of margins.,T6,6,6,0.74
represent,to stand for,V2,"Symbolic action requiring language, symbols, or convention (V2 core test).",T6,6,6,0.74
suspect,to believe to be guilty,V2,Requires symbolic rules and institutional concept of guilt.,T6,8,6,0.74
persuade,to win over,V2,Requires language/symbolic communication to perform; V2 core test.,T6,6,6,0.75
coax,to talk into doing,V2,Linguistic action requiring symbolic language and verbal persuasion (V2 core test).,T6,6,6,0.75
condemn,to declare not safe,V2,"Linguistic/institutional action; requires symbolic rules, language, and convention (V2 core test).",T6,6,6,0.75
deliberate,to think over carefully,V2,"Action requires cognitively advanced, culturally taught reflective procedures beyond direct physical or pre-verbal capability.",T6,10,6,0.75
baffle,to confuse the mind,V2,"Mental action requiring cognitive/symbolic processing, not direct bodily movement (P2 core test); depends on conceptual understanding of mind/confusion (V2 core test).",T6,6,6,0.76
discount,to deduct part of the price,V2,"Requires symbolic rules, numbers, and commercial institutions to perform correctly.",T6,6,6,0.76
document,to give written proof,V2,Requires language and symbols to provide written proof (V2 core test).,T6,6,6,0.76
extend,to give; grant,V2,"Action requiring social agreement, convention, or institutional rules (grant).",T6,10,6,0.76
note,to mention,V2,Linguistic action requiring language and symbolic rules (V2 core test).,T6,6,6,0.76
notify,to let know,V2,Requires language/symbols to convey information.,T6,6,6,0.76
obligate,to require,V2,"Action requiring symbolic rules, language, or institutional authority (V2 core test).",T6,6,6,0.76
parrot,to repeat without thinking,V2,Linguistic action of verbal repetition; requires symbols/language (V2 core test).,T6,6,6,0.76
retract,to take back,V2,Symbolic/linguistic action to withdraw a statement; requires language per core test.,T6,6,6,0.76
tamper,to meddle improperly,V2,"Action requiring knowledge of social rules/conventions for ""improper"" meddling (V2 core test).",T6,6,6,0.76
install,to put into office,V2,"Institutional action requiring formal rules, conventions, and social agreement.",T6,6,6,0.76
involve,to bring into difficulty,V2,Action requires conceptual/symbolic understanding of abstract 'difficulty'; not direct bodily movement (P2 core test).,T6,6,6,0.76
instruct,to teach,V2,"Requires language, symbols, and culturally taught procedures (V2 core test).",T6,6,6,0.77
disguise,to hide one’s real identity,V2,Requires symbolic understanding of 'identity' (V1 concept); not basic bodily action without cultural/social rules.,T6,6,6,0.77
regard,to consider,V2,Symbolic/linguistic mental action; requires conceptual thought beyond direct perception or physical movement (not P2; cf. tie-break rule 6).,T6,8,6,0.77
sue,to conduct a lawsuit against someone,V2,"Institutional action requiring legal rules, laws, and formal procedures (V2 core test).",T6,6,6,0.77
assure,to make certain,V2,Requires language/symbols for guaranteeing certainty (V2 core test).,T6,6,6,0.77
utter,to speak,V2,Linguistic action; requires language/symbols (V2 core test).,T6,6,6,0.78
consider,to think of as,V2,Requires symbolic/linguistic categorization; not direct physical action (P2 boundary).,T6,6,6,0.78
slash,to cut prices a lot,V2,Symbolic economic action requiring institutional/commercial rules and conventions.,T6,6,6,0.78
stretch,to exaggerate,V2,Linguistic/symbolic action; requires language and culturally taught representational procedures (V2 core test).,T6,6,6,0.78
count,to include,V2,Action requires symbolic rules or convention to determine what is included; not direct bodily movement.,T6,6,6,0.78
immigrate,to come into a new country,V2,Rule-governed action involving institutions (countries) and legal/social conventions.,T6,6,6,0.79
muzzle,to force into silence,V2,Symbolic action to suppress verbal expression; requires social/institutional rules or convention (V2 core test).,T6,10,6,0.79
rave,to talk wildly,V2,Linguistic action requiring language/symbols (talk); Tie-break 3.,T6,6,6,0.79
rave,to be very flattering,V2,Linguistic action requiring symbolic language (V2 core test).,T6,8,6,0.79
pose,to pretend,V2,"Symbolic action requiring mental representation and understanding of pretense, not direct physical movement (V2 core test).",T6,6,6,0.8
identify,to prove who or what something is,V2,"Action requires language, evidence, or symbolic verification to prove identity (V2 core test).",T6,6,6,0.81
identify,to regard or treat as the same,V2,Requires symbolic/conceptual rules or language to regard/treat as the same (V2 core test).,T6,6,6,0.81
punctuate,to emphasize,V2,"Symbolic/linguistic action; requires rules of communication, not direct bodily movement (P2 boundary).",T6,10,6,0.81
reform,to make better,V2,"Requires judgment of ""better"" based on convention, language, or rules; not direct physical action.",T6,6,6,0.81
confer,to discuss,V2,Linguistic action requiring language and symbolic rules (V2 core test).,T6,6,6,0.82
hire,to pay for the use of,V2,"Rule-governed institutional action requiring social agreement, payment (symbolic), and convention.",T6,6,6,0.82
foil,to block an effort,V2,"Action requires conceptual understanding of ""effort"" (intentional goal), not direct bodily movement alone; core test for V2.",T6,10,6,0.83
illustrate,to make clear by pictures,V2,Symbolic action using pictures to represent/explain; requires conceptual understanding beyond direct physical movement (P2 boundary: mainly symbolic).,T6,6,6,0.83
illustrate,to give an example,V2,Symbolic/linguistic action requiring language and culturally taught procedures (V2 core test).,T6,4,6,0.83
reckon,to think or suppose,V2,Symbolic mental action requiring language-like reasoning or symbolic supposition; core test: depends on verbally-mediated cognitive procedures.,T6,6,6,0.83
interview,to talk to or for information,V2,Symbolic/linguistic action requiring language and convention (V2 core test).,T6,6,6,0.83
enlist,to join,V2,"Symbolic/institutional action requiring formal rules, convention, or agreement (e.g., joining military/organization).",T6,6,6,0.84
appoint,to name for an office,V2,"Institutional action requiring language, symbols, and social conventions (V2 core test).",T6,6,6,0.84
discourage,to destroy hope or confidence,V2,"Action on verbally-defined abstract mental states (hope, confidence); requires linguistic/cultural concepts.",T6,6,6,0.84
gossip,unfriendly talk about others,V2,Symbolic/linguistic action requiring language and social understanding of content.,T6,6,6,0.85
abolish,to get rid of,V2,"Action requiring institutional rules, laws, or social agreement (Tie-break 3).",T6,6,6,0.85
grasp,to get an idea,V2,"Symbolic/linguistic action; requires processing abstract concepts/ideas, not direct physical procedure.",T6,10,6,0.85
skim,to read rapidly,V2,Language action requiring symbolic rules (V2 core test).,T6,6,6,0.85
consider,to think carefully,V2,Symbolic mental process requiring cognitive rules/language; not direct bodily action (P2 test).,T6,6,6,0.86
divorce,to separate,V2,"Institutional action requiring legal rules, symbols, and procedures (Tie-Break 3).",T6,6,6,0.86
retire,to take out of circulation,V2,Institutional action requiring economic rules and conventions.,T6,6,6,0.86
wed,to marry,V2,"Institutional action requiring social conventions, rules, and often legal/symbolic procedures (Tie-break 3).",T6,6,6,0.86
gain,to get a profit,V2,"Requires institutional financial rules, symbols, and calculation (V2 core test).",T6,6,6,0.86
consider,to be thoughtful of,V2,Requires symbolic/linguistic mental processing; not direct bodily action (P2 test).,T6,6,6,0.87
demand,to need or require,V2,Requires language or social convention; not direct bodily action.,T6,6,6,0.87
smooth,to make easy,V2,"Action to ""make easy"" requires verbal/conceptual understanding of abstract quality, not direct bodily movement or observable physical procedure (P2 core test).",T6,6,6,0.89
cure,to rid of a bad habit,V2,"Action requires symbolic rules, language, and social norms to identify/change a ""bad habit"".",T6,6,6,0.9
differ,to disagree,V2,Requires language/symbolic expression of opinions (V2 core test).,T6,6,6,0.9
blackmail,attempt to get money from a person by threatening,V2,Requires language/symbolic threats and institutional/legal conventions (Tie-Break 3).,T6,4,6,0.91
license,to permit by law,V2,Institutional action requiring law and formal rules (V2 core test).,T6,6,6,0.92
debate,to discuss,V2,Language action requiring symbolic/linguistic rules (V2 core test).,T6,6,6,0.95
debate,to formally discuss all sides of an issue,V2,"Requires language, symbols, and formal rules (V2 core test).",T6,6,6,0.95
banish,to send away; exile,V2,"Rule-governed institutional action requiring authority, declaration, and social convention.",D,8,8,0.67
administer,to manage,V2,Action requiring rule-governed procedures and social organization.,D,8,8,0.67
scoff,to laugh at; mock,V2,Symbolic social action requiring understanding of derision and cultural convention; not direct bodily movement alone.,D,8,8,0.67
spells,means,V2,"Symbolic/linguistic action of signifying, requires language/symbols (Core test V2).",D,8,8,0.67
hock,to pawn,V2,"Institutional action requiring social convention, rules, and commercial agreement.",D,8,8,0.68
pertain,to relate to,V2,Requires symbolic/linguistic rules to establish conceptual relation (V2 core test).,D,8,8,0.68
poll,to survey people to get their opinions,V2,"Requires language, symbols, and rule-governed procedures (surveying opinions).",D,8,8,0.69
underrate,to misjudge the worth of something or someone,V2,Action requires symbolic/cultural concepts of 'worth' and judgment rules; not direct bodily procedure (P2 core test).,D,8,8,0.69
woo,to try to persuade,V2,Action requiring language and symbolic persuasion.,D,8,8,0.7
oversee,to look after; to supervise,V2,"Requires institutional rules, social roles, and culturally taught procedures (V2 core test).",D,8,8,0.7
prosecute,to bring before a court,V2,"Institutional action requiring legal rules, courts, and formal procedures (V2 core test).",D,8,8,0.7
psychoanalysis,the methods used to examine the mind and treat disorders,V2,"Methods requiring symbolic, linguistic, and institutionally taught procedures.",D,8,8,0.7
scrimmage,to practice playing football with two squads,V2,Rule-governed action requiring knowledge of football rules and procedures.,D,8,8,0.71
satisfy,to pay in full,V2,"Requires institutional rules, symbols (money), and culturally taught financial procedures.",D,8,8,0.71
lend,to give a quality,V2,Requires symbolic/linguistic understanding of abstract 'quality'; not direct physical action (P2 core test).,D,8,8,0.71
analysis,a careful and detailed examination of something,V2,"Requires symbolic rules, language, and culturally taught procedures (V2 core test).",D,8,8,0.72
mechanize,to replace with machines,V2,"Action requires symbolic rules, technology knowledge, and culturally taught procedures (V2 core test).",D,8,8,0.72
verify,to prove to be true,V2,"Requires symbolic rules, language, evidence, or formal procedures (V2 core test).",D,8,8,0.72
jest,to speak or act in a playful manner,V2,"Linguistic/symbolic action (to speak playfully); requires language and cultural conventions, per V2 core test.",D,8,8,0.73
support,to approve,V2,"Symbolic action requiring language, social convention, or judgment rules.",D,8,8,0.73
chart,to plan,V2,Action requires symbolic/linguistic processes to organize future actions; not direct bodily movement (P2 core test).,D,8,8,0.74
preside,to rule over,V2,Action requiring institutional rules and social authority (V2 core test).,D,8,8,0.74
lay,to impose,V2,"Action requiring institutional rules, authority, or social convention (V2 core test; tie-break rule 3).",D,8,8,0.74
amend,to formally change,V2,"Formal, rule-governed action requiring institutional rules or conventions.",D,8,8,0.75
ridicule,to make fun of,V2,Action requiring language/symbolic expression and social conventions (V2 core test).,D,8,8,0.75
sidetrack,to turn aside from what is most important,V2,"Symbolic/linguistic action requiring understanding of discourse rules and concepts like ""importance""; not direct physical movement (Tie-Break 3).",D,8,8,0.75
overhand,a type of pitch in baseball,V2,Rule-governed action within baseball institution; requires culturally taught procedures and game rules.,D,8,8,0.76
transfuse,to transfer blood,V2,"Requires formal medical rules, symbols (blood types), and institutional procedures; not direct bodily action performable without training.",D,8,8,0.76
apprehend,to understand,V2,Requires symbolic/linguistic processing to comprehend meaning; V2 core test.,D,10,8,0.76
tip-off,to give private or secret information,V2,Action requiring language/symbolic communication (V2 core test).,D,8,8,0.76
contradict,to say the opposite,V2,Linguistic action requiring language and symbolic rules (V2 core test).,D,8,8,0.76
ham,to overact,V2,"Action requiring symbolic rules, cultural conventions of acting, and performative exaggeration.",D,8,8,0.77
levy,to impose a tax,V2,"Institutional action requiring laws, rules, and social agreement (V2 core test).",D,8,8,0.77
redeem,to buy back,V2,"Requires symbolic rules, currency, and institutional conventions (Tie-Break 3).",D,8,8,0.77
sway,to influence,V2,"Action requiring symbolic, linguistic, or social rules to affect opinions/behavior.",D,8,8,0.77
defy,to dare; to challenge,V2,"Action requires awareness of rules, authority, or symbolic challenge; not direct physical movement alone.",D,8,8,0.78
defy,to refuse obedience,V2,Requires social/institutional rules of obedience and authority (V2 core test; tie-break rule 3).,D,8,8,0.78
misquote,to quote incorrectly,V2,Linguistic action requiring symbolic rules and language for correct performance.,D,8,8,0.78
subdivide,to make something into smaller lots,V2,"Requires formal rules, measurement units, and institutional property division processes (Tie-break 3).",D,8,8,0.78
bug,to eavesdrop electronically,V2,Action requires electronic technology/symbols and rules; V2 core test.,D,8,8,0.79
imply,to hint or insinuate,V2,Linguistic action requiring symbolic rules and culturally taught procedures.,D,8,8,0.79
ration,to distribute in limited amounts,V2,Rule-governed action requiring convention or system for determining and enforcing limited amounts.,D,8,8,0.79
subscribe,agree with,V2,Action requiring language and symbolic understanding (V2 core test).,D,8,8,0.79
snub,to treat coldly and with disrespect,V2,Socially rule-governed action requiring cultural conventions and symbolic understanding of respect.,D,8,8,0.79
engage,to hire,V2,"Institutional action requiring social agreement, language, and rules.",D,8,8,0.8
assume,to take over,V2,"Action typically involving institutional roles, social agreement, or formal procedures (e.g., assume control).",D,8,8,0.8
appeal,to apply to a higher court,V2,"Institutional legal action requiring formal rules, laws, and procedures.",D,8,8,0.81
reassure,to restore confidence or courage to,V2,Requires language/symbolic communication and social rules to restore abstract states like confidence.,D,8,8,0.81
refer,to make mention of,V2,Linguistic action requiring language/symbols (V2 core test).,D,8,8,0.81
interpret,to explain the meaning,V2,Requires language and symbolic rules to explain meaning.,D,8,8,0.81
slam,to criticize roughly,V2,Symbolic/linguistic action requiring language (V2 core test).,D,8,8,0.82
transaction,the act of carrying on business,V2,Rule-governed institutional action requiring social conventions and formal procedures.,D,8,8,0.82
overdraw,to write checks that exceed one’s bank balance,V2,"Rule-governed institutional action requiring banking symbols, checks, and balance knowledge.",D,8,8,0.83
acknowledge,to express thanks for something,V2,Action requires symbolic social convention and often language (V2 core test).,D,10,8,0.84
confide,to tell as in secret,V2,Linguistic action requiring language and symbolic rules for secrecy.,D,8,8,0.84
preset,to set in advance,V2,Requires symbolic rules or culturally taught procedures for future-oriented configuration.,D,8,8,0.85
integrate,to open for all races,V2,"Action requiring social conventions, language, and institutional rules (races, equality).",D,8,8,0.85
omit,to leave out,V2,Requires symbolic/linguistic context or rules for exclusion (V2 core test).,D,8,8,0.89
sell,to convince,V2,"Action requiring language, symbols, and reasoning (V2 core test).",D,8,8,0.89
autopsy,a medical examination to determine a cause of death,V2,"Rule-governed institutional procedure requiring medical training, symbols, and formal rules.",D,8,8,0.89
consult,to get information,V2,Action requiring language or symbolic communication to seek information.,D,8,8,0.9
inquire,to ask,V2,Linguistic action requiring symbolic rules and language (V2 core test).,D,8,8,0.94
mystify,to bewilder or puzzle,V2,Not direct physical/bodily action; requires cognitive/symbolic processes to bewilder or puzzle.,D,8,8,0.96
enable,to give power to,V2,Action of granting abstract 'power' (capability/authority) requires symbolic or conceptual rules beyond direct physical action.,D ,10,8,0.67
favor,to give an unfair advantage,V2,Action requiring social conventions/rules of fairness (V2 core test).,D ,8,8,0.7
expect,to require,V2,"Action requiring social convention, rules, or language (V2 core test).",D ,8,8,0.73
devote,to serve unselfishly,V2,Action requires understanding symbolic concepts of unselfishness and commitment; not direct bodily movement.,D ,8,8,0.79
embezzle,"to take something, particularly money, illegally",V2,"Requires institutional rules, laws, and social conventions to define/perform ""illegally.""",D ,8,8,0.83
endorse,to approve it,V2,Symbolic/institutional action requiring social agreement or language; V2 core test.,D ,8,8,0.85
detail,to give a special job or duty,V2,"Action requiring institutional rules, social agreement, or culturally taught procedures.",D ,8,8,0.85
bravo,well done,V2,Symbolic linguistic expression requiring language and cultural convention.,E,8,8,0.67
admit,to accept as true,V2,Action requiring language/symbols to acknowledge truth (V2 core test).,E,8,8,0.68
lecture,to scold,V2,Linguistic/symbolic action requiring verbal language and social convention (V2 core test).,E,8,8,0.68
outshine,to be better than,V2,"Abstract comparison requiring evaluative judgment and conventional standards, not direct physical action.",E,8,8,0.68
outsell,to sell more of one thing than another thing,V2,"Requires symbolic rules, quantitative comparison (more), and institutional commerce procedures.",E,8,8,0.76
supervise,to oversee,V2,"Rule-governed action requiring institutional roles, authority, and culturally taught procedures.",T2,8,8,0.68
assume,to accept as true,V2,Requires symbolic rules/language for propositional acceptance (truth concepts).,T2,6,8,0.68
develop,to work out in detail,V2,Symbolic/linguistic action requiring detail elaboration via rules/language (V2 core test; tie-break 3).,T2,8,8,0.68
summon,to send for or request the presence of,V2,Requires language or symbolic communication to request presence (V2 core test).,T2,8,8,0.69
signify,to show meaning,V2,Symbolic/linguistic action requiring language/convention to convey meaning; V2 core test.,T2,8,8,0.7
participate,to take part in something,V2,"Requires social conventions, rules, or culturally taught procedures to take part meaningfully.",T2,8,8,0.75
suspend,to remove from school,V2,"Institutional action requiring school rules, authority, and formal procedures.",T2,8,8,0.79
resolve,to clear up,V2,Requires language or symbolic reasoning to clear up issues/confusion; not direct physical action.,T2,8,8,0.8
evidence,to show or prove,V2,"Requires symbolic rules, language, and logical procedures to perform.",T2,8,8,0.81
converse,to talk,V2,Linguistic action requiring symbolic language (V2 core test).,T6,8,8,0.67
condense,to express in fewer words,V2,Linguistic action requiring language and symbolic rules (V2 core test).,T6,8,8,0.67
confirm,to prove true,V2,"Requires symbolic rules, language, or formal verification procedures (V2 core test).",T6,8,8,0.67
digest,to study until fully understood,V2,"Requires language, symbolic rules, and culturally taught procedures for comprehension (V2 core test).",T6,8,8,0.67
narrate,to tell a story,V2,Symbolic linguistic action requiring language and narrative conventions (V2 core test).,T6,8,8,0.67
neutralize,to make ineffective,V2,"Action requiring conceptual understanding of effectiveness and purpose, not direct bodily movement (Tie-break 3).",T6,8,8,0.67
unravel,to solve or reveal a mystery,V2,"Requires symbolic reasoning, language, and culturally taught procedures to solve abstract mystery (V2 core test).",T6,8,8,0.67
bicker,to quarrel noisily about something unimportant,V2,Requires language/symbols for verbal quarreling; not direct bodily action (P2 boundary).,T6,8,8,0.68
spellbind,to hold fascinated,V2,"Action involves causing a complex mental state (fascination), requiring culturally taught or symbolic procedures beyond direct bodily movement.",T6,8,8,0.68
alternate,to take turns,V2,"Rule-governed action requiring symbolic rules, convention, or culturally taught procedures (V2 core test).",T6,8,8,0.68
pass,to approve by vote,V2,Institutional action requiring formal rules and voting procedures (Tie-break 3).,T6,8,8,0.68
recollect,to remember,V2,Action requiring symbolic cognitive processes and memory retrieval beyond direct physical or perceptual means.,T6,8,8,0.68
import,to bring into a country,V2,"Institutional action requiring rules, laws, and customs procedures for crossing national borders.",T6,6,8,0.69
post,to mail,V2,"Requires institutional rules of postal service and conventions (e.g., stamps, addresses).",T6,8,8,0.69
sanctify,to make holy,V2,"Requires symbolic, religious/institutional rules and cultural conventions.",T6,8,8,0.69
cram,to study hard and late,V2,"Requires language, symbols, and culturally taught procedures (studying).",T6,8,8,0.69
prejudge,to judge without examining,V2,Requires symbolic/culturally taught procedures for judgment and examination (V2 core test).,T6,8,8,0.7
ramble,to talk aimlessly,V2,Linguistic action requiring symbolic language (talking).,T6,10,8,0.7
upgrade,to improve the grade or standard of something,V2,Action requires symbolic rules or conventions to define/improve 'grade' or 'standard' (V2 core test).,T6,8,8,0.7
jump,to leave gaps,V2,"Requires symbolic rules or structured sequence to perform meaningfully (e.g., skipping in patterns).",T6,8,8,0.71
fish,to pry for answers,V2,Linguistic action requiring language/symbols; not direct bodily movement (Tie-break 3).,T6,8,8,0.71
razz,to make fun of,V2,Requires language/symbolic communication and social conventions (V2 core test).,T6,8,8,0.71
refer,to send to,V2,Requires language/symbolic direction or institutional procedure; not direct bodily movement (P2 core test).,T6,8,8,0.71
adapt,to make suitable,V2,"Action requires evaluative judgment of ""suitability"" based on purpose, rules, or convention (V2 core test).",T6,8,8,0.72
blurt,to say suddenly,V2,"Linguistic action (to say), requires language/symbols; not direct non-symbolic bodily action per P2 boundary.",T6,8,8,0.72
favor,to oblige,V2,"Action requiring social conventions, reciprocity, and often language (V2 core test).",T6,8,8,0.72
take,to enroll in a course,V2,"Institutional action requiring rules, language, and procedures.",T6,8,8,0.72
stated,made known,V2,Linguistic action requiring language/symbols (V2 core test).,T6,8,8,0.72
illuminate,to explain; make clear,V2,Symbolic/linguistic action requiring language and conceptual rules (V2 core test).,T6,10,8,0.74
master,to learn well,V2,"Action requires culturally taught procedures, practice, and often symbolic rules/language.",T6,8,8,0.74
raise,to collect money,V2,"Requires institutional rules, symbols (money), and social agreement (Tie-break 3).",T6,8,8,0.74
diagnose,to find the cause,V2,"Requires symbolic rules, formal knowledge, and procedures (V2 core test).",T6,8,8,0.74
determine,to find out,V2,Action requires symbolic reasoning or inquiry procedures beyond direct perception.,T6,8,8,0.75
monopolize,to control or take charge of something,V2,Action requires social convention or rules for exclusive control.,T6,8,8,0.75
prophesy,to tell the future,V2,Action requiring language and culturally taught procedures to predict/tell future.,T6,8,8,0.75
rig,to dishonestly pre-arrange an outcome,V2,"Rule-governed action requiring symbolic rules, conventions, or institutions to subvert an outcome.",T6,10,8,0.75
scold,to find fault,V2,Symbolic/linguistic action requiring language to express fault-finding; core test for V2.,T6,4,8,0.75
underestimate,to set too low a value on,V2,Action requires symbolic judgment of value using abstract scales or rules.,T6,8,8,0.75
determine,to decide,V2,"Requires symbolic reasoning, judgment, or culturally taught procedures (V2 core test).",T6,8,8,0.75
smear,to damage a person’s reputation,V2,"Action requiring language, symbols, and social conventions (V2 core test; tie-break rule 3).",T6,8,8,0.75
upheld,proved right,V2,"Action requiring symbolic rules, language, or formal procedures to prove right (V2 core test).",T6,8,8,0.75
yak,to chatter; to talk idly,V2,Linguistic/symbolic action requiring language; V2 core test.,T6,8,8,0.76
compete,to try to win,V2,"Requires symbolic rules or culturally taught procedures to define ""winning"" in competition.",T6,8,8,0.76
restate,to say a new way,V2,Linguistic action requiring symbolic rules and language (V2 core test).,T6,8,8,0.76
showdown,the showing of cards to determine the winner,V2,"Action requires symbolic rules of card games (hand values, winner determination).",T6,8,8,0.76
offend,to hurt the feelings of,V2,"Action requires social conventions, language, or symbolic rules to hurt feelings meaningfully.",T6,8,8,0.76
lure,to tempt,V2,"Action of psychological persuasion requiring symbolic understanding of intentions and desires, not direct physical movement.",T6,8,8,0.77
drive,to put the pressure on,V2,Requires symbolic/social convention or language; not direct bodily movement (core test: V2).,T6,8,8,0.77
provoke,to bring about,V2,"Abstract causation not tied to direct bodily movement; requires intentional, often social/symbolic stimulation beyond basic perceptual procedures.",T6,8,8,0.77
rival,to equal in a contest,V2,Rule-governed action in a contest requiring symbolic competition procedures.,T6,8,8,0.77
therapy,the treating of disease,V2,"Requires institutional medical rules, knowledge, and procedures; not direct bodily action.",T6,8,8,0.77
address,to make a speech,V2,Requires language/symbolic rules; V2 core test.,T6,8,8,0.78
retry,to put on trial again,V2,Institutional action requiring legal rules and procedures.,T6,8,8,0.78
sacrifice,to give up,V2,"Action requiring symbolic rules, intention, and cultural/moral procedures; not direct bodily action alone.",T6,8,8,0.78
spare,to show mercy,V2,Action requiring culturally taught moral/social rules (V2 core test).,T6,8,8,0.78
sedation,the act of calming by use of drugs,V2,"Action requires formal medical knowledge, rules, and institutionally defined substances (drugs).",T6,8,8,0.79
interrogate,to question,V2,Linguistic action requiring language/symbols (V2 core test; not direct bodily movement).,T6,8,8,0.79
dictate,to give an order or command,V2,Requires language and social/institutional rules to perform.,T6,8,8,0.79
dictate,to say or read something aloud to be written down,V2,Requires language/symbols and rule-governed linguistic procedure (Tie-break 3).,T6,6,8,0.79
doom,to condemn,V2,"Action requires language, symbolic judgment, or institutional rules (V2 core test).",T6,8,8,0.79
imply,to indicate without actually saying,V2,Linguistic action requiring symbolic communication and language (V2 core test).,T6,8,8,0.79
serve,to deliver a legal order,V2,"Institutional action requiring legal rules, symbols, and formal procedures (Tie-break 3).",T6,8,8,0.79
prearrange,to plan in advance,V2,Action requiring symbolic or rule-governed procedures (planning ahead).,T6,8,8,0.8
restore,to establish again,V2,"Requires symbolic, rule-governed, or institutional procedures to re-establish (V2 core test).",T6,8,8,0.8
invade,to violate the rights of others,V2,"Action requires institutional rules and social agreement on ""rights"" (V2 core test).",T6,8,8,0.8
restate,to say again,V2,Linguistic/symbolic action requiring language to perform.,T6,8,8,0.81
frame,to conspire against,V2,"Action requiring language, social agreement, and institutional rules (e.g., false incrimination).",T6,8,8,0.82
incite,to urge on,V2,Requires symbolic/linguistic communication or culturally taught procedures to urge effectively.,T6,8,8,0.83
enchant,to charm greatly,V2,Not direct bodily action (P2 core test fails); requires cultural/social concepts beyond basic perception or motor procedures.,T6,6,8,0.83
define,to explain the meaning of,V2,Symbolic linguistic action requiring language and verbal rules.,T6,6,8,0.83
overrule,to decide against,V2,Rule-governed institutional action requiring authority and formal procedures.,T6,8,8,0.83
offense,the act of breaking the law,V2,Institutional rule-governed action requiring knowledge of law (tie-break 3).,T6,10,8,0.83
stand,to stay in force,V2,Institutional/formal state governed by rules/law (V2 core test).,T6,8,8,0.83
misinterpret,to understand wrongly,V2,Symbolic/linguistic action requiring language processing; core test for V2.,T6,8,8,0.84
stating,saying in a clear way,V2,Linguistic action requiring language and symbolic expression (V2 core test).,T6,8,8,0.84
inspire,to arouse good feelings,V2,"Action influencing internal states; not direct physical/bodily (P2 core test), requires conceptual mediation.",T6,8,8,0.85
detail,to explain item by item,V2,Linguistic action requiring symbolic rules and language (V2 core test).,T6,8,8,0.85
deed,to transfer property,V2,"Institutional action requiring legal rules, symbols, and conventions.",T6,8,8,0.87
necessitate,to cause to be needed,V2,Abstract causation of need; requires symbolic/conceptual rules (V2 core test).,T6,8,8,0.87
rate,to rank,V2,Rule-governed action requiring symbolic ordering or conventions (V2 core test).,T6,8,8,0.87
visualize,to picture,V2,Not direct physical action (tie-break 2); mental procedure requiring symbolic/cognitive representation beyond basic perception (V2 core test).,T6,8,8,0.88
tabulate,to arrange figures,V2,"Requires symbolic rules, numbers, and culturally taught procedures for data arrangement.",T6,8,8,0.88
recommend,to advise,V2,Symbolic/linguistic action requiring language and convention (V2 core test).,T6,8,8,0.9
italicize,to print in slanting type,V2,Rule-governed action requiring linguistic/typographic conventions and symbols.,T6,8,8,0.92
call(in),to demand payment,V2,"Requires language, institutional rules, and social agreement on payment obligations.",D,,10,0.67
clear,to make a profit,V2,"Action requiring financial institutions, accounting rules, and symbolic monetary units.",D,10,10,0.67
concoct,to make up,V2,Action requires symbolic/linguistic invention or fabrication (core test: needs language/rules).,D,10,10,0.67
term,to name or call,V2,Linguistic action requiring language/symbols (V2 core test).,D,10,10,0.67
transform,to convert one type of current in a circuit into another,V2,"Requires symbolic rules, technical knowledge of electrical circuits and current types.",D,6,10,0.67
mull,to think deeply,V2,"Symbolic mental action requiring language and conceptual processes; core test: depends on verbally-mediated cognition, not basic physical/bodily procedure.",D,10,10,0.68
prefer,to bring charges forward,V2,"Institutional legal action requiring formal rules, laws, and procedures.",D,10,10,0.68
ratify,to approve,V2,Rule-governed institutional action requiring formal procedures or convention.,D,10,10,0.68
incarnate,to embody,V2,"Action requires symbolic representation of abstract concepts, not direct physical procedure.",D,10,10,0.69
imply,to signify,V2,Symbolic/linguistic action; requires language and convention (V2 core test).,D,10,10,0.69
rattle,to talk fast,V2,Linguistic action requiring symbolic language (V2 core test).,D,10,10,0.69
attribute,to give credit to a source,V2,"Action requiring language, symbols, and social/institutional rules (V2 core test).",D,10,10,0.69
render,to perform as a service,V2,"Requires institutional/social concept of ""service""; rule-governed action (V2 core test).",D,10,10,0.69
haggle,to argue over price,V2,"Requires language, symbols (price), and social/institutional conventions for bargaining (V2 core test).",D,10,10,0.7
subscribe,to promise to pay,V2,"Requires language, symbols, and institutional rules for promising payment.",D,10,10,0.7
relinquish,to give up,V2,"Requires symbolic rules, social agreement, or culturally taught procedures on claims/possession (V2 core test).",D,10,10,0.7
jeer,to sneer at,V2,Symbolic/linguistic action requiring language for mocking remarks.,D,10,10,0.71
quibble,to argue over unimportant things,V2,Linguistic action requiring language and symbolic rules (V2 core test).,D,10,10,0.71
skimp,to be very sparing or thrifty,V2,Requires culturally taught procedures and social conventions for economic behavior.,D,10,10,0.71
initiate,to take into a group,V2,"Institutional action requiring social rules, conventions, and procedures.",D,10,10,0.72
impeach,to charge a public official with wrongdoing,V2,"Institutional action requiring formal rules, law, and social conventions (V2 core test).",D,10,10,0.73
leak,to tell secret information,V2,Requires language and social convention for secrecy; V2 core test.,D,10,10,0.73
officiate,to perform a ceremony,V2,Rule-governed institutional action requiring cultural procedures (V2 core test).,D,10,10,0.73
commemorate,to celebrate,V2,"Requires symbolic rules, cultural conventions, and understanding of occasions (V2 core test).",D,10,10,0.74
cater,"to provide food, supplies, or services",V2,"Requires social convention, organization, and institutional service procedures.",D,10,10,0.76
cater,to supply whatever is wanted,V2,"Requires understanding specific desires (""whatever is wanted""), involving social/communicative rules beyond direct physical action.",D,10,10,0.76
air,to mention publicly,V2,Linguistic action requiring language and social convention (V2 core test).,D,10,10,0.76
attune,to bring into harmony or accord,V2,Requires symbolic rules or conceptual understanding of harmony/accord to perform correctly.,D,10,10,0.77
conjugate,to give all the forms of a verb,V2,Linguistic action requiring formal grammar rules and symbols.,D,10,10,0.77
meditate,to think upon; reflect,V2,Requires symbolic/linguistic mental processing; not direct physical/bodily action (P2 core test).,D,10,10,0.77
electrolysis,an electrical process to separate elements in a substance,V2,"Requires formal scientific rules, symbols, and taught procedures to perform correctly.",D,10,10,0.78
needle,to tease,V2,Action requiring symbolic social/linguistic rules and conventions (V2 core test).,D,10,10,0.78
comply,to act in agreement to a request or rule,V2,"Requires symbolic rules, language, or institutional convention (V2 core test).",D,10,10,0.78
comprehend,to understand,V2,Requires symbolic/linguistic processing and rules (V2 core test).,D,10,10,0.78
disclose,to make known,V2,Requires language/symbols to make information known; V2 core test.,D,10,10,0.78
cope,to deal with,V2,Requires culturally taught procedures or cognitive strategies beyond direct physical action; not observable bodily movement (P2 core test).,D,10,10,0.78
abdicate,to formally give up the throne,V2,"Institutional action requiring formal rules, language, and conventions.",D,10,10,0.79
acquit,to free from a charge,V2,"Institutional legal action requiring formal rules, laws, and court procedures.",D,10,10,0.79
assess,"to fix the amount of a tax, fine, or damages",V2,"Institutional action requiring formal rules, laws, and social agreement (Tie-break 3).",D,10,10,0.79
authorize,to give power to or approval for,V2,"Requires symbolic rules, language, and institutional conventions for formal approval.",D,10,10,0.79
repeal,to do away with; withdraw; cancel,V2,"Institutional action requiring formal rules, laws, and procedures.",D,10,10,0.8
counsel,to advise,V2,Symbolic/linguistic action requiring language and verbal communication (V2 core test).,D,10,10,0.81
release,to permit publication,V2,Rule-governed institutional action requiring symbolic permission and conventions.,D,10,10,0.81
speculate,to ponder or consider,V2,Action requires symbolic/linguistic mediation; not observable physical procedure (P2 core test).,D,10,10,0.81
swallow,to believe completely,V2,Requires language/symbols for propositional belief; not direct bodily action.,D,10,10,0.82
crush,to conquer,V2,"Action requires institutional rules, military organization, and social conventions.",D,10,10,0.85
induce,to persuade,V2,"Requires language, symbolic reasoning, and social convention (V2 core test).",D,10,10,0.85
con,to swindle,V2,"Requires language, deception, and social conventions (V2 core test).",D,10,10,0.96
elaborate,to give more details,V2,Linguistic action requiring language/symbols (V2 core test).,D ,10,10,0.67
espionage,spying,V2,Rule-governed institutional action requiring symbolic rules and cultural conventions.,D ,10,10,0.68
entice,to tempt,V2,"Symbolic action requiring understanding of desire and persuasion, typically linguistic or conventional.",D ,10,10,0.68
demoralize,to weaken the spirit,V2,"Abstract action on internal psychological state; requires conceptual understanding of ""spirit"" beyond direct perception or basic procedure (V2 core test).",D ,10,10,0.69
fluster,to confuse,V2,"Action causing cognitive disorientation; requires symbolic/culturally taught mental state understanding, not direct physical/bodily procedure (P2 core test).",D ,10,10,0.71
decree,to issue a law or judgment,V2,"Requires institutional rules, language, and authority (V2 core test).",D ,10,10,0.72
denote,to indicate,V2,Symbolic/linguistic action requiring language or symbols (V2 core test).,D ,10,10,0.72
empower,to give authority,V2,"Action requires symbolic rules, language, and institutional conventions (Tie-Break 3).",D ,10,10,0.73
drone,to speak on and on monotonously,V2,Linguistic action requiring symbolic language and culturally recognized manner of speech.,D ,8,10,0.77
depreciate,to lessen in value,V2,Requires institutional/economic rules and symbolic assessment of value (V2 core test).,D ,10,10,0.79
dissuade,to persuade not to do,V2,Requires language/symbolic communication (V2 core test).,D ,10,10,0.82
enthrone,to give royal power,V2,Rule-governed institutional action requiring social conventions and symbols.,D ,10,10,0.83
coincide,to agree exactly,V2,Action requires abstract conceptual matching and symbolic rules for exact agreement.,D ,10,10,0.85
picture,to imagine,V2,Symbolic mental action; requires cognitive/symbolic processes beyond direct perception or physical procedure (V2 core test).,E,10,10,0.67
dazzle,to cause admiration,V2,"Action to cause a verbally-defined social emotion (admiration), requires conceptual understanding beyond basic perception; not direct physical bodily action (tie-break 2,3).",E,10,10,0.74
edit,to prepare for printing,V2,"Requires language, symbols, and rule-governed procedures (Tie-break 3).",T2,10,10,0.69
tolerate,to permit,V2,Rule-governed action requiring social convention or authority.,T2,10,10,0.75
formulate,to express systematically,V2,Requires language/symbols for systematic expression (V2 core test).,T2,10,10,0.76
resurrect,to bring something back to life,V2,Action requires symbolic/religious rules or cultural concepts; not direct bodily procedure (P2 core test: not performable by pre-verbal child/animal).,T6,10,10,0.67
scrimp,to be stingy,V2,"Action governed by economic institutions, symbols (money), and social conventions.",T6,10,10,0.67
embroil,to get mixed up in,V2,"Requires social conventions, language, or culturally taught procedures (not direct bodily action).",T6,10,10,0.68
mooch,to beg,V2,Action requiring language and social convention (V2 core test).,T6,10,10,0.68
connect,to associate in the mind,V2,"Requires symbolic cognitive processes and conceptual linking; core test for V2 (needs language/symbols, not direct bodily action).",T6,10,10,0.68
heckle,to worry with questions and criticisms,V2,Action requiring language/symbols for questions and criticisms (V2 core test).,T6,10,10,0.68
reconcile,to bring into alignment or harmony,V2,"Action requiring language, symbols, or social conventions to achieve abstract harmony.",T6,10,10,0.68
tantalize,to tease,V2,"Symbolic/linguistic social action requiring understanding of intentions and provocation via communication, not direct physical movement.",T6,10,10,0.68
contemplate,to think carefully,V2,Requires symbolic/linguistic mental processes; not direct bodily action (P2 core test).,T6,10,10,0.69
denounce,to express disapproval,V2,Action requires language and symbolic expression of disapproval.,T6,10,10,0.69
edit,"to prepare text, film, or tape for publication",V2,"Requires language, symbolic, and institutional rules for publication preparation.",T6,10,10,0.69
negotiate,to arrange terms,V2,"Action requiring language, symbols, rules, or social convention (V2 core test).",T6,10,10,0.69
snitch,to tell on,V2,Requires language and culturally taught social/institutional rules (Tie-Break 3).,T6,10,10,0.69
enunciate,to pronounce words clearly,V2,Language action requiring symbolic pronunciation rules.,T6,10,10,0.7
exemplify,to serve as a model or example,V2,"Requires symbolic rules, language, and conceptual categories (V2 core test).",T6,10,10,0.7
minimize,to make less important,V2,Abstract action requiring language/symbolic judgment of importance (V2 core test).,T6,10,10,0.7
connive,to cooperate secretly,V2,"Action requiring symbolic social rules, intent, and culturally taught procedures for secrecy.",T6,10,10,0.71
contemplate,to plan to do,V2,"Symbolic mental action requiring cognitive rules and foresight, not direct bodily movement (P2 test).",T6,10,10,0.71
effect,to bring about,V2,"Abstract causative action requiring intentional procedures, not direct bodily movement (P2 core test); aligns with V2 for non-concrete actions.",T6,10,10,0.71
defraud,to cheat,V2,"Action requiring symbolic rules, deception, and institutional conventions (e.g., law).",T6,10,10,0.72
entrench,to establish strongly or securely,V2,"Action requires symbolic, institutional, or culturally taught procedures to establish securely.",T6,10,10,0.72
represent,to express in symbols,V2,Symbolic/linguistic action requiring symbols and rules (V2 core test).,T6,10,10,0.72
psychotherapy,methods of treating mental and emotional illness,V2,"Requires symbolic rules, language, institutional training, and culturally taught procedures.",T6,10,10,0.73
secede,to withdraw,V2,"Action requires institutional rules, language, and formal political procedures.",T6,10,10,0.73
surpass,to do better than,V2,"Not a concrete motor action or bodily procedure; involves abstract comparison and evaluative judgment (Tie-break 3, V2 core test).",T6,10,10,0.73
institute,to set up,V2,"Requires symbolic, institutional, or rule-governed procedures to establish formally.",T6,10,10,0.74
cover,to include,V2,"Action requiring symbolic/conventional understanding of inclusion (e.g., topics, cases), not direct physical movement.",T6,10,10,0.74
touch,to equal,V2,Requires symbolic rules or measurement for comparison and equivalence.,T6,10,10,0.74
collaborate,to work together,V2,"Action requires social coordination, shared intentions, and culturally taught procedures (V2 core test).",T6,10,10,0.75
abduct,to kidnap,V2,Action requires social/legal concepts of unlawful seizure (Tie-break 3).,T6,10,10,0.77
harass,to torment,V2,"Action of tormenting typically involves linguistic, social, or symbolic intent, not direct bodily movement (P2 boundary).",T6,10,10,0.77
proclaim,to declare something publicly,V2,Requires language/symbolic declaration (V2 core test; tie-break rule 3).,T6,10,10,0.77
rectify,to set right,V2,"Action requires symbolic rules or conventions to determine and apply what is ""right"".",T6,10,10,0.77
reminisce,to go over memories,V2,Requires symbolic/linguistic processing of abstract memories; not direct physical or perceptual action.,T6,10,10,0.78
bluster,"noisy, threatening talk or activity",V2,"Meaning involves linguistic/symbolic ""threatening talk"" requiring language and convention.",T6,10,10,0.79
endow,to enrich by gift,V2,"Action requiring social/institutional conventions, language, or legal rules for gifting/enriching (Tie-break 3).",T6,10,10,0.79
undertake,to agree to do,V2,Requires language and social convention; V2 core test (symbolic/rule-governed action).,T6,10,10,0.79
faze,to confuse,V2,Not direct physical/bodily action (P2 test); mental effect typically involves symbolic/cognitive processes.,T6,10,10,0.8
commend,to mention favorably,V2,Requires language/symbols for favorable mention (V2 core test).,T6,10,10,0.81
enlighten,to inform,V2,Symbolic/linguistic action requiring language to convey information; V2 core test.,T6,10,10,0.81
park,to deposit,V2,"Action requires institutional rules (e.g., banking conventions).",T6,10,10,0.82
grace,to favor or honor,V2,Action requiring social conventions and culturally taught procedures (V2 core test).,T6,10,10,0.82
portray,to represent or describe,V2,Symbolic/linguistic action requiring language or representation rules (V2 core test).,T6,10,10,0.82
cover,to be enough for,V2,"Requires judgment of sufficiency involving comparison, often symbolic or quantitative rules, not direct physical action.",T6,10,10,0.82
gauge,to estimate,V2,Requires symbolic judgment or culturally taught approximation procedures (V2 core test).,T6,10,10,0.83
inaugurate,to open formally to the public,V2,"Formal, institutional action requiring social conventions and rules (Tie-break 3).",T6,10,10,0.83
down,to defeat,V2,Action requires rules/conventions of competition to define success (V2 core test).,T6,10,10,0.84
correspond,to exchange letters,V2,Action requiring language and symbolic communication (letters).,T6 ,10,10,0.72
expend,to pay out,V2,"Action requiring symbolic rules, currency, and institutional transaction (V2 core test; tie-break 3).",D ,10,12,0.78
turnover,to think about; consider carefully,V2,"Symbolic mental action requiring language/concepts; core V2 test: depends on culturally taught deliberative procedures, not direct bodily movement.",T6,8,12,0.52
err,to make a mistake,V2,"Requires symbolic rules or conventions for defining ""correctness"" (V2 core test).",T6,12,12,0.58
expire,to come to an end,V2,"Rule-governed process depending on symbolic time systems, agreements, or conventions (V2 core test).",T6,6,12,0.7
graft,to get by unfair or dishonest means,V2,"Action requiring institutional rules, social conventions on fairness/dishonesty (V2 core test).",D,8,13,0.79
commute,to travel to work,V2,Action requires understanding of institutional role (work) and culturally taught routines; not basic physical action alone.,D,8,16,0.65
"tut,tut",an interjection expressing contempt,V2,Symbolic linguistic expression requiring cultural/language convention; core test for V2.,D,,,
spotcash(to),money given to someone immediately,V2,"Requires institutional financial conventions, currency units, and transactional rules.",D,,,
suddendeath,an extra play to break a tie in a game,V2,Rule-governed game procedure requiring institutional rules and conventions.,D,,,
vouchfor,to guarantee,V2,"Action requiring language, symbols, and social/institutional convention (V2 core test).",D,,,
do-si-do,a term used in square dancing,V2,Rule-governed action in formal dance context requiring symbolic calls and procedures.,D ,,,
mind(keepin),to keep in the memory,V2,Requires conceptual/symbolic understanding of 'memory'; not a directly observable bodily movement (P2 core test).,E,,,
adopt,to take as one’s own,V2,Action requiring social convention or institutional rules (ownership).,T2,4,,
quits,called off; finished,V2,"Requires language/symbolic communication to ""call off""; not direct bodily action.",T2,,,
dutch(togo),to pay one’s own way,V2,"Social convention requiring institutional rules and symbols (money, shared payment).",T6,,,
patchup,to settle,V2,"Requires language, negotiation, or social convention (V2 core test).",T6,,,
putwell,to express adequately,V2,Symbolic linguistic action; requires language and culturally taught procedures (V2 core test).,T6,,,
seethrough,to stay with to the end,V2,Action requiring symbolic understanding of persistence and completion; not direct bodily movement (P2 core test).,T6,,,
seethrough,to understand the purpose,V2,"Requires symbolic rules, language, and cognitive inference for understanding abstract purpose (V2 core test).",T6,,,
spellout,to give detailed information,V2,Requires language/symbols for communicating detailed information.,T6,,,
stackup,to compare with,V2,"Symbolic action requiring conceptual rules or judgment, not direct bodily movement.",T6,,,
turnthetables,to turn the situation around,V2,Abstract metaphorical action requiring symbolic/social conventions and rules; V2 core test.,T6,,,
touchupon,mention,V2,Linguistic action requiring language and symbols (V2 core test).,T6,,,
